tree
version=v4
num_class=1
num_tree_per_iteration=1
label_index=0
max_feature_idx=11
objective=regression
feature_names=equipment pickup delivery distance weight market_index quote_signal month day_of_week day_of_year is_weekend distance_x_quote
feature_infos=-1:0:2:1 -1:45:32:5:20:26:51:42:47:7:40:13:56:30:14:3:53:46:34:39:61:58:41:24:38:11:22:2:21:44:0:36:19:12:60:10:27:29:23:50:62:49:9:15:1:25:17:59:28:37:55:6:33:54:48:52:4:43:8:35:18:63:57:31 -1:32:20:7:5:26:45:51:3:47:40:13:14:42:61:56:30:53:46:34:58:38:41:22:39:11:2:44:0:24:19:21:36:10:29:27:60:12:23:49:50:62:17:9:15:1:28:59:25:55:6:33:54:37:4:48:52:43:35:63:57:8:18:16 [70:3439.8000000000002] [5000:47500] [0.67639000000000005:1.4677800000000001] [0.69228000000000001:3.6103499999999999] [1:10] [0:6] [1:304] [0:1] [52.187100000000001:8138.2624599999999]
tree_sizes=5226 5765 5840 5569 5590 5588 5781 5784 5607 5646 5638 5806 5829 5703 5700 5640 5724 5662 5855 5712 5842 5855 5748 5747 5723 5868 5887 5820 5779 5799 5959 5823 5886 5861 5967 5878 5892 5826 5966 5891 5921 5857 5867 6045 6008 5948 5956 5806 5892 6012 5958 5981 6010 5987 6021 5957 5877 6023 6008 5923 6015 5905 5986 5923 5931 6033 6036 6007 6042 5955 6008 5908 5916 5949 6020 6026 5889 5973 5945 6020 6028 5957 6025 5940 5921 6036 6020 5912 6029 5964 6020 5992 5917 5991 5998 5899 6016 6011 6072 5991 5960 5973 6011 6017 5906 6041 6043 5971

Tree=0
num_leaves=63
num_cat=15
split_feature=3 3 3 3 3 3 3 3 3 3 3 3 3 3 3 3 0 0 0 3 0 0 0 0 0 0 0 0 3 3 11 0 3 3 3 11 0 3 3 3 3 3 3 3 3 11 4 3 3 3 3 6 11 11 2 0 6 5 3 6 5 11
split_gain=11308 2020.39 1969.48 453.546 262.579 231.744 200.842 82.2771 79.7876 45.3319 40.6597 30.3368 29.1486 26.5964 23.3641 13.9147 10.7513 9.42836 8.62138 8.21795 7.85727 7.74072 6.91526 6.56399 6.52395 6.37265 6.16807 5.97468 4.72979 4.2499 4.21734 3.96848 3.26394 2.93489 2.92756 2.8059 2.72363 2.57986 2.51091 2.46592 2.36387 2.33958 2.30722 2.22759 2.13188 2.06745 1.8849 1.87633 1.70721 1.58842 1.5291 1.31049 1.21944 1.21861 1.18202 1.10365 1.03268 1.02599 1.01064 1.00689 0.995666 0.953098
threshold=813.6500000000002 396.35000000000008 1474.0500000000002 200.90000000000003 582.85000000000002 2119.9500000000003 1081.1500000000003 141.25000000000003 287.60000000000008 1810.3500000000001 2649.9500000000003 693.75000000000011 492.45000000000005 1278.2500000000002 918.1500000000002 112.45000000000002 0 1 2 337.15000000000003 3 4 5 6 7 8 9 10 247.65000000000001 1601.8500000000001 5120.5068640000009 11 1648.7500000000002 1154.7500000000002 2417.7500000000005 1604.1152730000001 12 971.55000000000007 765.35000000000002 2326.6500000000001 978.10000000000014 1164.4000000000003 431.15000000000003 1374.7500000000002 663.6500000000002 3564.3860135000004 29245.500000000004 457.35000000000008 529.1500000000002 184.45000000000002 3006.2500000000005 1.8219950000000003 2045.1154740000002 1368.9256720000003 13 14 1.8259550000000002 1.2048900000000002 2006.7500000000002 1.7977600000000002 1.1400950000000003 2415.7681210000005
decision_type=2 2 2 2 2 2 2 2 2 2 2 2 2 2 2 2 1 1 1 2 1 1 1 1 1 1 1 1 2 2 2 1 2 2 2 2 1 2 2 2 2 2 2 2 2 2 2 2 2 2 2 2 2 2 9 1 2 2 2 2 2 2
left_child=1 3 6 7 12 9 14 15 28 17 24 23 27 21 22 -1 37 29 45 36 38 33 57 44 34 43 48 47 55 -4 -12 -21 -19 -8 -7 51 -10 -16 60 -26 -18 -23 -29 -15 -6 -11 -22 -3 -14 -9 -32 -25 59 56 -39 -5 -28 -2 -20 -24 -13 -42
right_child=2 4 5 8 11 10 13 49 19 18 30 20 26 25 16 -17 40 32 58 31 46 41 52 35 39 -27 53 42 -30 -31 50 -33 -34 -35 -36 -37 -38 54 -40 -41 61 -43 -44 -45 -46 -47 -48 -49 -50 -51 -52 -53 -54 -55 -56 -57 -58 -59 -60 -61 -62 -63
leaf_value=7.4722504950878976 7.5678832073513576 7.5391854923135373 7.5944394815023735 7.5119267317122373 7.554370004155496 7.6112681604224779 7.5803634127944699 7.5020651103938398 7.5261061513293539 7.6016034707840419 7.6184652059035303 7.5599389526016632 7.5457247652243629 7.5875811325811577 7.5726318435298863 7.4886686747814082 7.5781459048561022 7.6004768375811596 7.6094996326170339 7.5316225851791412 7.5652812490480796 7.5854812912257783 7.5765832351550424 7.5621501871105687 7.6152445922858645 7.5952772206235997 7.5546927856639154 7.5423324157681186 7.5203281804839204 7.5993872385604622 7.6241365926426372 7.5372741356794801 7.6053818434567182 7.5844614390240945 7.616152918132439 7.5674812089615973 7.5313282145874627 7.5731355392791802 7.5649944477109576 7.6202011079227585 7.5814401633099138 7.5895934797027982 7.5471789305771866 7.5918779016568729 7.5585473566228387 7.6064818589680971 7.5690615193448005 7.543209953716592 7.5495405886547777 7.5087752868825639 7.628731354698604 7.5583868480076823 7.5778087965730148 7.5578103646736787 7.5769705719388032 7.517555079098595 7.5510239144424816 7.5708027066720485 7.6127495983981692 7.5725262036533705 7.5631576907725737 7.5860337129476738
leaf_weight=322 969 994 717 461 1096 1290 703 471 739 309 308 665 553 619 728 320 632 754 911 831 523 635 189 375 723 943 372 431 813 1267 956 629 748 1191 522 132 573 253 725 609 788 821 781 646 457 1681 904 551 856 323 461 695 178 138 1142 341 557 440 632 783 410 136
leaf_count=322 969 994 717 461 1096 1290 703 471 739 309 308 665 553 619 728 320 632 754 911 831 523 635 189 375 723 943 372 431 813 1267 956 629 748 1191 522 132 573 253 725 609 788 821 781 646 457 1681 904 551 856 323 461 695 178 138 1142 341 557 440 632 783 410 136
internal_value=7.5731 7.54203 7.59544 7.51814 7.55444 7.6098 7.58097 7.49374 7.52614 7.60398 7.61819 7.5616 7.54626 7.58788 7.57481 7.48029 7.57736 7.59991 7.60798 7.53133 7.56489 7.58506 7.57114 7.55775 7.61476 7.59214 7.55022 7.54271 7.51727 7.59761 7.62441 7.53403 7.60294 7.58294 7.6127 7.56054 7.52835 7.57504 7.5627 7.61754 7.58052 7.58781 7.54543 7.58979 7.55559 7.60574 7.56767 7.5406 7.54802 7.50471 7.62567 7.55969 7.57402 7.55315 7.5763 7.51425 7.55247 7.56879 7.61086 7.57332 7.56116 7.58213
internal_weight=40722 17038 23684 5823 11215 11888 11796 1436 4387 7019 4869 5982 5233 5558 6238 642 3679 3486 3533 2772 3227 3350 2559 2755 3144 2208 2476 2757 1615 1984 1725 1460 1502 1894 1812 1202 1312 2123 1800 1332 1556 1456 1212 1265 1553 1990 1427 1545 1409 794 1417 1070 1150 1067 1395 802 929 1409 1543 972 1075 924
internal_count=40722 17038 23684 5823 11215 11888 11796 1436 4387 7019 4869 5982 5233 5558 6238 642 3679 3486 3533 2772 3227 3350 2559 2755 3144 2208 2476 2757 1615 1984 1725 1460 1502 1894 1812 1202 1312 2123 1800 1332 1556 1456 1212 1265 1553 1990 1427 1545 1409 794 1417 1070 1150 1067 1395 802 929 1409 1543 972 1075 924
cat_boundaries=0 1 2 3 4 5 6 7 8 9 10 11 12 13 15 16
cat_threshold=1 1 1 1 1 1 1 1 1 1 1 1 1 1049096 67195136 1
is_linear=0
shrinkage=1


Tree=1
num_leaves=63
num_cat=1
split_feature=3 3 3 3 3 3 3 3 3 3 3 3 3 3 3 3 3 3 3 11 11 11 3 3 11 6 6 11 6 11 11 11 6 6 6 6 3 3 3 3 11 11 6 3 11 4 3 3 6 11 6 2 11 6 9 11 9 4 6 6 3 9
split_gain=10207.3 1823.84 1777.67 409.52 237.019 209.258 181.656 74.2933 72.0327 45.657 32.339 28.9312 27.3831 26.3068 16.3749 12.5619 7.4583 6.5595 5.47972 5.16873 5.08299 4.56157 4.30898 4.27595 4.26506 4.49724 4.11901 4.10427 4.41308 3.80101 3.63598 3.13569 5.04412 3.07145 2.46131 2.45849 2.32323 2.01427 1.96614 1.87542 1.68801 1.61951 2.50939 1.6173 1.52831 1.45398 1.43075 1.38351 1.34091 1.27892 1.26157 1.25614 1.22019 1.17271 1.13869 1.32637 1.08175 1.06863 1.02234 0.991116 0.980775 0.97788
threshold=813.6500000000002 396.35000000000008 1474.0500000000002 200.90000000000003 582.85000000000002 2153.6500000000005 1055.6500000000003 141.25000000000003 287.60000000000008 1810.3500000000001 2649.9500000000003 1253.5500000000002 693.75000000000011 492.45000000000005 918.1500000000002 112.45000000000002 343.25000000000006 1601.8500000000001 1145.2500000000002 1504.1063565000002 4295.1002685000012 3650.4065330000003 1344.0000000000002 247.65000000000001 1757.9494400000003 1.8866950000000002 1.8442800000000001 1109.2778770000002 1.7575350000000003 5120.5068640000009 2235.0708075000002 1252.4103800000003 1.8259550000000002 2.2960300000000005 2.4880750000000007 1.7930600000000003 2417.7500000000005 742.85000000000002 978.10000000000014 1935.6000000000001 1629.8202150000004 798.15376500000013 1.5791600000000001 451.55000000000007 1380.7351210000002 28454.500000000004 184.45000000000002 3006.2500000000005 2.2414750000000008 1011.6315275000002 1.6253450000000003 0 2510.3698490000006 1.7679250000000002 83.500000000000014 2790.0131180000003 98.500000000000014 21490.000000000004 1.9884350000000002 2.6306300000000005 462.35000000000008 69.500000000000014
decision_type=2 2 2 2 2 2 2 2 2 2 2 2 2 2 2 2 2 2 2 2 2 2 2 2 2 2 2 2 2 2 2 2 2 2 2 2 2 2 2 2 2 2 2 2 2 2 2 2 2 2 2 9 2 2 2 2 2 2 2 2 2 2
left_child=1 3 6 7 13 9 14 15 23 17 20 18 19 27 33 -1 41 61 52 26 -7 -11 -13 -5 25 -14 -6 28 43 -12 38 32 -15 35 50 -2 48 40 -16 -23 -27 42 -10 -3 56 -19 -9 -31 -22 60 -18 -37 -8 -40 55 -24 -28 -32 -58 -21 -30 -4
right_child=2 4 5 8 12 10 11 46 16 21 29 22 24 31 30 -17 34 45 -20 59 36 39 54 -25 -26 37 44 -29 49 47 57 -33 -34 -35 -36 51 -38 -39 53 -41 -42 -43 -44 -45 -46 -47 -48 -49 -50 -51 -52 -53 -54 -55 -56 -57 58 -59 -60 -61 -62 -63
leaf_value=-0.095879719514780373 0.0027256479141377341 -0.028049365208362754 0.019674219616821836 -0.055974125907817862 -0.011443295101295327 0.03532528487722511 0.0079340565831791006 -0.067547748217327619 -0.03836474466799783 0.029075524081022316 0.043047203361071817 0.015165395778412133 -0.0048497979169821251 -0.018323419593202259 0.0013898306697513918 -0.080279994010925296 -0.033326048061654373 0.025146515931412868 0.012346582560781603 -0.0098651163025761934 0.040610522886668735 0.03191617908742693 0.014188470588911565 -0.050193547125200966 -0.0028976194012771037 -0.012360420548066032 -0.01965044501554835 -0.02410876039042158 -0.03288955135070834 0.048430353430559125 -0.00050431683171504686 -0.018056085844875867 -0.024183508824159903 0.0026002918985063954 -0.031448498684140395 -0.0042045104850169076 0.043278058466567598 -0.008295353542991003 0.010003546908309189 0.03491076774530829 -0.0065991119328367561 -0.038515495409266208 -0.044700865941709494 -0.022271919823109325 -0.014470536678646157 0.028080805372626125 -0.061175484964509065 0.052798726238729637 0.036304178162359861 -0.028615013733800695 -0.038796399962822248 -0.0016383624504619097 0.012875939267188578 0.0037118305716104466 0.020339686268075245 0.020106600247896636 -0.014618142288965739 0.0082302803217520031 -0.018358974032027207 -0.00050586102879606192 -0.028905380756821315 0.023292594054096834
leaf_weight=322 198 367 293 802 506 551 1462 471 262 584 308 1092 648 514 1351 320 184 778 1921 336 1045 899 217 813 384 767 454 408 967 956 38 481 1481 327 216 1135 873 1271 78 2371 157 328 887 228 621 1453 323 461 354 505 895 899 139 1301 1015 194 420 429 387 31 282 962
leaf_count=322 198 367 293 802 506 551 1462 471 262 584 308 1092 648 514 1351 320 184 778 1921 336 1045 899 217 813 384 767 454 408 967 956 38 481 1481 327 216 1135 873 1271 78 2371 157 328 887 228 621 1453 323 461 354 505 895 899 139 1301 1015 194 420 429 387 31 282 962
internal_value=-6.17165e-05 -0.0295748 0.02117 -0.0522758 -0.0177845 0.0348145 0.00741736 -0.0754645 -0.04467 0.0295839 0.0432477 0.0134738 -0.0109831 -0.0255558 0.00106088 -0.0882411 -0.0397429 0.0254183 0.0105422 -0.014645 0.0399048 0.0333443 0.0175684 -0.053097 -0.00785324 -0.00852133 -0.0154964 -0.0289265 -0.0297527 0.048692 0.00344637 -0.0217923 -0.0226836 -0.00191952 -0.0368451 -0.00258257 0.0409994 -0.00960253 0.00274703 0.0340975 -0.0113897 -0.042257 -0.0432907 -0.0258766 -0.0165795 0.0270693 -0.0650357 0.0498878 0.0395476 -0.0310521 -0.0378953 -0.00310038 0.00837088 0.0040747 0.0193966 0.017024 -0.0176058 0.00751998 -0.0164326 -0.00907808 -0.0320138 0.0224642
internal_weight=40722 17038 23684 5823 11215 11888 11796 1436 4387 7340 4548 6040 5982 5233 5756 642 2772 3486 3522 2755 2823 3854 2518 1615 3227 2843 2388 2757 2349 1725 3197 2476 1995 2559 1295 2232 2272 2195 2730 3270 924 1477 1149 595 1882 2231 794 1417 1399 1754 1079 2034 1601 1379 1426 411 1261 467 807 367 1249 1255
internal_count=40722 17038 23684 5823 11215 11888 11796 1436 4387 7340 4548 6040 5982 5233 5756 642 2772 3486 3522 2755 2823 3854 2518 1615 3227 2843 2388 2757 2349 1725 3197 2476 1995 2559 1295 2232 2272 2195 2730 3270 924 1477 1149 595 1882 2231 794 1417 1399 1754 1079 2034 1601 1379 1426 411 1261 467 807 367 1249 1255
cat_boundaries=0 2
cat_threshold=1825719461 2541781985
is_linear=0
shrinkage=0.05


Tree=2
num_leaves=63
num_cat=51
split_feature=6 6 1 2 2 1 1 2 6 6 2 2 0 2 7 1 7 0 9 1 0 1 6 2 1 1 2 0 2 2 1 0 6 2 1 2 1 2 1 2 1 1 6 2 1 2 2 1 1 2 2 2 2 9 2 1 1 1 2 2 1 0
split_gain=1677.65 1679.71 1129.63 2320.58 425.724 252.619 192.93 700.723 173.751 157.042 133.546 122.232 99.6128 81.6719 81.1458 60.7254 57.3575 54.8612 54.169 51.373 48.1129 45.5334 42.3254 40.3789 74.9916 57.2677 39.9981 39.8517 35.5439 34.8727 67.6758 31.6145 31.384 30.0928 29.5983 29.0313 32.5628 28.8728 30.9194 28.8444 28.5753 27.3306 23.6509 23.5134 28.2877 52.5731 33.5212 50.4589 26.6147 29.7434 21.8947 20.0854 19.0799 18.1986 17.8435 17.1298 16.784 16.0634 73.3126 28.6917 15.8117 15.5469
threshold=2.4552850000000004 1.6389900000000004 0 1 2 3 4 5 2.7157850000000008 1.5108450000000002 6 7 8 9 3.5000000000000004 10 3.5000000000000004 11 77.500000000000014 12 13 14 1.2642050000000002 15 16 17 18 19 20 21 22 23 2.9286050000000006 24 25 26 27 28 29 30 31 32 2.5307100000000005 33 34 35 36 37 38 39 40 41 42 84.500000000000014 43 44 45 46 47 48 49 50
decision_type=2 2 9 9 9 9 9 9 2 2 9 9 1 9 2 9 2 1 2 9 1 9 2 9 9 9 9 1 9 9 9 1 2 9 9 9 9 9 9 9 9 9 2 9 9 9 9 9 9 9 9 9 9 2 9 9 9 9 9 9 9 1
left_child=1 9 6 11 5 26 7 50 12 17 19 21 16 -9 -11 -7 -2 -1 -14 28 43 -4 -19 24 -21 51 -5 -16 -6 30 37 -10 53 -15 -13 36 -22 -12 -39 -32 -37 -41 -18 48 45 -45 47 -46 52 -50 -3 -25 -8 -33 -23 -51 -56 59 -59 -48 -28 -31
right_child=8 2 3 4 10 15 20 13 31 14 29 34 18 33 27 -17 42 22 -20 23 35 54 -24 25 -26 -27 60 -29 -30 61 39 32 -34 -35 -36 40 -38 38 -40 41 -42 -43 -44 44 46 -47 57 -49 49 55 -52 -53 -54 -55 56 -57 -58 58 -60 -61 -62 -63
leaf_value=-0.064989739939028193 -0.060277633292860879 -0.009213978668999501 0.025099352443788542 -0.022070610297109505 0.011740550293956599 -0.0038792118757106976 -0.011715153741009045 0.042291753554128481 -0.072060382426127625 0.034448381055865375 0.00076620994278414796 0.024105767801803551 -0.032861870082361355 0.015594013335877403 -0.039768505205472864 -0.015138719416014496 -0.019293402130906918 -0.059036585576832293 -0.012996059141443842 0.0074937133586250385 0.035457951054060917 0.016577249343989773 -0.035135031710819824 -0.0027288276986736394 -0.014921210333881982 -0.0075670504402667359 -0.027394321824172587 -0.01962220775103837 -0.011395737420297531 0.0043141383908870323 -0.010114285619899736 -0.052663050911813503 -0.061207114715697397 0.030087651805682836 0.035583396292402834 0.0259126538784476 0.015294258662715624 -0.0067113634514745614 -0.031231234453781676 0.018760295801050542 0.010403667151969843 0.0029620574262131764 -0.042772943423503011 -0.0063141316387336707 -0.010171969027336067 0.020457265815328914 0.017254284822553312 0.029503425375352638 -0.00026861677160009914 0.010297076145520176 -0.028511385170507844 -0.026406708080420158 0.015087965880774063 -0.032731517188893722 -0.013900531293235392 0.036847879831904289 0.0072116601749439724 -0.026944603036556925 0.0043786482282712888 -0.0016705140229386576 -0.039273507179485433 0.012187392114659778
leaf_weight=394 278 278 846 1731 473 2112 111 1615 173 56 286 983 524 524 384 2831 218 269 998 703 433 431 622 115 774 1225 880 690 243 1527 234 190 294 2271 2760 389 479 280 263 430 1443 758 216 239 112 767 337 256 111 112 413 904 136 312 108 291 449 234 779 474 889 1065
leaf_count=394 278 278 846 1731 473 2112 111 1615 173 56 286 983 524 524 384 2831 218 269 998 703 433 431 622 115 774 1225 880 690 243 1527 234 190 294 2271 2760 389 479 280 263 430 1443 758 216 239 112 767 337 256 111 112 413 904 136 312 108 291 449 234 779 474 889 1065
internal_value=-5.91549e-05 0.00290643 0.00568168 -0.000706001 -0.00955908 -0.0176794 0.0182745 0.0256294 -0.0347872 -0.0374198 -0.00215902 0.0273914 -0.0270962 0.032972 -0.0237898 -0.0103472 -0.0425308 -0.0493779 -0.0198526 -0.00841582 0.0126445 0.0165314 -0.0424092 -0.0107775 -0.00427597 -0.015015 -0.0279697 -0.0268556 0.00383481 0.00357933 -0.000976874 -0.0524724 -0.0481301 0.0274422 0.0326486 0.0177521 0.0251761 -0.0122414 -0.0189718 0.00563371 0.0138318 0.00879993 -0.0310505 0.00913283 0.00717217 0.0140976 0.00393929 0.0174835 0.0170343 0.0235463 -0.0210138 -0.0237922 0.00305691 -0.040365 0.00899934 0.0299386 0.00292817 0.00111825 -0.00306865 0.00631909 -0.0335699 0.00752354
internal_weight=40722 37519 35104 23300 17723 8443 11804 5101 3203 2415 9280 5577 2234 4410 1130 4943 712 1285 1522 4437 6703 1834 891 3721 1477 2244 3500 1074 716 4843 2251 969 796 2795 3743 2744 912 829 543 1422 1832 1188 434 3959 3198 1006 2192 368 761 514 691 1019 247 502 988 403 557 1824 1013 811 1769 2592
internal_count=40722 37519 35104 23300 17723 8443 11804 5101 3203 2415 9280 5577 2234 4410 1130 4943 712 1285 1522 4437 6703 1834 891 3721 1477 2244 3500 1074 716 4843 2251 969 796 2795 3743 2744 912 829 543 1422 1832 1188 434 3959 3198 1006 2192 368 761 514 691 1019 247 502 988 403 557 1824 1013 811 1769 2592
cat_boundaries=0 2 4 6 8 10 12 14 16 17 19 21 22 24 25 27 29 31 33 35 36 38 40 42 43 45 47 49 51 52 54 55 57 59 61 63 65 67 69 71 73 75 77 79 80 82 84 86 88 90 92 93
cat_threshold=2217247351 544571412 2621494 542408724 1901492488 310380521 1897033992 310380009 2149580832 541360132 2621478 542408708 41944192 3439986690 524310 16 1 654331457 2492157952 134217856 1140879360 1 142606464 1090529282 1 64375808 2483703809 128 1224738816 39062528 2483703840 55976960 2483703809 1615071232 310379296 1 33555456 2215247872 201392192 20480 51661824 2492088321 1 98320 1075847184 1207959680 1124083818 69730918 559411220 67142209 65536 134283328 1327104 276824065 134283264 524290 1048576 134217856 1224747266 2916353 542478340 524294 1048576 134217908 1092626448 134217910 2105360 32784 2097168 524310 1048576 1 69632 6 4456448 0 2 2621440 537133060 524290 0 2097168 134217856 1090529280 32784 2097168 100666880 336216064 131223104 336216064 1611661568 310378784 1
is_linear=0
shrinkage=0.05


Tree=3
num_leaves=63
num_cat=18
split_feature=3 3 3 3 3 3 3 3 3 3 3 3 3 3 3 0 3 0 0 3 0 0 0 0 0 0 0 0 0 3 0 3 3 3 3 3 3 3 3 3 4 3 3 0 1 5 3 1 3 9 2 4 3 3 3 3 4 0 3 9 4 3
split_gain=8484.82 1542.11 1459.19 344.911 203.219 174.612 148.302 81.7409 42.4171 40.8276 27.1228 23.5234 22.1922 18.3187 13.3178 9.41691 8.85673 8.29689 7.85393 7.78304 7.74957 6.64214 6.16361 6.05733 5.79982 5.50664 5.23731 4.2403 3.65909 3.16682 3.14277 3.13172 3.03056 2.63725 2.4488 2.40377 2.10713 2.0925 2.0403 1.8538 1.77721 1.73913 1.66517 1.64005 1.34816 1.33816 1.28311 1.12871 1.12347 1.10937 1.03326 1.02165 1.01728 1.01102 0.988327 0.987574 0.95829 0.951262 0.950122 0.8521 0.954023 0.844215
threshold=813.6500000000002 396.35000000000008 1474.0500000000002 184.45000000000002 569.1500000000002 2212.9500000000003 1055.6500000000003 287.60000000000008 1810.3500000000001 112.45000000000002 687.75000000000011 1278.2500000000002 2649.9500000000003 473.35000000000008 918.1500000000002 0 141.25000000000003 1 2 229.30000000000004 3 4 5 6 7 8 9 10 11 1154.7500000000002 12 326.95000000000005 1601.8500000000001 343.25000000000006 1648.7500000000002 1145.2500000000002 742.85000000000002 2032.5500000000002 623.75000000000011 529.1500000000002 29245.500000000004 2006.7500000000002 1374.7500000000002 13 14 1.1432950000000004 431.15000000000003 15 2939.9500000000003 75.500000000000014 16 28808.500000000004 3006.2500000000005 523.75000000000011 2354.9000000000005 964.6500000000002 29069.500000000004 17 2417.7500000000005 69.500000000000014 26785.500000000004 421.85000000000008
decision_type=2 2 2 2 2 2 2 2 2 2 2 2 2 2 2 1 2 1 1 2 1 1 1 1 1 1 1 1 1 2 1 2 2 2 2 2 2 2 2 2 2 2 2 1 9 2 2 9 2 2 9 2 2 2 2 2 2 1 2 2 2 2
left_child=1 3 6 9 13 8 14 19 17 -1 23 20 28 27 24 37 -11 32 44 43 29 36 31 38 47 42 39 61 58 -8 52 -9 -4 -24 59 -22 -12 -10 -6 -15 -23 -17 -13 -5 -16 -25 -29 -2 -32 -20 -26 -38 -14 -28 -30 -51 -33 -21 -7 60 -19 -3
right_child=2 4 5 7 10 12 11 22 15 16 21 25 30 26 18 41 -18 34 49 57 35 40 33 45 50 -27 53 46 54 -31 48 56 -34 -35 -36 -37 51 -39 -40 -41 -42 -43 -44 -45 -46 -47 -48 -49 -50 55 -52 -53 -54 -55 -56 -57 -58 -59 -60 -61 -62 -63
leaf_value=-0.088183578664304318 -0.0055006697280550951 -0.031414456595730854 0.018322314544059439 -0.056468041456022938 -0.017773523962065434 0.033685278129462461 0.0058432832211861921 -0.041874790146918951 0.027074815742201302 -0.073484524666705978 -0.011044987635641115 0.012336499476504904 0.040978646709785599 -0.02452181050646262 -0.00059469545652698333 0.031537198522046526 -0.061693023047331035 0.013110283571620321 0.003573753475256613 -0.048702772557969738 0.010254515378421109 -0.0069155525347874072 -0.035878857583825634 -0.012403304432191689 -0.00094621008582504874 0.019338699482318204 -0.019857826570201714 -0.026734995969605671 0.037065708780080926 0.009697500011108617 0.045076955144759269 -0.039163051564872112 0.022504294287613139 -0.030802938578916451 0.028107715902404892 0.014149089495258373 -0.0097714090214527042 0.030227814447336465 -0.014137318905378725 -0.020796832453321531 -0.003337518649702503 0.034949482884644473 0.01604984008478234 -0.050548151076360737 0.0021790919080768014 -0.0090087001240509428 -0.022792268320654813 -0.002487080224919112 0.05042510359927959 0.0048887996325495987 0.0021537180400072195 -0.0065089566814232371 0.04576425274058539 -0.016693062081018038 0.041080339678891881 0.0081377589839961104 -0.035237859666438782 -0.044666244859792412 0.03703657326005385 0.024776078429487019 0.022590269269169988 -0.028041916148395626
leaf_weight=322 557 362 717 429 716 827 977 532 1346 320 811 619 714 826 703 911 471 42 322 635 703 549 643 782 415 943 572 431 458 1191 479 386 1267 559 748 961 375 1107 927 674 952 963 646 371 1146 488 565 852 276 375 735 706 256 569 543 651 652 503 522 602 110 910
leaf_count=322 557 362 717 429 716 827 977 532 1346 320 811 619 714 826 703 911 471 42 322 635 703 549 643 782 415 943 572 431 458 1191 479 386 1267 559 748 961 375 1107 927 674 952 963 646 371 1146 488 565 852 276 375 735 706 256 569 543 651 652 503 522 602 110 910
internal_value=-5.51002e-05 -0.0269631 0.0193025 -0.0478373 -0.0161215 0.0316644 0.00684251 -0.0419047 0.0272805 -0.0728823 -0.0101805 0.0123147 0.0400609 -0.0237496 0.00109915 0.0305951 -0.06655 0.0231588 0.00325045 -0.049805 0.00994124 -0.00713866 -0.0363654 -0.01372 -0.00158873 0.0164276 -0.0208974 -0.0270602 0.0368449 0.00796411 0.0444182 -0.0385014 0.021003 -0.0335458 0.0259906 0.0125109 -0.00910957 0.0285095 -0.0157318 -0.022863 -0.00464994 0.0333084 0.014244 -0.0537892 0.0011333 -0.011107 -0.0245235 -0.00373811 0.0470962 0.00615147 0.00104569 -0.00764869 0.0422875 -0.0182956 0.0392823 0.00695619 -0.0367338 -0.0469594 0.0350085 0.0238559 0.0200736 -0.0290256
internal_weight=40722 17038 23684 5823 11215 11888 11796 4710 7813 1113 6306 6040 4075 4909 5756 4327 791 3486 3197 1938 3832 3393 2772 2913 2559 2208 2641 2268 2350 2168 1725 1570 1984 1202 1502 1664 1892 2453 1643 1500 1501 1874 1265 800 1849 1270 996 1409 755 1348 1150 1081 970 1141 1001 1026 1038 1138 1349 754 152 1272
internal_count=40722 17038 23684 5823 11215 11888 11796 4710 7813 1113 6306 6040 4075 4909 5756 4327 791 3486 3197 1938 3832 3393 2772 2913 2559 2208 2641 2268 2350 2168 1725 1570 1984 1202 1502 1664 1892 2453 1643 1500 1501 1874 1265 800 1849 1270 996 1409 755 1348 1150 1081 970 1141 1001 1026 1038 1138 1349 754 152 1272
cat_boundaries=0 1 2 3 4 5 6 7 8 9 10 11 12 13 14 16 18 20 21
cat_threshold=1 1 1 1 1 1 1 1 1 1 1 1 1 1 490867393 1048793120 72505697 2248806945 650265953 394838049 1
is_linear=0
shrinkage=0.05


Tree=4
num_leaves=63
num_cat=15
split_feature=3 3 3 3 3 3 3 3 3 3 3 3 3 3 3 3 0 0 0 3 0 0 0 3 0 0 0 0 11 0 11 11 0 3 0 11 3 11 3 3 3 3 3 3 11 4 3 0 11 11 3 9 6 3 0 11 3 6 6 9 4 4
split_gain=7659.11 1414.77 1293.15 311.408 190.521 155.141 136.942 73.7928 36.8657 27.2048 21.896 21.2553 20.6291 20.1463 18.8902 8.00117 7.81765 7.80198 7.09644 7.0303 6.99063 6.40885 5.76959 5.57289 5.34745 4.83598 4.39369 4.11274 3.86993 2.96696 2.50482 2.23396 2.19992 2.07949 2.05501 1.90781 1.8899 1.86903 1.84187 1.81024 1.8004 1.78536 1.74252 1.70311 1.70218 1.66649 1.49383 1.47967 1.47032 1.33797 1.31557 1.30324 1.25757 1.08544 1.04437 1.01434 0.971551 0.962097 0.957025 0.865678 0.849306 0.841194
threshold=818.75000000000011 396.35000000000008 1528.6500000000003 184.45000000000002 582.85000000000002 1106.6500000000003 2212.9500000000003 287.60000000000008 112.45000000000002 1841.8500000000001 700.25000000000011 1344.0000000000002 499.55000000000007 2727.2500000000005 971.55000000000007 141.25000000000003 0 1 2 229.30000000000004 3 4 5 337.15000000000003 6 7 8 9 4447.2661710000002 10 1604.1152730000001 3680.2868060000005 11 2384.9000000000005 12 2491.5576895000008 431.15000000000003 717.98283600000002 663.6500000000002 765.35000000000002 1211.6500000000003 902.45000000000016 457.35000000000008 1703.4500000000003 2088.7126575000007 31124.500000000004 1716.7500000000002 13 2790.0131180000003 2454.7386885000005 1047.8000000000004 84.500000000000014 1.7788650000000001 529.1500000000002 14 1368.9256720000003 87.250000000000014 1.9393950000000002 1.7735150000000002 69.500000000000014 33299.500000000007 30477.500000000004
decision_type=2 2 2 2 2 2 2 2 2 2 2 2 2 2 2 2 1 1 1 2 1 1 1 2 1 1 1 1 2 1 2 2 1 2 1 2 2 2 2 2 2 2 2 2 2 2 2 1 2 2 2 2 2 2 1 2 2 2 2 2 2 2
left_child=1 3 5 8 12 14 9 19 56 20 24 18 25 28 16 -10 41 31 35 47 43 50 39 32 38 42 53 48 -8 -25 52 -11 -9 -30 -15 -7 -27 -21 -6 59 -20 -2 -3 60 57 -24 -22 -5 -13 -23 -16 -19 -26 -14 -35 58 -1 -18 -28 -12 -4 -43
right_child=2 4 6 7 10 11 13 23 15 17 22 27 26 34 21 -17 44 51 40 37 46 49 45 29 30 36 55 -29 33 -31 -32 -33 -34 54 -36 -37 -38 -39 -40 -41 -42 61 -44 -45 -46 -47 -48 -49 -50 -51 -52 -53 -54 -55 -56 -57 -58 -59 -60 -61 -62 -63
leaf_value=-0.088824688123934195 -0.0037077046296922671 -0.028195773596739627 0.018121580429089609 -0.053651206139475105 -0.015409147473851881 0.0075744414531728425 0.031703681828667278 -0.038986511081457141 -0.069821744047778425 0.023821734798836539 -0.012386205953695115 0.012582133024761142 -0.022642295699762671 0.040937106837244601 0.001943299677950336 -0.058614908576887739 0.0030487146491033354 0.029373239782202711 0.011709171374675351 -0.045401646579040195 0.024302378557260754 0.0071627856626169974 -0.0057609162426693295 -0.034395670591710281 -0.0079694779607511704 -0.025401340407767783 -0.014264366066051743 0.019976066383862009 0.034339085987170441 -0.029537568492075755 -0.0039495637329916159 0.028124517923427062 -0.034377201839969965 0.036235304588967183 0.045416335403277545 0.010638141171173291 -0.021122987665253612 -0.03749580187957828 -0.011771363585254326 -0.0064499343032294919 0.015163300506093286 -0.0024406605858766262 -0.024603430115259613 0.022722526068247637 0.0055894070192306919 -0.0023356498758435973 0.027938672139119075 -0.048027537366555587 0.016558428744522409 0.012153156395930394 0.0048407322462983848 0.032863804660797503 -0.011761188423629887 -0.019396746585465089 0.039847459901301639 -0.011898382838895855 -0.078034384898935105 0.00031458648103236786 -0.017969678279820024 -0.0088170992151764323 0.021401486505785258 0.0006325048618029956
leaf_weight=164 1151 994 573 429 1096 1070 602 739 320 418 230 350 455 781 1040 471 551 488 748 1020 823 1060 675 831 314 431 294 877 822 629 158 1861 573 657 626 998 845 118 542 811 824 400 649 823 306 753 557 371 838 156 630 1241 807 856 587 138 158 772 571 760 390 500
leaf_count=164 1151 994 573 429 1096 1070 602 739 320 418 230 350 455 781 1040 471 551 488 748 1020 823 1060 675 831 314 431 294 877 822 629 158 1861 573 657 626 998 845 118 542 811 824 400 649 823 306 753 557 371 838 156 630 1241 807 856 587 138 158 772 571 760 390 500
internal_value=-5.26608e-05 -0.0254074 0.0184915 -0.0454506 -0.0151476 0.00726545 0.0307358 -0.0398136 -0.0692483 0.0265697 -0.00917536 0.0132961 -0.0221587 0.0380619 0.00202439 -0.0632311 -0.000350742 0.0293164 0.0109914 -0.0473199 0.0230843 0.00505204 -0.00633555 -0.0345505 -0.0123157 -0.0249625 -0.0186127 0.0173513 0.0354633 -0.0323243 -0.0098761 0.0273461 -0.0370012 0.0365429 0.0429608 0.00905739 -0.0225869 -0.0446155 -0.0142134 -0.00821774 0.0135282 -0.00240404 -0.0267926 0.020981 0.00223436 -0.00395763 0.0257892 -0.0511064 0.0153985 0.00781246 0.00303859 0.0318962 -0.0107072 -0.0205396 0.0379704 -0.0160762 -0.0837881 0.00145473 -0.0167282 -0.00965795 0.0194707 -0.000734539
internal_weight=40722 17202 23520 5823 11379 12271 11249 4710 1113 7174 6146 5705 5233 4075 6566 791 3680 4008 3640 1938 3166 2886 3229 2772 2917 2919 2314 2065 2668 1460 1279 2279 1312 2066 1407 2068 1276 1138 1638 1801 1572 2051 1643 1786 1629 1428 1380 800 1188 1216 1670 1729 1121 1311 1244 1003 322 1323 865 990 963 900
internal_count=40722 17202 23520 5823 11379 12271 11249 4710 1113 7174 6146 5705 5233 4075 6566 791 3680 4008 3640 1938 3166 2886 3229 2772 2917 2919 2314 2065 2668 1460 1279 2279 1312 2066 1407 2068 1276 1138 1638 1801 1572 2051 1643 1786 1629 1428 1380 800 1188 1216 1670 1729 1121 1311 1244 1003 322 1323 865 990 963 900
cat_boundaries=0 1 2 3 4 5 6 7 8 9 10 11 12 13 14 15
cat_threshold=1 1 1 1 1 1 1 1 1 1 1 1 1 1 1
is_linear=0
shrinkage=0.05


Tree=5
num_leaves=63
num_cat=16
split_feature=3 3 3 3 3 3 3 3 3 3 3 3 3 3 3 0 0 0 3 0 3 0 0 3 0 0 0 3 0 0 0 3 3 3 6 3 0 3 1 0 3 3 3 3 6 6 3 3 6 9 6 6 9 3 3 3 3 6 6 2 6 6
split_gain=6929.76 1270.34 1193.65 274.039 157.438 139.454 139.236 51.2918 42.1386 25.3642 25.3544 22.4113 18.5841 18.0633 15.0281 6.81207 6.41308 6.38631 6.32149 6.0834 5.77402 5.50819 5.18154 5.01802 4.73522 4.49101 4.36355 4.33384 4.13561 3.79735 2.8315 2.38836 2.07129 1.92489 1.92217 1.71108 1.63179 1.59177 1.58057 1.44708 1.43219 1.42452 1.41556 1.39702 1.34159 1.77438 1.25904 1.25119 1.24622 1.23794 1.216 1.20809 1.18988 1.16989 1.14532 1.13848 1.13436 1.13258 1.03347 1.00448 0.959975 1.77898
threshold=794.95000000000016 1486.3500000000001 388.85000000000008 193.35000000000005 569.1500000000002 1106.6500000000003 2119.9500000000003 287.60000000000008 128.25000000000003 2561.5000000000005 1778.3500000000001 945.25000000000011 457.35000000000008 676.25000000000011 1278.2500000000002 0 1 2 87.250000000000014 3 161.75000000000003 4 5 229.30000000000004 6 7 8 2939.9500000000003 9 10 11 326.95000000000005 512.95000000000016 1039.7500000000002 2.4660000000000006 1601.8500000000001 12 499.55000000000007 13 14 1887.2500000000002 859.55000000000007 337.15000000000003 1391.1000000000001 2.4084050000000006 1.8021350000000003 742.85000000000002 416.65000000000003 2.4159700000000002 69.500000000000014 1.9278950000000001 1.7263350000000002 81.500000000000014 1648.7500000000002 2326.6500000000001 1017.2500000000001 623.75000000000011 1.8328100000000001 1.8623350000000001 15 1.5360550000000004 2.5307100000000005
decision_type=2 2 2 2 2 2 2 2 2 2 2 2 2 2 2 1 1 1 2 1 2 1 1 2 1 1 1 2 1 1 1 2 2 2 2 2 1 2 9 1 2 2 2 2 2 2 2 2 2 2 2 2 2 2 2 2 2 2 2 9 2 2
left_child=2 5 3 8 12 11 10 23 18 28 16 19 30 24 25 40 35 33 -1 38 -10 46 32 39 56 50 31 36 -8 43 47 -9 57 59 51 -3 -11 -24 -2 -5 -12 -21 -28 -16 45 -23 -15 -4 55 -31 -7 -26 -27 -18 -30 -19 -6 -14 -42 -13 -25 -62
right_child=1 6 4 7 13 14 9 26 20 27 15 17 22 21 29 -17 53 48 -20 41 -22 44 37 60 34 52 42 -29 54 49 -32 -33 -34 -35 -36 -37 -38 -39 -40 -41 58 -43 -44 -45 -46 -47 -48 -49 -50 -51 -52 -53 -54 -55 -56 -57 -58 -59 -60 -61 61 -63
leaf_value=-0.084716455762585019 -0.0048981413643711565 0.016584917025737441 -0.029966996231659212 -0.050524776535777138 -0.016123873428024096 0.0051863933749200022 0.030402219937730936 -0.037936082639784187 -0.062428233338143881 0.036066862576986804 0.022735203288919561 -0.0015220868391433735 -0.018424509310010655 -0.010225619146163779 0.011702312303075731 0.029293897424208615 0.021820704560185322 0.004922169921019238 -0.070769459013194772 -0.00057548290140056497 -0.052818075073941033 -0.0022860330001348759 -0.0192595708668232 -0.038117135929113088 -0.0077962811870424843 0.0092855750829968827 -0.032618147533544355 0.04309719523383005 0.032922031817353724 0.01408389688450463 -0.023362552170451967 -0.033306165950527357 -0.019458951822622798 0.0045327524353761866 -0.0052814460940884822 0.019959359415368513 0.040049753578677405 -0.015564129252930365 -0.0019765251812940417 -0.044406883642077448 0.023309703148030617 0.0023428164439845225 -0.028627439255239293 0.01497350224439775 -0.0011745024009104344 -0.0066451975811860284 -0.0075318404572538248 -0.025994397206596156 0.012085519093447008 0.018352145284643833 0.0086228416524047908 -0.0121446089327854 0.012854796848309938 0.02508598776916281 0.036641885234215826 0.0078116756782570075 -0.013234496991095744 -0.023894092102331677 0.026675000494834802 0.0019777828278545683 -0.044632580222899038 -0.038907508799520728
leaf_weight=167 768 653 373 371 724 326 1651 529 316 810 614 246 133 976 716 1688 680 692 323 797 480 321 499 219 213 331 567 640 736 244 853 915 932 727 164 1072 606 832 1284 274 384 878 556 656 215 869 816 715 103 778 1337 746 929 623 484 689 736 695 1127 1080 640 273
leaf_count=167 768 653 373 371 724 326 1651 529 316 810 614 246 133 976 716 1688 680 692 323 797 480 321 499 219 213 331 567 640 736 244 853 915 932 727 164 1072 606 832 1284 274 384 878 556 656 215 869 816 715 103 778 1337 746 929 623 484 689 736 695 1127 1080 640 273
internal_value=4.02557e-05 0.016975 -0.0250379 -0.0437058 -0.0153141 0.00592874 0.0287828 -0.037687 -0.0639914 0.0351958 0.0241596 0.00142454 -0.0217803 -0.00968181 0.0120809 0.0268807 0.0207252 0.00427486 -0.0756857 -0.00128089 -0.0567067 -0.00716543 -0.0193561 -0.0442424 -0.0127924 0.00966863 -0.0331336 0.039468 0.0321237 0.0150209 -0.0256289 -0.0350274 -0.0211552 0.00246662 -0.0103308 0.0186923 0.0377985 -0.016963 -0.00310533 -0.0479986 0.024951 0.000954714 -0.0306696 0.0132761 -0.00481587 -0.00547223 -0.00900387 -0.0273826 0.00677307 0.0173479 0.00795271 -0.0111879 0.0119253 0.0234 0.0344266 0.00636839 -0.0146774 -0.0230388 0.0258357 0.00133126 -0.0420617 -0.0429651
internal_weight=40791 24349 16442 5630 10812 12581 11768 4344 1286 4927 6841 7264 5032 5780 5317 3813 3028 3537 490 3727 796 3197 3091 1777 2583 2923 2567 2056 2871 2394 1941 1444 1760 2053 1123 1725 1416 1331 2052 645 2125 1675 1123 1372 1405 1190 1792 1088 1484 1022 1663 959 1260 1303 1220 1381 1460 828 1511 1326 1132 913
internal_count=40791 24349 16442 5630 10812 12581 11768 4344 1286 4927 6841 7264 5032 5780 5317 3813 3028 3537 490 3727 796 3197 3091 1777 2583 2923 2567 2056 2871 2394 1941 1444 1760 2053 1123 1725 1416 1331 2052 645 2125 1675 1123 1372 1405 1190 1792 1088 1484 1022 1663 959 1260 1303 1220 1381 1460 828 1511 1326 1132 913
cat_boundaries=0 1 2 3 4 5 6 7 8 9 10 11 12 13 15 16 18
cat_threshold=1 1 1 1 1 1 1 1 1 1 1 1 1 80759873 2249150976 1 1049097 100747264
is_linear=0
shrinkage=0.05


Tree=6
num_leaves=63
num_cat=1
split_feature=3 3 3 3 3 3 3 3 3 3 3 3 3 3 3 3 3 11 11 11 11 6 6 6 11 6 11 6 3 3 6 11 3 3 3 6 3 6 11 9 3 11 7 11 9 3 6 11 6 6 3 11 9 6 1 9 9 3 3 11 3 6
split_gain=6255.25 1146.65 1077.82 255.153 138.359 134.305 115.879 49.3989 38.1772 24.6766 21.4853 17.0813 16.318 15.333 13.2631 9.90801 4.56444 4.55997 4.41854 4.37795 3.27468 4.80396 3.21791 3.16489 3.09166 3.07774 3.00863 3.0373 3.00425 2.96165 2.95776 2.94599 2.81189 2.43536 2.1093 1.95726 1.80227 1.79216 1.72325 1.68584 1.59763 1.33906 1.26351 1.24141 1.17559 1.13714 1.09557 1.09532 1.71923 1.04829 1.03668 1.2241 1.03217 1.21273 1.02501 0.952973 0.9478 0.913861 0.908256 0.885259 0.855378 0.850937
threshold=794.95000000000016 1514.4500000000003 396.35000000000008 193.35000000000005 1115.7500000000002 582.85000000000002 2212.9500000000003 287.60000000000008 112.45000000000002 1810.3500000000001 945.25000000000011 479.55000000000007 2649.9500000000003 1344.0000000000002 687.75000000000011 161.75000000000003 239.05000000000004 882.46887200000003 1504.1063565000002 3770.4268970000007 1252.4103800000003 1.8259550000000002 1.6253450000000003 2.2870400000000006 1072.7451990000002 1.7110700000000001 1771.0298350000003 1.8021350000000003 1202.8500000000001 1032.2500000000002 1.8515850000000003 4332.4049610000011 2939.9500000000003 872.45000000000016 1648.7500000000002 2.2782000000000004 349.45000000000005 1.7930600000000003 772.98358000000019 83.500000000000014 1935.6000000000001 1380.7351210000002 3.5000000000000004 2790.0131180000003 69.500000000000014 87.250000000000014 2.3006650000000004 690.64566100000013 1.5360550000000004 2.3415500000000002 742.85000000000002 1629.8202150000004 98.500000000000014 1.9278950000000001 0 61.500000000000007 86.500000000000014 421.85000000000008 539.55000000000007 4929.0453135000016 512.95000000000016 2.2003850000000003
decision_type=2 2 2 2 2 2 2 2 2 2 2 2 2 2 2 2 2 2 2 2 2 2 2 2 2 2 2 2 2 2 2 2 2 2 2 2 2 2 2 2 2 2 2 2 2 2 2 2 2 2 2 2 2 2 9 2 2 2 2 2 2 2
left_child=2 4 3 8 10 11 9 16 45 34 23 24 31 28 18 -10 -5 22 30 42 21 58 -9 33 25 -4 27 -16 46 35 -7 -8 59 37 44 52 38 -2 -24 43 -21 -32 -11 -15 -3 -1 56 48 -18 -31 51 -29 -12 -54 -35 -30 -6 -27 -13 -14 -23 -33
right_child=1 6 5 7 13 14 12 17 15 19 29 20 32 39 26 -17 47 -19 -20 40 -22 60 36 -25 -26 57 -28 50 55 49 41 61 -34 54 -36 -37 -38 -39 -40 -41 -42 -43 -44 -45 -46 -47 -48 -49 -50 -51 -52 -53 53 -55 -56 -57 -58 -59 -60 -61 -62 -63
leaf_value=-0.080505845997305148 0.0017282670198835481 0.015798159861037522 -0.020041094174586147 -0.044999650057954567 0.0057376912588310638 -0.0088054038091399667 0.027666621863977787 -0.028410998344190808 -0.060956881420846279 0.021405687047676605 0.00069206956627567708 -0.015734972618018202 0.032215918907097407 0.010450900416163839 -0.0024415781107555265 -0.05018266195536876 -0.03528806613495121 -0.026012872124737407 -0.0059816537115436339 0.024913919898030556 -0.013607546263555322 -0.021309032766165414 -0.035987921743309455 0.0026185646953676275 -0.019255247057692423 -0.027078982396626178 -0.001306477946935536 -0.0093772980323488641 0.0089670873656685877 0.0054849290360444733 -0.014169429766556977 0.03334046114418783 0.040945697119009111 -0.0017650446776913767 0.02153306380949686 0.0072333397141637959 -0.030863044641035443 -0.0035066126817460694 -0.031337011638920664 0.016465797091054678 0.027781771478604764 -0.011137242275896133 0.025383242370831938 0.015367341575222446 0.019612823438900119 -0.070317381930847966 0.013212251346558332 -0.034890784589307652 -0.041841561822531625 0.011260827910155058 -0.0065647513944418444 -0.0047684396396396479 0.0058421242953674082 0.0022884221629783062 0.00091411054593423585 0.01173201079856514 0.0086851219719005397 -0.024137631174364047 -0.011434692101615469 0.037116120959819969 -0.018700795576891357 0.030594575196746888
leaf_weight=167 181 293 414 806 391 496 438 516 478 527 607 370 174 254 318 480 176 385 324 736 488 548 770 469 443 485 252 1006 406 1505 1207 1345 640 612 1726 234 679 1639 378 1386 2621 560 418 288 978 161 104 167 628 83 1127 172 323 938 826 1690 977 1094 208 926 1139 614
leaf_count=167 181 293 414 806 391 496 438 516 478 527 607 370 174 254 318 480 176 385 324 736 488 548 770 469 443 485 252 1006 406 1505 1207 1345 640 612 1726 234 679 1639 378 1386 2621 560 418 288 978 161 104 167 628 83 1127 172 323 938 826 1690 977 1094 208 926 1139 614
internal_value=3.77306e-05 0.0161272 -0.0237887 -0.0411487 0.00591541 -0.014347 0.0276563 -0.0355261 -0.0608023 0.0238598 0.00145975 -0.0201073 0.0343471 0.0119271 -0.00887192 -0.0556165 -0.0420364 -0.0312714 -0.0114702 0.026294 -0.0173926 -0.0182017 -0.032124 -0.00121783 -0.0231668 -0.0240262 -0.00653071 -0.00703193 0.00998009 0.00416378 -0.0122531 0.0316253 0.0380762 -0.00177073 0.020358 0.00293024 -0.0331566 -0.00298534 -0.0344851 0.0155232 0.0271606 -0.0132153 0.02319 0.0130868 0.0187466 -0.0757337 0.00823524 -0.0395329 -0.0404526 0.00579371 -0.00766388 -0.00870897 0.00238762 0.0032026 -0.000232462 0.011201 0.0078475 -0.0250577 -0.0142099 0.036371 -0.0195602 0.0324959
internal_weight=40791 24349 16442 5791 12913 10651 11436 4505 1286 7299 7417 5189 4137 5496 5462 958 1777 2728 2587 4302 2753 2265 2343 3727 2436 1993 2875 2623 3568 3690 2263 2397 1740 3258 2997 2102 1827 1820 1148 1928 3357 1767 945 542 1271 328 1472 971 804 1588 2305 1178 1868 1261 1438 2096 1368 1579 578 1100 1687 1959
internal_count=40791 24349 16442 5791 12913 10651 11436 4505 1286 7299 7417 5189 4137 5496 5462 958 1777 2728 2587 4302 2753 2265 2343 3727 2436 1993 2875 2623 3568 3690 2263 2397 1740 3258 2997 2102 1827 1820 1148 1928 3357 1767 945 542 1271 328 1472 971 804 1588 2305 1178 1868 1261 1438 2096 1368 1579 578 1100 1687 1959
cat_boundaries=0 2
cat_threshold=97000005 503697412
is_linear=0
shrinkage=0.05


Tree=7
num_leaves=63
num_cat=1
split_feature=3 3 3 3 3 3 3 3 3 3 3 3 3 3 3 3 3 3 11 11 3 3 11 11 6 11 11 6 6 6 6 6 11 6 4 6 3 11 3 3 3 4 11 11 6 3 3 11 9 3 11 7 9 6 4 6 1 6 4 11 4 4
split_gain=5646.38 1035.17 973.023 230.405 121.234 113.829 113.771 44.5967 34.7477 21.7803 19.4706 17.4376 15.4181 13.044 11.9717 5.08481 4.60674 4.17196 4.13774 3.9875 3.57591 3.49659 3.40736 2.95551 4.33352 2.83858 2.71547 2.78665 2.66915 2.60558 2.52287 2.51494 2.49237 2.48444 2.32915 2.02384 1.85198 1.87274 1.85105 1.77062 1.76822 1.48203 1.38116 1.28624 1.58197 1.23983 1.21664 1.20814 1.18211 1.1587 1.12503 1.10155 1.06466 1.05564 1.04706 1.04298 1.01766 0.960858 0.919253 0.850161 0.848139 0.831185
threshold=794.95000000000016 1486.3500000000001 396.35000000000008 193.35000000000005 582.85000000000002 1064.1500000000003 2135.5500000000006 287.60000000000008 128.25000000000003 1778.3500000000001 2561.5000000000005 1278.2500000000002 479.55000000000007 918.1500000000002 687.75000000000011 87.250000000000014 161.75000000000003 229.30000000000004 907.70449600000006 1504.1063565000002 1145.2500000000002 2939.9500000000003 3650.4065330000003 1252.4103800000003 1.8259550000000002 1109.2778770000002 1771.0298350000003 1.8515850000000003 1.8515850000000003 1.6253450000000003 2.2782000000000004 1.6945400000000002 4195.6550000000016 2.2914700000000008 28454.500000000004 1.7930600000000003 349.45000000000005 772.98358000000019 1391.1000000000001 1662.1000000000001 1004.6500000000002 25299.000000000004 4929.0453135000016 690.64566100000013 1.5360550000000004 853.35000000000002 1935.6000000000001 1380.7351210000002 54.500000000000007 421.85000000000008 1567.7007520000004 3.5000000000000004 84.500000000000014 1.8181900000000002 31662.500000000004 2.3152450000000004 0 2.2003850000000003 32958.500000000007 3100.8351220000009 36260.500000000007 32719.500000000004
decision_type=2 2 2 2 2 2 2 2 2 2 2 2 2 2 2 2 2 2 2 2 2 2 2 2 2 2 2 2 2 2 2 2 2 2 2 2 2 2 2 2 2 2 2 2 2 2 2 2 2 2 2 2 2 2 2 2 9 2 2 2 2 2
left_child=2 5 3 8 12 13 9 17 15 34 32 20 25 33 19 -1 -10 -5 29 28 54 42 51 24 -14 31 27 -16 -6 -9 40 -4 -8 35 59 -2 37 -31 48 -36 56 -22 -12 44 -19 61 -24 -30 -13 -33 52 -11 -29 -42 -7 -43 -15 -34 -40 -3 -50 -37
right_child=1 6 4 7 14 11 10 18 16 22 21 38 23 30 26 -17 -18 43 -20 -21 41 -23 46 -25 -26 -27 -28 50 47 36 -32 49 57 -35 39 45 -38 -39 58 -41 53 55 -44 -45 -46 -47 -48 -49 60 -51 -52 -53 -54 -55 -56 -57 -58 -59 -60 -61 -62 -63
leaf_value=-0.076504514490564668 0.002089114536911134 0.01431922803390516 -0.018888052079157953 -0.043359538760748419 -0.0083660194309420378 0.0047539639017219661 0.025606288172696768 -0.026993195848031476 -0.056278440073038505 0.019276678169645914 0.030427608666193748 0.0088127663890026266 -0.013501740436171004 0.0025566832059543626 -0.0031186062769625027 -0.063970902122565787 -0.047678745249305654 -0.034368650215593252 -0.023616082906286362 -0.0056834913134001771 0.0068999822797862244 0.03890160711339781 0.023530377673380305 -0.01292856038302366 -0.018583345992746653 -0.017372714501465023 -0.0012414122145625731 -0.010555759561248124 -0.013461544767749923 -0.034190859350867464 0.006711217179158427 -0.02568163424730301 0.03065542865450643 0.0021129862761488879 0.018438629922721852 -0.0047713280252013541 -0.029128249269590741 -0.029561947166484637 0.01376701390347731 0.021637956883758306 0.0087259384098329722 0.0096617493911755319 0.034998027682043874 -0.033161091684609997 -0.04004064833446231 -0.0014311202827980312 0.025800126405026935 -0.010581372769253991 0.011964827233314677 -0.02258893979530234 -0.006073947782366528 0.023504160452376372 -0.0073917081670638292 0.0034482177312285308 0.0074637910160917521 0.014419010423066082 0.00021273136607410155 0.028036225396583139 0.016793057358202836 0.017675354840278327 0.015194619255952347 -0.0021724256689569176
leaf_weight=167 253 291 389 645 496 708 474 516 316 409 273 220 578 959 456 323 480 219 272 324 501 640 1055 488 1687 308 252 399 1207 770 379 509 1546 388 1142 738 760 410 647 799 104 1648 1143 173 740 1177 2188 560 737 1230 910 317 858 1031 737 128 904 695 479 796 311 532
leaf_count=167 253 291 389 645 496 708 474 516 316 409 273 220 578 959 456 323 480 219 272 324 501 640 1055 488 1687 308 252 399 1207 770 379 509 1546 388 1142 738 760 410 647 799 104 1648 1143 173 740 1177 2188 560 737 1230 910 317 858 1031 737 128 904 695 479 796 311 532
internal_value=3.54344e-05 0.0153218 -0.0226017 -0.0390962 -0.0136307 0.0053503 0.0259808 -0.0337532 -0.0577724 0.0219143 0.0319386 0.0102395 -0.0191035 0.000724171 -0.00842892 -0.0683897 -0.051159 -0.039939 -0.0297107 -0.0108975 0.00809425 0.0356397 0.0243583 -0.0165244 -0.0172931 -0.0220103 -0.0062046 -0.00668077 -0.0116412 -0.0303757 0.00287143 -0.0226731 0.0291238 -0.00162421 0.0187039 -0.00216184 -0.0312611 -0.0326089 0.01357 0.0197661 0.00238393 0.00933102 0.034139 -0.0379534 -0.0387825 -0.00260203 0.0250692 -0.0125553 0.0122288 -0.0235084 -0.00742857 0.0211524 -0.00840364 0.00393907 0.00614028 0.0100125 0.00143489 0.029856 0.0150681 0.0167909 0.0129369 -0.00368522
internal_weight=40791 24349 16442 5791 10651 12581 11768 4505 1286 6997 4771 6116 5189 6465 5462 490 796 1777 2728 2587 3722 2056 3969 2753 2265 2436 2875 2623 2263 2456 3377 2128 2715 3088 3028 2700 1940 1180 2394 1941 2998 2277 1416 1132 959 2447 3243 1767 1268 1739 2167 726 1257 1135 1445 1776 1863 2241 1126 1087 1048 1270
internal_count=40791 24349 16442 5791 10651 12581 11768 4505 1286 6997 4771 6116 5189 6465 5462 490 796 1777 2728 2587 3722 2056 3969 2753 2265 2436 2875 2623 2263 2456 3377 2128 2715 3088 3028 2700 1940 1180 2394 1941 2998 2277 1416 1132 959 2447 3243 1767 1268 1739 2167 726 1257 1135 1445 1776 1863 2241 1126 1087 1048 1270
cat_boundaries=0 2
cat_threshold=1610921104 3307225017
is_linear=0
shrinkage=0.05


Tree=8
num_leaves=63
num_cat=16
split_feature=3 3 3 3 3 3 3 3 3 3 3 3 3 3 3 0 3 0 0 0 0 0 0 11 0 0 3 0 0 3 3 11 0 3 11 1 11 3 11 11 11 11 11 11 0 11 11 9 11 3 2 3 5 3 3 9 11 3 9 9 11 0
split_gain=5096.78 934.581 878.779 166.703 159.07 112.699 94.6022 38.5136 25.9764 17.5963 17.0167 16.543 14.5606 12.724 12.5098 6.29584 5.68161 5.5209 5.07616 5.06328 5.03027 4.37403 4.35453 4.21554 3.87229 3.589 3.22047 3.18922 2.52716 2.29483 2.00579 1.93312 1.73645 1.61953 1.60546 1.47141 1.43249 1.36582 1.36581 1.2528 1.22157 1.22049 1.16332 1.1278 1.1022 1.09964 1.07792 1.06314 1.05277 1.01974 0.945459 0.942592 0.920435 0.914642 0.899529 0.884146 0.848127 0.837262 0.809018 0.793359 1.10615 0.778554
threshold=794.95000000000016 1514.4500000000003 349.45000000000005 161.75000000000003 561.95000000000016 1115.7500000000002 2153.6500000000005 265.35000000000008 436.45000000000005 945.25000000000011 1794.2500000000002 2649.9500000000003 676.25000000000011 112.45000000000002 1315.4500000000003 0 208.35000000000005 1 2 3 4 5 6 999.57655299999999 7 8 293.85000000000008 9 10 512.95000000000016 499.55000000000007 1604.1152730000001 11 1039.7500000000002 3595.7988645 12 2302.7165150000005 404.85000000000008 2415.7681210000005 2717.5691355000004 2015.1387165000003 1809.4293180000002 5054.6436320000012 3100.8351220000009 13 4104.6869235000004 4104.6869235000004 81.500000000000014 647.30008300000009 623.75000000000011 14 742.85000000000002 1.1657500000000003 2939.9500000000003 2939.9500000000003 52.500000000000007 2641.0356220000008 87.250000000000014 75.500000000000014 69.500000000000014 3251.2874640000005 15
decision_type=2 2 2 2 2 2 2 2 2 2 2 2 2 2 2 1 2 1 1 1 1 1 1 2 1 1 2 1 1 2 2 2 1 2 2 9 2 2 2 2 2 2 2 2 1 2 2 2 2 2 9 2 2 2 2 2 2 2 2 2 2 1
left_child=2 5 3 13 8 9 10 16 23 20 18 27 24 57 21 34 44 33 43 29 35 36 51 37 49 39 -9 45 54 -10 -21 -26 -28 50 -12 -2 -7 61 55 -16 58 -24 -29 -3 -5 -8 -17 56 -18 -6 -11 -14 -37 -30 -13 -19 -23 -1 -22 60 -20 -4
right_child=1 6 4 7 12 14 11 26 19 17 15 28 22 -15 25 46 48 38 59 30 40 47 41 -25 31 -27 32 42 53 -31 -32 -33 -34 -35 -36 52 -38 -39 -40 -41 -42 -43 -44 -45 -46 -47 -48 -49 -50 -51 -52 -53 -54 -55 -56 -57 -58 -59 -60 -61 -62 -63
leaf_value=-0.072702058936868402 -0.0043509480708426931 0.01373315335844051 -0.023449464699694222 -0.046309680896357897 -0.013980507413173415 0.0043557470094688303 0.023320295639280092 -0.033965836052853804 -0.020498524932035037 0.0024978264789187752 0.018444500099438842 0.031107947496260099 -0.0088249911553204483 -0.054977272061673854 0.0089996544570224175 0.024287136119233974 -0.039071337092608543 0.0026584547564525414 0.011882911494467407 -0.017050036915330864 -0.0018982791517288347 0.0067708905073529009 -0.0045462268067318033 -0.0189031126224492 -0.0095011688922939635 0.015971583777853331 -0.031120948211566826 0.029041566747701031 0.035023756278678778 -0.016972543335018252 -0.01339053082354795 -0.0018129590329610638 -0.027296286583605913 0.0038717980670797641 0.022173650510421045 -0.0026762933116499374 0.0078620033297846035 -0.023285035712649619 0.0097975403992902679 0.012755852055686577 0.0035676672352848294 0.00028103318408018353 0.032993618626804909 0.017083647009652102 -0.041419426686688188 0.027252001754558559 0.027049769621324427 0.011718903450163444 -0.033467708441518966 -0.011341898884811267 -0.00017779943198059382 -0.006494367728822021 0.00018098523604229925 0.039582938703623685 0.034893107316799322 0.0060341744671694349 0.0120175850151454 -0.063644413567251631 0.00094786428630659007 0.021397161098920609 0.01982328598721746 -0.027034059863135881
leaf_weight=167 851 351 261 451 825 368 265 642 1195 592 390 621 976 478 301 933 816 238 63 783 332 244 1259 331 1084 954 813 869 479 831 782 89 632 811 1821 750 1482 721 209 1000 346 146 339 1256 348 1407 827 1030 154 736 734 816 451 274 366 1106 117 161 997 967 208 945
leaf_count=167 851 351 261 451 825 368 265 642 1195 592 390 621 976 478 301 933 816 238 63 783 332 244 1259 331 1084 954 813 869 479 831 782 89 632 811 1821 750 1482 721 209 1000 346 146 339 1256 348 1407 827 1030 154 736 734 816 451 274 366 1106 117 161 997 967 208 945
internal_value=3.33842e-05 0.0145567 -0.0214738 -0.0398468 -0.0141999 0.00533751 0.0249652 -0.0355061 -0.0200504 0.00131619 0.0212143 0.0304933 -0.00842779 -0.0605433 0.0107632 0.0233368 -0.0409583 0.00376329 0.0182446 -0.0173968 -0.00110697 0.00876797 -0.00613347 -0.024261 -0.0111074 0.0136256 -0.0308674 0.0281354 0.0343777 -0.0190614 -0.0152312 -0.00891988 -0.0294682 0.00211302 0.0215245 -0.002766 0.00716727 -0.025171 0.00603133 0.0118944 0.000925908 -0.00404476 0.030177 0.0163608 -0.0442342 0.0266432 0.0255999 0.0108902 -0.0382171 -0.0127445 0.00103521 -0.00776794 -0.00159083 0.036733 0.0325455 0.00543881 0.00849984 -0.068463 0.000235971 0.0206748 0.0180278 -0.0262784
internal_weight=40791 24349 16442 4662 11780 12913 11436 3856 5849 7417 6816 4620 5931 806 5496 3971 1769 3690 2845 3591 3727 3241 3197 2258 2734 2255 2087 2880 1740 2026 1565 1173 1445 2137 2211 2052 1850 1927 1553 1301 1675 1405 1208 1607 799 1672 1760 1391 970 1561 1326 1792 1201 753 987 1344 361 328 1329 1238 271 1206
internal_count=40791 24349 16442 4662 11780 12913 11436 3856 5849 7417 6816 4620 5931 806 5496 3971 1769 3690 2845 3591 3727 3241 3197 2258 2734 2255 2087 2880 1740 2026 1565 1173 1445 2137 2211 2052 1850 1927 1553 1301 1675 1405 1208 1607 799 1672 1760 1391 970 1561 1326 1792 1201 753 987 1344 361 328 1329 1238 271 1206
cat_boundaries=0 1 2 3 4 5 6 7 8 9 10 11 12 14 15 17 18
cat_threshold=1 1 1 1 1 1 1 1 1 1 1 1 80760129 2249151072 1 805348436 1630549960 4
is_linear=0
shrinkage=0.05


Tree=9
num_leaves=63
num_cat=13
split_feature=3 3 3 3 3 3 3 3 3 3 3 3 3 3 3 0 0 0 3 0 3 0 0 3 0 11 0 11 0 6 11 11 0 1 3 11 0 6 0 3 11 11 5 3 11 6 11 9 3 5 3 11 9 9 3 6 6 6 11 6 11 3
split_gain=4601.29 847.536 785.597 188.496 115.187 93.8168 82.5947 42.1482 23.2833 19.4927 15.1458 14.0619 12.2709 9.83653 9.53695 5.72102 5.14755 4.9978 4.73103 4.72464 4.31199 4.04314 3.82337 3.81477 3.5781 3.17398 2.9908 2.90341 2.76418 2.6762 2.27123 1.96147 1.87305 1.66245 1.63999 1.53136 1.51702 1.50438 1.47929 1.45934 1.41802 1.20684 1.1589 1.15717 1.14477 1.39772 1.12424 1.10335 1.08875 1.05577 1.03194 0.997856 0.933539 0.925697 0.903568 0.85469 0.822391 0.813796 0.788225 1.13972 0.778125 0.755687
threshold=818.75000000000011 396.35000000000008 1528.6500000000003 184.45000000000002 589.95000000000016 1145.2500000000002 2268.5000000000005 281.35000000000008 112.45000000000002 1872.6500000000003 971.55000000000007 499.55000000000007 706.85000000000002 1344.0000000000002 2766.0500000000006 0 1 2 141.25000000000003 3 326.95000000000005 4 5 229.30000000000004 6 1132.6360200000004 7 4599.588823000001 8 1.7887450000000003 947.87972550000006 3770.4268970000007 9 10 436.45000000000005 1011.6315275000002 11 1.6253450000000003 12 1703.4500000000003 1642.8415800000005 2170.1537155000001 1.1432950000000004 1039.7500000000002 1823.8852990000003 1.8063900000000002 1393.6462370000002 69.500000000000014 1731.8500000000001 1.1596850000000003 2384.9000000000005 2741.0889115000004 62.500000000000007 67.500000000000014 663.6500000000002 1.7189600000000003 1.9194000000000002 1.6633750000000003 690.64566100000013 1.5607050000000002 2930.4758020000004 87.250000000000014
decision_type=2 2 2 2 2 2 2 2 2 2 2 2 2 2 2 1 1 1 2 1 2 1 1 2 1 2 1 2 1 2 2 2 1 9 2 2 1 2 1 2 2 2 2 2 2 2 2 2 2 2 2 2 2 2 2 2 2 2 2 2 2 2
left_child=1 3 5 8 11 10 9 23 61 15 16 25 22 21 27 39 33 31 -10 43 32 56 54 38 42 29 52 -8 51 34 37 -11 -9 -2 -3 -31 -16 -22 -5 -4 55 -18 -14 -12 45 -26 57 -21 -17 -19 -29 -15 -13 -30 -6 -24 -7 -28 59 -25 -23 -1
right_child=2 4 6 7 12 13 14 20 18 17 19 26 24 28 36 48 41 49 -20 47 30 60 40 58 44 -27 46 50 53 35 -32 -33 -34 -35 -36 -37 -38 -39 -40 -41 -42 -43 -44 -45 -46 -47 -48 -49 -50 -51 -52 -53 -54 -55 -56 -57 -58 -59 -60 -61 -62 -63
leaf_value=-0.069088593967968515 -0.00027565754810159607 -0.020219771872994095 0.014853232455106431 -0.041927401406063915 -0.011870483757548072 0.0049854151190773244 0.025014084738589105 -0.031505829982870208 -0.053974256341888155 0.018660790964318497 0.0014638982911936145 -0.018342608145471503 -0.0073273657231520701 0.0090380043499596677 0.03180448791073457 0.019220457212807206 0.001341215254011567 0.024200268567971112 -0.045385361957475855 0.0039340742641320705 -0.022382974863052369 0.010669358730291491 -0.004873199461353275 -0.031473453760704144 -0.00055041121960181145 -0.014852819746715732 -0.0098544157429862386 0.026901306239714536 0.012390688436134214 -0.022146828054819007 -0.019366548119052765 0.022395685307839568 -0.027038986241865542 -0.0031456346455977675 -0.01517008186372764 -0.01898643284335122 0.035780795128375238 -0.026796486752092348 -0.036788950264656901 0.017677282088640122 -0.0022661517535407958 0.0057119896330234026 -0.0046509858119767843 0.0038504382000195203 0.00051323339579254607 -0.004531993724061459 -0.0074956420073363965 0.0071910959075095222 0.022149436100833603 0.027015984110006198 0.030020712809701325 0.012615851699566388 -0.015055376393375576 0.016480597586007763 -0.009367394571299436 -0.008455975324632414 0.0078828146099834025 -0.013592223030674526 -0.029851206892826523 -0.03652596404077485 0.015124500889265747 -0.060481836274266246
leaf_weight=167 892 298 971 436 1004 303 619 634 320 486 954 306 1036 262 698 900 1480 1180 481 342 274 1207 208 213 302 350 200 482 196 1217 154 1838 495 1182 407 658 560 1330 366 990 129 176 677 1090 216 818 118 1144 615 634 1306 946 1079 681 609 946 1452 723 121 639 113 161
leaf_count=167 892 298 971 436 1004 303 619 634 320 486 954 306 1036 262 698 900 1480 1180 481 342 274 1207 208 213 302 350 200 482 196 1217 154 1838 495 1182 407 658 560 1330 366 990 129 176 677 1090 216 818 118 1144 615 634 1306 946 1079 681 609 946 1452 723 121 639 113 161
internal_value=3.15298e-05 -0.0197419 0.0142926 -0.0352943 -0.0117699 0.00561668 0.0238448 -0.0308425 -0.053634 0.0208702 0.00195259 -0.0170879 -0.00697676 0.0107706 0.0300173 0.0180953 -0.000269177 0.0231962 -0.0488797 0.00429964 -0.0270917 0.00896686 -0.00930785 -0.0369243 -0.00476031 -0.0194252 -0.0142581 0.0281309 0.0134252 -0.0200395 -0.0254822 0.021623 -0.029573 -0.00192851 -0.0173302 -0.0210485 0.0336016 -0.026057 -0.0396312 0.0162872 -0.00725927 0.00180891 -0.00627296 0.00273782 -0.00281758 -0.00345984 -0.012201 0.00644465 0.0204233 0.0251987 0.0291953 0.011848 -0.0157944 0.0155817 -0.0109318 -0.00781498 0.0073857 -0.0127938 -0.0346548 -0.0353012 0.0110619 -0.0650606
internal_weight=40791 17092 23699 5791 11301 12420 11279 4662 1129 7614 7260 5356 5945 5160 3665 3476 3730 4138 801 3530 2887 3075 2896 1775 3049 2930 2426 2407 2085 2580 1758 2324 1129 2074 705 1875 1258 1604 802 1961 1283 1656 1713 2044 1336 1120 1041 1486 1515 1814 1788 1208 1385 877 1613 1154 1755 923 973 852 1320 328
internal_count=40791 17092 23699 5791 11301 12420 11279 4662 1129 7614 7260 5356 5945 5160 3665 3476 3730 4138 801 3530 2887 3075 2896 1775 3049 2930 2426 2407 2085 2580 1758 2324 1129 2074 705 1875 1258 1604 802 1961 1283 1656 1713 2044 1336 1120 1041 1486 1515 1814 1788 1208 1385 877 1613 1154 1755 923 973 852 1320 328
cat_boundaries=0 1 2 3 4 5 6 7 8 9 10 12 13 14
cat_threshold=1 1 1 1 1 1 1 1 1 1 1745527450 1369460124 1 1
is_linear=0
shrinkage=0.05


Tree=10
num_leaves=63
num_cat=16
split_feature=3 3 3 3 3 3 3 3 3 3 3 3 3 3 3 3 0 0 0 0 0 0 11 0 0 0 11 0 11 6 6 5 0 0 11 3 11 2 3 4 11 2 0 4 11 11 11 4 3 11 5 11 5 4 2 6 3 4 4 6 4 6
split_gain=4148.3 765.062 706.375 149.769 100.577 97.5135 69.469 31.1881 22.9586 20.8948 16.8456 13.0129 11.5865 9.82419 8.73041 5.40978 5.38748 4.79912 3.77008 3.51357 3.47924 3.3998 3.33901 3.27124 3.19583 3.13313 3.05594 2.80718 2.39182 2.83668 2.2767 1.64955 1.60164 1.57879 1.4434 1.40321 1.34143 1.30985 1.24112 1.24038 1.17237 1.15989 1.08824 1.07734 0.989527 0.986128 0.967788 0.959823 0.956943 1.20524 0.956081 0.939454 0.922681 0.922137 0.895039 0.871431 0.87136 0.83356 0.822378 0.779766 0.772353 0.753222
threshold=789.45000000000016 1420.9500000000003 375.45000000000005 200.90000000000003 561.95000000000016 2106.8500000000008 1039.7500000000002 141.25000000000003 281.35000000000008 1746.5000000000002 2519.8500000000008 457.35000000000008 663.6500000000002 1202.8500000000001 918.1500000000002 112.45000000000002 0 1 2 3 4 5 869.79633850000016 6 7 8 5120.5068640000009 9 999.57655299999999 1.6253450000000003 1.5607050000000002 1.1466650000000003 10 11 3564.3860135000004 1601.8500000000001 1604.1152730000001 12 3006.2500000000005 31821.500000000004 2664.0228810000003 13 14 27647.500000000004 1306.7213365 4014.748473000001 2473.3919905000007 33038.500000000007 332.25000000000006 798.15376500000013 1.2281450000000003 1406.4376095000005 1.2418750000000003 26004.500000000004 15 1.6945400000000002 518.6500000000002 26490.500000000004 29802.500000000004 1.7735150000000002 28723.500000000004 1.8623350000000001
decision_type=2 2 2 2 2 2 2 2 2 2 2 2 2 2 2 2 1 1 1 1 1 1 2 1 1 1 2 1 2 2 2 2 1 1 2 2 2 9 2 2 2 9 1 2 2 2 2 2 2 2 2 2 2 2 9 2 2 2 2 2 2 2
left_child=2 6 3 7 11 9 14 15 33 17 24 28 27 25 21 -1 34 35 47 46 54 37 30 -14 53 -8 -12 60 29 -4 -10 39 -28 57 -11 -3 59 52 -34 51 61 -23 -9 -19 55 -18 -15 56 49 -32 -35 -25 -2 -7 -16 -20 -13 -5 -21 -29 -6 -27
right_child=1 5 4 8 12 10 13 42 22 16 26 18 23 19 20 -17 45 43 44 58 -22 41 -24 31 -26 40 32 36 -30 -31 48 -33 38 50 -36 -37 -38 -39 -40 -41 -42 -43 -44 -45 -46 -47 -48 -49 -50 -51 -52 -53 -54 -55 -56 -57 -58 -59 -60 -61 -62 -63
leaf_value=-0.061519841114030083 -0.0053470618805901426 0.012359531008775352 -0.016145730148567711 -0.039130521952116637 -0.013382013749992736 0.020785630532475407 0.0043953843937346486 -0.043574132504207747 -0.023240926068376851 0.016415814578828247 0.026719569185605418 -0.019116933452154417 -0.0032140629257470877 0.0060223139043213154 -0.0013082083428377735 -0.051315581601263954 0.021368805102387266 0.015343600851321757 -0.011315173256610122 0.010429299300235204 0.0042478476645724222 -0.0014610974697216175 -0.021177248701753235 -0.012119384251534939 0.026521514954159709 0.0098359948380485826 0.034063580052065758 -0.0064264875026668906 -0.017273191339864571 -0.022016275520115657 -0.029762019504037836 -0.0050957366613589928 0.02914719437628915 -0.03349658870223584 0.019590156705474426 0.015092228274115486 -0.00063466663230900408 -0.0016100320640365 0.033263589487206646 -0.0062832493426391639 0.012792838329695307 0.0014279940573728627 -0.038835786822824112 0.018365622521284593 -0.0096585852968873401 0.02399194410184001 0.0090542331017131866 -0.015131880290695092 -0.026281034534849475 -0.024478195407768577 -0.028101730923498831 -0.0081258700596816644 -0.0014976710323538198 0.02377518377704731 0.0013910828280177892 -0.014570355201079174 -0.01592452780159025 -0.034635452160706924 0.013093872274037695 -0.0096586672002653209 -0.010886626368106701 0.0065968794593549542
leaf_weight=320 659 1101 257 240 534 429 1637 433 369 504 493 551 867 342 394 320 893 488 314 543 1242 567 297 199 1205 229 505 263 572 1436 866 936 857 490 1782 896 53 912 327 771 105 861 362 995 197 838 1288 669 781 163 154 640 205 1207 1288 764 438 547 718 731 878 931
leaf_count=320 659 1101 257 240 534 429 1637 433 369 504 493 551 867 342 394 320 893 488 314 543 1242 567 297 199 1205 229 505 263 572 1436 866 936 857 490 1782 896 53 912 327 771 105 861 362 995 197 838 1288 669 781 163 154 640 205 1207 1288 764 438 547 718 731 878 931
internal_value=-1.1665e-05 0.0130443 -0.0194544 -0.0343855 -0.0122467 0.0216758 0.00397795 -0.0482094 -0.0292971 0.0180589 0.0270696 -0.017312 -0.00776051 0.00790315 0.000266654 -0.0565057 0.0205207 0.015212 -0.0151005 0.00996701 0.0022418 -0.00153602 -0.0263544 -0.00587221 0.024505 0.00584439 0.030396 -0.0103779 -0.0201679 -0.0211352 -0.02705 -0.00677579 0.0314526 -0.0343668 0.0188978 0.0135926 -0.00839791 -0.00299586 0.0303112 -0.00774874 0.00771454 0.000280403 -0.041468 0.0173822 -0.0130274 0.0226518 0.00842217 -0.0166858 -0.0278133 -0.0289496 -0.0322521 -0.00908638 -0.00438581 0.0230044 0.000758878 -0.0136336 -0.0177206 -0.0360542 0.0119557 -0.00881079 -0.0118392 0.00724425
internal_weight=40853 24441 16412 5342 11070 12520 11921 1435 3907 7497 5023 5198 5872 5793 6128 640 4017 3480 2933 2891 2924 3204 2476 3413 2841 2902 2182 2459 2265 1693 2179 2546 1689 1431 2286 1997 1047 1776 1184 1610 1265 1428 795 1483 1275 1731 1630 1658 1810 1029 644 839 864 1636 1682 1078 989 787 1261 994 1412 1160
internal_count=40853 24441 16412 5342 11070 12520 11921 1435 3907 7497 5023 5198 5872 5793 6128 640 4017 3480 2933 2891 2924 3204 2476 3413 2841 2902 2182 2459 2265 1693 2179 2546 1689 1431 2286 1997 1047 1776 1184 1610 1265 1428 795 1483 1275 1731 1630 1658 1810 1029 644 839 864 1636 1682 1078 989 787 1261 994 1412 1160
cat_boundaries=0 1 2 3 4 5 6 7 8 9 10 11 12 14 16 17 19
cat_threshold=1 1 1 1 1 1 4 1 1 1 4 1 1859306497 2492109443 1724007522 361414689 1 72614409 134760448
is_linear=0
shrinkage=0.05


Tree=11
num_leaves=63
num_cat=2
split_feature=3 3 3 3 3 3 3 3 3 11 3 3 3 3 3 3 3 11 11 11 11 6 3 6 11 6 11 11 6 6 4 6 6 4 3 9 3 4 6 11 11 4 11 6 4 6 9 11 3 11 3 4 3 6 11 1 3 4 3 5 1 4
split_gain=3745.82 723.312 597.21 150.746 102.157 68.7734 65.6842 32.9161 21.2057 14.259 12.899 11.1327 10.7123 10.124 7.09548 4.93365 3.15229 2.81395 2.78514 2.67383 2.46844 2.5234 2.42288 2.34073 2.30139 2.25375 2.22761 2.03462 2.29478 2.02301 1.77539 1.68791 1.68091 1.53136 1.38155 1.37897 1.25749 1.17865 1.11268 1.14545 1.06612 1.04684 1.02429 0.981734 0.953054 1.18466 0.943359 0.942081 0.919008 0.909864 0.847906 0.853188 0.831155 0.793883 0.757366 0.733134 0.724637 0.723003 0.705361 0.705239 0.686869 0.680468
threshold=836.1500000000002 396.35000000000008 1514.4500000000003 208.35000000000005 589.95000000000016 2212.9500000000003 1145.2500000000002 141.25000000000003 293.85000000000008 3825.5984270000004 720.25000000000011 499.55000000000007 971.55000000000007 2727.2500000000005 1344.0000000000002 87.250000000000014 1703.4500000000003 869.79633850000016 1145.5261150000003 1567.7007520000004 1784.7048800000002 1.8717600000000003 1935.6000000000001 1.6945400000000002 4332.4049610000011 1.8259550000000002 717.98283600000002 1368.9256720000003 1.8219950000000003 1.6253450000000003 28637.500000000004 2.2698800000000006 1.5360550000000004 25299.000000000004 1039.7500000000002 91.500000000000014 3006.2500000000005 28367.500000000004 2.2003850000000003 4734.5980800000007 1264.8037670000001 29319.500000000004 2136.5381470000007 1.8686350000000003 32308.500000000004 1.8370950000000001 69.500000000000014 557.30846000000008 1235.1500000000003 1431.1157645000001 431.15000000000003 26685.500000000004 663.6500000000002 1.9858700000000002 3279.7759550000005 0 2354.9000000000005 33621.500000000007 349.45000000000005 0.96463000000000021 1 27838.500000000004
decision_type=2 2 2 2 2 2 2 2 2 2 2 2 2 2 2 2 2 2 2 2 2 2 2 2 2 2 2 2 2 2 2 2 2 2 2 2 2 2 2 2 2 2 2 2 2 2 2 2 2 2 2 2 2 2 2 9 2 2 2 2 9 2
left_child=1 3 6 7 11 9 12 15 26 16 19 18 30 24 37 -1 46 29 23 25 21 -12 -11 -3 -7 -6 32 28 -13 -10 55 34 -5 -16 -14 54 61 -8 39 -26 -30 -23 43 -32 -36 -46 53 -9 -39 52 -25 -52 -27 -4 -18 -2 -40 -48 -31 -37 -45 -15
right_child=2 4 5 8 10 13 14 47 17 22 20 27 31 36 33 -17 35 -19 -20 -21 -22 41 -24 50 38 49 -28 -29 40 58 42 -33 -34 -35 44 59 -38 48 56 -41 -42 -43 -44 60 45 -47 57 -49 -50 -51 51 -53 -54 -55 -56 -57 -58 -59 -60 -61 -62 -63
leaf_value=-0.06227079722788427 0.00011290432923818334 -0.014544832080501278 0.011166034107776108 -0.028626105521431418 -0.0057818993240705344 0.021182737584221421 0.0068406027171769111 -0.039496623012146369 -0.021763182459225566 0.018612581393355695 -0.0013667927721272299 -0.01015715939663504 0.0024577986839903034 0.026642086219397332 0.0093689363576019199 -0.050871109066256248 0.012713314936711238 -0.020331915575793703 -0.012706439870677584 -0.0042190175122310842 -0.00048423746685060851 -0.0064219257383696608 0.021657607935276667 -0.020087811955450719 0.02437772432392674 -0.010816542768931908 -0.025511321233727083 -0.0075863100355491042 -0.014662002878817353 -0.026579932851303553 0.0031014784396100358 0.0070469321708469925 -0.03311714404460573 0.012824239668174434 0.0034661533137377194 0.016775391698873716 0.032503051644994084 0.0078567981846761926 0.021244855501435022 0.027460450715309864 -0.011323876774771037 -0.0041949692050714622 0.0045871040074625747 0.0011199855299631493 0.011025815327488579 0.005099741052241754 0.014542533509161102 -0.032680670269157573 0.010066758581306985 -0.0078230298522598881 -0.01972638292983972 -0.016931890590516911 -0.0083967119199647149 0.015952777460108709 0.016925201721689813 -0.0024569939188497291 0.025014438617850934 0.017011237555960994 -0.024123762091578974 0.019911644520242907 -0.00098417228883129651 0.030066049966973443
leaf_weight=153 446 440 295 340 528 421 1092 870 482 971 560 485 1441 335 427 487 142 462 291 369 482 917 2500 763 626 1149 170 175 1479 1040 317 402 1081 1496 939 300 456 1020 274 924 310 1270 173 750 96 706 875 91 929 670 466 957 549 136 817 744 421 544 652 765 780 605
leaf_count=153 446 440 295 340 528 421 1092 870 482 971 560 485 1441 335 427 487 142 462 291 369 482 917 2500 763 626 1149 170 175 1479 1040 317 402 1081 1496 939 300 456 1020 274 924 310 1270 173 750 96 706 875 91 929 670 466 957 549 136 817 744 421 544 652 765 780 605
internal_value=-1.14285e-05 -0.0173373 0.0132182 -0.0317597 -0.010248 0.0213685 0.00531002 -0.0448333 -0.0267986 0.0184757 -0.00602832 -0.0153526 0.0021151 0.0265934 0.00968146 -0.0536892 0.0163782 -0.0240227 -0.017445 -0.00824438 -0.00378569 -0.00436459 0.0208114 -0.0179651 0.0247556 -0.00875564 -0.0313798 -0.0128543 -0.0132562 -0.0247973 1.70731e-05 0.00399366 -0.0320635 0.0120623 0.00360583 0.0177603 0.0300828 0.00817247 0.0254159 0.0262319 -0.0140902 -0.00513123 0.000919473 0.000573647 0.00455408 0.00582194 0.0148574 -0.0388858 0.00891481 -0.00941599 -0.0186466 -0.0178602 -0.0100396 0.0127099 0.0163154 -0.00151422 0.023561 0.0155003 -0.0256483 0.0190448 4.82225e-05 0.0288754
internal_weight=40853 17688 23165 5828 11860 11407 11758 1601 4227 7345 6494 5366 6794 4062 4964 640 3874 2636 2917 3265 3229 2747 3471 2626 2666 2896 1591 2449 2274 2174 3210 3584 1421 1923 3182 2024 1396 3041 2245 1550 1789 2187 2020 1847 1741 802 1850 961 1949 2368 2186 1423 1698 431 959 1190 695 1419 1692 1065 1530 940
internal_count=40853 17688 23165 5828 11860 11407 11758 1601 4227 7345 6494 5366 6794 4062 4964 640 3874 2636 2917 3265 3229 2747 3471 2626 2666 2896 1591 2449 2274 2174 3210 3584 1421 1923 3182 2024 1396 3041 2245 1550 1789 2187 2020 1847 1741 802 1850 961 1949 2368 2186 1423 1698 431 959 1190 695 1419 1692 1065 1530 940
cat_boundaries=0 2 4
cat_threshold=2021687320 430459028 1074835608 1235629982
is_linear=0
shrinkage=0.05


Tree=12
num_leaves=63
num_cat=4
split_feature=3 3 3 3 3 3 3 3 3 11 3 3 3 3 3 3 11 3 6 3 11 11 6 3 11 11 6 4 2 4 6 4 2 11 7 11 4 6 3 6 3 3 4 11 6 2 6 1 11 4 6 6 6 4 11 3 6 3 11 5 4 3
split_gain=3381.17 652.942 539.08 136.107 92.2139 62.1024 59.2863 29.7285 19.1435 17.6536 11.6555 10.0499 9.67128 6.40426 5.09509 4.66233 3.36512 3.01474 2.90306 2.86237 2.56653 2.28012 2.09419 2.05638 2.02015 2.01115 2.60237 1.61922 1.60671 1.54674 1.52383 1.38146 1.33325 1.27462 1.25831 1.25167 1.21898 1.1991 1.10801 1.1103 1.1069 1.06677 0.987927 0.975412 1.44615 0.971975 0.964353 0.903292 0.843447 0.802183 0.771592 0.791803 0.761554 0.698599 0.698483 0.696764 0.691694 0.692868 0.711111 0.668241 0.667743 0.657374
threshold=836.1500000000002 396.35000000000008 1514.4500000000003 208.35000000000005 589.95000000000016 2326.6500000000001 1145.2500000000002 141.25000000000003 293.85000000000008 3825.5984270000004 742.85000000000002 492.45000000000005 971.55000000000007 1344.0000000000002 2766.0500000000006 112.45000000000002 1567.7007520000004 1935.6000000000001 1.8835450000000002 1703.4500000000003 947.87972550000006 1145.5261150000003 1.5360550000000004 265.35000000000008 4525.132305000001 1292.7885240000003 1.8259550000000002 30396.500000000004 0 28005.500000000004 2.2698800000000006 25299.000000000004 1 1380.7351210000002 3.5000000000000004 5627.5755800000015 26303.000000000004 1.8686350000000003 431.15000000000003 1.8219950000000003 616.55000000000007 1235.1500000000003 32460.500000000004 1784.7048800000002 1.9278950000000001 2 2.2782000000000004 3 557.30846000000008 33701.500000000007 2.7489750000000002 1.5360550000000004 2.2380750000000007 28367.500000000004 3375.6242775000005 539.55000000000007 1.5108450000000002 326.95000000000005 809.04478150000011 1.2216650000000002 26685.500000000004 1017.2500000000001
decision_type=2 2 2 2 2 2 2 2 2 2 2 2 2 2 2 2 2 2 2 2 2 2 2 2 2 2 2 2 9 2 2 2 9 2 2 2 2 2 2 2 2 2 2 2 2 9 2 9 2 2 2 2 2 2 2 2 2 2 2 2 2 2
left_child=1 3 6 7 11 9 12 15 23 19 16 21 27 41 24 -1 18 -11 40 49 29 22 -3 50 -7 26 55 45 42 -10 32 -15 53 -20 54 -16 -19 -34 -24 -40 -6 -8 -12 44 -30 -2 -37 -29 -9 -4 51 -5 -26 -14 -21 -13 -31 58 -58 -33 -41 -39
right_child=2 4 5 8 10 14 13 48 20 17 28 25 30 31 35 -17 -18 36 33 34 -22 -23 38 -25 52 -27 -28 47 43 56 -32 59 37 -35 -36 46 -38 61 39 60 -42 -43 -44 -45 -46 -47 -48 -49 -50 -51 -52 -53 -54 -55 -56 -57 57 -59 -60 -61 -62 -63
leaf_value=-0.055646125000039695 -0.0034815586665923287 -0.011159579666524099 0.01325801041481706 -0.028866121615384866 -0.0093780284317871252 0.020646633859107037 0.0068667984433690502 -0.037524059106917668 -0.025077927109035669 0.017682909817576652 -0.0060076930331604897 -0.011486411751922132 0.00060361252227226407 0.0089015840265516937 0.02634953798420922 -0.046222164061767664 -0.0040024447927213217 0.019143679336585739 -0.01016754194574282 0.012996575860306621 -0.016432899506762626 -0.012050323687966854 -0.019009023323312575 -0.027417766035815735 0.026093517701972175 -0.0090697576436019663 -0.013923676228272831 -0.00079895999983438458 -0.00018408580689709033 -0.019250251241894657 0.006695459838514441 0.011551016773141567 0.0072658309567223429 -0.0078603159273092933 0.018103985755103771 0.031257206481558823 0.021491777124698547 0.0021774378265962866 -0.014268015269190075 -0.019352567764700099 -0.0046812741163691756 0.0087631723637923518 -0.002994310282378738 0.00051209769915462871 -0.0039056463744658932 -0.0004694464616973881 0.026617807837076558 0.0017103978096374138 -0.031064397874085797 0.015508161355342186 -0.026586681947243951 -0.033108512668928031 0.023193663032839869 0.0030218913934983273 0.016309640854192172 -0.0077381503147383526 -0.025758756153723774 -0.02185696114045976 -0.020048662283087292 0.014120276483123776 -0.016515437854601175 0.0044123173881379192
leaf_weight=320 350 144 1151 228 154 301 1606 870 840 971 586 296 470 427 420 320 604 836 1151 239 159 251 869 638 1183 406 1677 491 393 214 402 1133 289 1312 1069 611 2581 468 399 371 697 1435 514 306 777 1081 205 1288 91 699 112 613 406 821 735 233 339 992 92 363 720 1134
leaf_count=320 350 144 1151 228 154 301 1606 870 840 971 586 296 470 427 420 320 604 836 1151 239 159 251 869 638 1183 406 1677 491 393 214 402 1133 289 1312 1069 611 2581 468 399 371 697 1435 514 306 777 1081 205 1288 91 699 112 613 406 821 735 233 339 992 92 363 720 1134
internal_value=-1.09909e-05 -0.0164719 0.0125582 -0.0301749 -0.00973635 0.0203017 0.00504477 -0.0425974 -0.0254608 0.0180302 -0.00572728 -0.0145862 0.00200943 0.00919786 0.0263114 -0.0510136 -0.00744481 0.0202103 -0.00807081 0.0155684 -0.0228233 -0.0166993 -0.0171605 -0.0298136 0.0246271 -0.0123527 -0.0129525 1.5961e-05 -0.00311311 -0.0232267 0.00379438 0.0114597 0.00342588 -0.00894221 0.0168759 0.0288649 0.0209231 0.00427775 -0.017522 -0.0166425 -0.00554123 0.00776425 -0.00456218 -0.00198649 -0.00265681 -0.00123567 0.0301257 0.00102288 -0.0369453 0.0141161 -0.0313871 -0.031994 0.0253676 0.00212619 0.0155108 -0.00985319 -0.0222621 -0.0227012 -0.0245891 0.0121835 -0.0174971 0.0037612
internal_weight=40853 17688 23165 5828 11860 11407 11758 1601 4227 8281 6494 5366 6794 4964 3126 640 3918 4388 3314 3893 2636 2754 2503 1591 1890 2612 2206 3210 2576 2477 3584 1923 3182 2463 2043 1236 3417 1891 2359 1490 851 3041 1100 1476 1170 1431 816 1779 961 1850 953 841 1589 1291 974 529 1637 1423 431 1496 1091 1602
internal_count=40853 17688 23165 5828 11860 11407 11758 1601 4227 8281 6494 5366 6794 4964 3126 640 3918 4388 3314 3893 2636 2754 2503 1591 1890 2612 2206 3210 2576 2477 3584 1923 3182 2463 2043 1236 3417 1891 2359 1490 851 3041 1100 1476 1170 1431 816 1779 961 1850 953 841 1589 1291 974 529 1637 1423 431 1496 1091 1602
cat_boundaries=0 2 4 6 8
cat_threshold=650536449 344871424 345379720 2350469930 881852481 2165080195 918702401 2717941825
is_linear=0
shrinkage=0.05


Tree=13
num_leaves=63
num_cat=6
split_feature=11 11 11 11 11 11 11 6 6 6 11 6 11 11 11 11 11 11 11 6 6 6 6 11 11 7 6 11 6 0 0 6 11 6 6 11 11 11 11 0 6 0 0 11 11 11 11 0 6 11 11 6 11 6 6 11 6 6 11 6 11 11
split_gain=3022.58 540.757 478.17 100.428 82.7436 63.2926 41.9226 36.09 22.3975 20.1157 22.0926 15.6359 13.2349 12.9532 11.1723 9.47712 8.92092 8.25248 7.48698 5.13104 4.94374 4.83285 4.7006 4.09271 4.07211 3.50879 3.49434 3.19814 3.19526 3.00468 2.5791 2.77868 2.35042 2.25446 2.22821 2.15128 2.01856 1.87276 1.86837 1.80615 2.57927 1.77614 1.75145 1.72123 1.58944 1.56131 1.54277 1.45021 1.46446 1.37143 1.34717 1.32306 1.28484 1.26952 1.17218 1.02673 1.02307 0.977128 0.92464 0.922968 0.903282 0.867824
threshold=1744.2438180000001 830.91147350000017 2986.4424890000005 412.82351550000004 1215.1089445000002 4133.0081880000007 2235.0708075000002 1.9809850000000002 1.8835450000000002 1.6743900000000003 195.08367200000004 1.9278950000000001 5120.5068640000009 619.1701240000001 1444.0954635000003 999.57655299999999 634.15042300000005 3375.6242775000005 2570.1774835000001 1.8806350000000003 1.5791600000000001 2.2414750000000008 2.1946450000000008 2015.1387165000003 258.39811300000002 3.5000000000000004 1.6945400000000002 320.52579500000007 1.6743900000000003 0 1 2.1946450000000008 1555.3679450000002 1.4143950000000001 2.0586300000000004 526.60665450000022 1072.7451990000002 730.94990800000016 6004.0237970000007 2 1.9447200000000002 3 4 557.30846000000008 4734.5980800000007 6004.0237970000007 1629.8202150000004 5 1.9498250000000004 1132.6360200000004 526.60665450000022 2.1380950000000003 144.35875949999999 1.7110700000000001 1.9278950000000001 1011.6315275000002 1.5108450000000002 1.4833100000000001 3825.5984270000004 2.1232550000000008 744.77454200000011 1292.7885240000003
decision_type=2 2 2 2 2 2 2 2 2 2 2 2 2 2 2 2 2 2 2 2 2 2 2 2 2 2 2 2 2 1 1 2 2 2 2 2 2 2 2 1 2 1 1 2 2 2 2 1 2 2 2 2 2 2 2 2 2 2 2 2 2 2
left_child=1 3 6 9 8 17 19 16 28 10 52 25 22 50 61 -10 20 47 34 29 43 38 44 -21 -11 -6 57 56 55 -2 31 58 53 -29 42 -22 -30 -15 -14 40 -20 -24 -8 -5 -7 -23 -16 48 -4 -17 -9 -49 -1 -27 -44 -3 -12 -18 -19 -41 -28 -13
right_child=2 4 5 7 11 12 18 13 15 24 27 14 21 37 46 49 26 30 39 23 35 45 41 -25 -26 32 60 33 36 -31 -32 -33 -34 -35 -36 -37 -38 -39 -40 59 -42 -43 54 -45 -46 -47 -48 51 -50 -51 -52 -53 -54 -55 -56 -57 -58 -59 -60 -61 -62 -63
leaf_value=-0.049955515697216374 0.0011490800547120658 -0.006582392741571557 0.019524588335490395 -0.020061317007394806 -0.0072004595452821564 0.021064960839077516 0.0058543339570334887 -0.035924772722471819 -0.019186138530551473 -0.054418830925987351 -0.031476772292542858 -0.011233593972192871 0.026298727451427861 -0.027440023187089997 -0.0058471336144916772 -0.014985553291929528 -0.0063031884718616057 0.015391386544596689 0.016930962994359852 -0.00051506544867911566 -0.028522504382979749 0.020145629552921446 0.016584387134390931 0.00247917979296014 -0.043422221588870567 0.0020558337697273877 -0.020483257731592115 -0.021005455152811232 -0.01154542508635931 0.0076871887108554016 0.018135374814393358 0.01148989037360235 0.002540283167743912 -0.029584509521430616 0.0044563150943882765 -0.022741035262829272 -0.0067118956625000035 -0.023385560761604991 0.03080692628191577 0.0094352854848224598 0.0098347270018732807 0.021411064817853598 0.012080168026138326 -0.012655959910313999 0.023996163764641965 0.024719852030006938 -0.0034799435982799825 0.012819827238162017 0.013382729432757158 -0.012411409753544555 -0.031229510543330403 0.0094138432173058399 -0.041406128397823254 -0.0025852354621722848 0.0072343027311964894 -0.001086195761450385 -0.039346562325954439 -0.013751259046942353 0.017773907350695266 0.0070284857106152499 -0.016700094383447727 -0.0090094963895434015
leaf_weight=155 285 200 140 344 227 1895 871 372 1433 138 361 674 1032 601 1817 1381 52 1216 177 2763 292 403 785 1943 382 176 351 147 627 459 1717 371 437 203 1527 463 338 699 359 1317 492 275 244 111 712 440 1118 1159 382 904 446 399 136 884 270 148 69 418 723 597 375 1421
leaf_count=155 285 200 140 344 227 1895 871 372 1433 138 361 674 1032 601 1817 1381 52 1216 177 2763 292 403 785 1943 382 176 351 147 627 459 1717 371 437 203 1527 463 338 699 359 1317 492 275 244 111 712 440 1118 1159 382 904 446 399 136 884 270 148 69 418 723 597 375 1421
internal_value=-1.077e-05 -0.015411 0.0119993 -0.0274746 -0.00914963 0.0188888 0.00443961 -0.0236643 -0.0140036 -0.0382874 -0.0342897 -0.00553241 0.022584 -0.0284324 -0.00694063 -0.0159869 -0.0194569 0.0153152 0.00752099 0.00133198 -0.0225 0.0256364 0.0207179 0.000721454 -0.0464394 -0.00142209 -0.0163619 -0.0298245 -0.00837958 0.00518758 0.0166411 0.0155231 -0.00054166 -0.0260514 0.00577905 -0.0250118 -0.00986114 -0.0252796 0.0274835 0.0094818 0.0117347 0.0178556 0.00723313 -0.0182865 0.0218744 0.0225596 -0.00494692 0.0127415 0.0150642 -0.013973 -0.033406 0.0119542 -0.0461154 -0.00181343 0.00955366 -0.00425474 -0.032828 -0.0129423 0.0162885 0.00868864 -0.0185548 -0.00973005
internal_weight=40853 17900 22953 6115 11785 12008 10945 4524 5031 1591 1071 6754 5901 2118 5030 3718 2406 6107 5495 5450 1210 2234 3667 4706 520 1724 1196 780 1313 744 4027 2310 1497 350 2912 755 965 1300 1391 2583 669 1060 1385 455 2607 843 2935 2080 522 2285 818 1558 291 1060 514 348 430 470 1939 1914 726 2095
internal_count=40853 17900 22953 6115 11785 12008 10945 4524 5031 1591 1071 6754 5901 2118 5030 3718 2406 6107 5495 5450 1210 2234 3667 4706 520 1724 1196 780 1313 744 4027 2310 1497 350 2912 755 965 1300 1391 2583 669 1060 1385 455 2607 843 2935 2080 522 2285 818 1558 291 1060 514 348 430 470 1939 1914 726 2095
cat_boundaries=0 1 2 3 4 5 6
cat_threshold=1 1 4 1 1 4
is_linear=0
shrinkage=0.05


Tree=14
num_leaves=63
num_cat=16
split_feature=3 3 3 3 3 3 3 3 3 3 3 3 3 3 3 0 0 0 0 3 11 0 0 0 0 0 11 0 6 11 6 3 0 11 6 2 2 1 4 7 11 3 11 11 7 2 4 11 4 4 11 4 7 11 2 6 4 6 11 4 4 4
split_gain=2757.11 508.199 469.792 100.717 68.0123 66.8248 43.6655 21.5152 13.8872 13.2045 12.7144 8.99731 7.4247 6.02534 5.7294 4.26088 3.68842 3.15718 3.05044 2.95826 2.85097 2.78518 2.44822 2.4278 2.35238 2.35232 2.2902 2.28974 1.92938 1.80402 1.93797 1.47245 1.38592 1.37555 1.77167 1.21806 1.13309 1.11901 1.11766 1.06217 0.915977 0.908169 0.893627 0.864415 0.842295 0.83873 0.820604 0.804826 0.799145 0.768849 0.812015 0.732806 0.723391 0.682581 0.67184 0.670112 0.668335 0.668301 0.664965 0.647958 0.641376 0.626861
threshold=789.45000000000016 1405.9000000000003 375.45000000000005 184.45000000000002 2071.7500000000005 550.05000000000007 1039.7500000000002 265.35000000000008 112.45000000000002 2519.8500000000008 1703.4500000000003 663.6500000000002 457.35000000000008 902.45000000000016 1183.8500000000001 0 1 2 3 141.25000000000003 869.79633850000016 4 5 6 7 8 5120.5068640000009 9 1.5607050000000002 1062.0564355000004 1.5360550000000004 293.85000000000008 10 619.1701240000001 1.5360550000000004 11 12 13 33948.500000000007 2.5000000000000004 3564.3860135000004 3006.2500000000005 4014.748473000001 717.98283600000002 2.5000000000000004 14 29069.500000000004 3498.6888220000005 33038.500000000007 29466.500000000004 4295.1002685000012 32793.500000000007 2.5000000000000004 2664.0228810000003 15 2.4552850000000004 28275.500000000004 2.2184350000000008 1541.9493295000002 31995.500000000004 30651.500000000004 27294.000000000004
decision_type=2 2 2 2 2 2 2 2 2 2 2 2 2 2 2 1 1 1 1 2 2 1 1 1 1 1 2 1 2 2 2 2 1 2 2 9 9 9 2 2 2 2 2 2 2 9 2 2 2 2 2 2 2 2 9 2 2 2 2 2 2 2
left_child=2 6 3 8 10 12 13 33 -1 18 16 25 29 24 23 40 38 45 42 -10 28 56 -13 51 37 52 -11 48 -9 30 -4 43 -28 34 -5 58 -27 -2 -3 -23 -12 -34 -6 -30 -17 59 -26 60 -14 50 -20 -8 -7 -25 -39 -19 -16 -42 -24 -15 -18 -54
right_child=1 4 5 7 9 11 14 20 19 26 15 22 27 17 21 44 47 55 49 -21 -22 39 35 53 46 36 32 -29 31 -31 -32 -33 41 -35 -36 -37 -38 54 -40 -41 57 -43 -44 -45 -46 -47 -48 -49 -50 -51 -52 -53 61 -55 -56 -57 -58 -59 -60 -61 -62 -63
leaf_value=-0.050382293584376486 -0.0045474465846763778 0.0095183077242021741 -0.011087270815144568 -0.02702242723474764 0.016064328868734708 -0.012133200408764255 0.0022172369141010622 -0.01927712964036625 -0.041757471585570839 0.021636185264177168 0.013122370730368246 -0.0025076455917258308 -0.014822311506196102 -0.001879530400547919 0.0050372710848271031 0.015749247500978905 0.012096326378355726 0.0032435406076774462 0.015656155320731079 -0.034969131642253092 -0.017137755688604893 0.0066324983114250634 -0.0081971973390087167 0.0060101654981320474 -0.0015209509623442716 -0.0031058889657465949 0.028083821280082695 -0.010812744684517385 -0.026985979531990723 -0.012773752673924749 -0.017456429414981559 -0.022308644054011426 0.023688858648488575 -0.025615648383444007 -0.031607342474919212 -0.004646985302408764 -0.0076792361477462006 0.00076175349624878566 0.012128617023261016 0.010224312440680228 0.016189647162949534 0.027171888252402229 0.018982272153937971 -0.021718457330473895 0.018710240185840082 0.0014278218417979579 0.0011107853742754849 0.016721986851432832 -0.012350391330640646 0.022565792874354246 0.020933499203311456 0.0044753052011411148 -0.011043454514816404 0.011203524186883284 -0.0023504781193973787 0.0083161260257812505 0.0071548513881048784 0.013886611527059138 -0.0052916830339015536 0.00073868336771149056 0.014610362892253537 -0.0085895414241422014
leaf_weight=320 547 1133 135 364 375 308 802 430 320 493 643 867 886 521 572 346 558 1323 109 473 297 265 603 1052 464 214 505 1137 375 305 1825 1548 857 241 836 1638 971 217 682 1064 1108 327 1539 138 1388 904 815 238 600 873 416 656 399 68 838 68 1144 532 305 431 568 877
leaf_count=320 547 1133 135 364 375 308 802 430 320 493 643 867 886 521 572 346 558 1323 109 473 297 265 603 1052 464 214 505 1137 375 305 1825 1548 857 241 836 1638 971 217 682 1064 1108 327 1539 138 1388 904 815 238 600 873 416 656 399 68 838 68 1144 532 305 431 568 877
internal_value=-1.0587e-05 0.0106333 -0.0158613 -0.028038 0.0175709 -0.00998327 0.00314047 -0.0245047 -0.0414293 0.0217621 0.0143684 -0.00652723 -0.014352 0.000220676 0.00632188 0.016242 0.0119966 0.00169726 0.0197546 -0.0377576 -0.0219208 0.00779114 -0.00480664 0.00458413 -0.00144351 -0.00864548 0.024799 -0.0125285 -0.022484 -0.0164572 -0.0170236 -0.0231434 0.0257088 -0.0294851 -0.0302402 -0.00558824 -0.00694758 -0.0027195 0.0105053 0.00951364 0.0148015 0.0246729 0.0184193 -0.025614 0.0181288 0.00034704 0.000155593 0.0139719 -0.0138332 0.0215682 0.0198697 0.00323558 -0.00991051 0.00633519 -0.00170908 0.00349731 0.00645234 0.0154515 -0.00714947 -0.000687439 0.0133763 -0.00936492
internal_weight=40853 24441 16412 5342 12690 11070 11751 4229 1113 5494 7196 6182 4888 6128 5623 4017 3179 3247 3312 793 2788 3045 3413 2578 2881 2769 2182 2623 2491 2265 1960 2061 1689 1441 1200 2546 1185 1602 1815 1329 2283 1184 1914 513 1734 1856 1279 1364 1486 1398 525 1458 1584 1120 1055 1391 1716 1640 908 952 1126 1276
internal_count=40853 24441 16412 5342 12690 11070 11751 4229 1113 5494 7196 6182 4888 6128 5623 4017 3179 3247 3312 793 2788 3045 3413 2578 2881 2769 2182 2623 2491 2265 1960 2061 1689 1441 1200 2546 1185 1602 1815 1329 2283 1184 1914 513 1734 1856 1279 1364 1486 1398 525 1458 1584 1120 1055 1391 1716 1640 908 952 1126 1276
cat_boundaries=0 1 2 3 4 5 6 7 8 9 10 11 13 15 17 19 21
cat_threshold=1 1 1 1 1 4 1 1 1 1 4 55986176 336072968 134283652 184551554 340806720 2249085984 1171676041 470374528 1073744200 1075856704
is_linear=0
shrinkage=0.05


Tree=15
num_leaves=63
num_cat=18
split_feature=3 3 3 3 3 3 3 3 3 3 3 3 3 3 3 0 0 0 0 3 0 4 0 0 3 0 0 0 0 0 0 3 2 1 0 3 4 4 9 3 5 2 9 4 6 3 3 6 4 4 9 9 1 6 4 3 6 5 5 9 5 5
split_gain=2510.2 479.988 408.908 102.294 70.4955 48.4851 44.9897 21.7525 12.1174 10.6624 7.98272 7.48517 7.42617 5.45667 4.68717 3.76376 3.76002 3.35593 2.75675 2.73613 2.67976 2.48689 2.37701 2.2255 2.1987 2.17278 2.07321 2.0038 1.7708 1.53668 1.35294 1.34529 1.29077 1.26303 1.23371 1.1804 1.17436 1.0606 1.03863 1.0283 0.903571 0.888504 0.882296 0.870533 0.842813 1.00931 0.842518 0.838527 0.814319 0.812809 0.771101 0.748047 0.745672 0.745475 0.737918 0.690991 0.676087 0.669937 0.669889 0.664924 0.658622 0.643392
threshold=830.90000000000009 388.85000000000008 1546.6500000000003 184.45000000000002 589.95000000000016 1145.2500000000002 2286.9500000000003 281.35000000000008 128.25000000000003 1856.9500000000003 492.45000000000005 713.1500000000002 992.25000000000011 1344.0000000000002 2766.0500000000006 0 1 2 3 87.250000000000014 4 29245.500000000004 5 6 239.05000000000004 7 8 9 10 11 12 326.95000000000005 13 14 15 161.75000000000003 27838.500000000004 32793.500000000007 58.500000000000007 416.65000000000003 1.1596850000000003 16 44.500000000000007 29069.500000000004 1.2642050000000002 332.25000000000006 2032.5500000000002 1.8776450000000002 29319.500000000004 32867.500000000007 64.500000000000014 291.50000000000006 17 2.2211650000000005 25080.500000000004 436.45000000000005 2.2960300000000005 1.3577950000000001 1.1400950000000003 118.50000000000001 1.1567600000000002 1.1142700000000001
decision_type=2 2 2 2 2 2 2 2 2 2 2 2 2 2 2 1 1 1 1 2 1 2 1 1 2 1 1 1 1 1 1 2 9 9 1 2 2 2 2 2 2 9 2 2 2 2 2 2 2 2 2 2 9 2 2 2 2 2 2 2 2 2
left_child=1 3 5 8 10 12 9 24 19 17 26 25 16 18 28 46 33 49 -7 -1 37 41 31 -15 30 52 39 -12 60 58 -5 -9 61 53 -16 -10 -25 -14 -29 -3 -17 -13 -22 -19 -24 -46 -11 -41 -20 -4 -18 -26 -6 59 -35 -28 -49 -34 -23 -2 -8 -27
right_child=2 4 6 7 11 13 14 22 35 15 27 21 20 23 34 40 50 43 48 -21 42 29 44 36 51 32 55 38 -30 -31 -32 -33 57 54 -36 -37 -38 -39 -40 47 -42 -43 -44 -45 45 -47 -48 56 -50 -51 -52 -53 -54 -55 -56 -57 -58 -59 -60 -61 -62 -63
leaf_value=-0.051433693720195107 -0.0046967092518624739 -0.018187902470566949 0.010933883917118824 -0.0307343189942616 -0.009187525553820762 0.00534588432205425 0.018783961319359097 -0.023266405408169814 -0.037374399963788649 0.014673361624373455 -0.0082711406228891411 -0.006684231652568132 0.0011476766927272244 0.012705321737580537 0.023321990836977786 0.017910774243528788 -3.8356495616668931e-05 0.01349478148736228 0.0068620570702045526 -0.042491380087475279 0.0021426076403071393 -0.0044763659535581148 -0.01016365113771624 0.0070114220583916836 -0.024730135259525721 -0.007940532169573241 -0.014336654786945235 -0.013850042722199666 0.022702437392211852 -0.00075912870834164616 -0.026548113176075545 -0.020088647881798941 -0.0037223389214297723 -0.0024930640856837272 0.026773742041756622 -0.032322404542937881 0.0098907220378697796 0.0036113269102381247 -0.010916096609431346 -0.012744636374998381 0.020325264999947568 -0.0036830866146891927 0.0057838774560824832 0.016203057080959885 -0.020244116007532328 -0.017042455652175083 0.016627012247843968 -0.016626819343302172 0.0094407798095860265 0.0131530683492549 0.0025334737480493044 -0.033620636436072264 -0.0064833475542608755 -0.0097617743851151333 0.000151438040123077 -0.011872140688286063 -0.013304858097535933 0.0038567596025043923 -0.0019813078301867178 -0.0012133101115468002 0.021480853688060953 -0.0049683951940735945
leaf_weight=166 236 361 1049 539 872 1760 844 627 333 1069 647 548 993 542 690 1272 374 531 537 334 198 692 35 529 766 450 563 396 934 926 433 950 550 335 564 319 1160 781 1573 332 690 669 1095 855 516 608 1458 706 769 760 1319 32 844 39 1227 698 233 30 444 327 417 319
leaf_count=166 236 361 1049 539 872 1760 844 627 333 1069 647 548 993 542 690 1272 374 531 537 334 198 692 35 529 766 450 563 396 934 926 433 950 550 335 564 319 1160 781 1573 332 690 669 1095 855 516 608 1458 706 769 760 1319 32 844 39 1227 698 233 30 444 327 417 319
internal_value=1.56981e-06 -0.0143091 0.010732 -0.0262896 -0.00858849 0.00441666 0.0176634 -0.0228805 -0.0395926 0.0155294 -0.0127261 -0.00499399 0.00166165 0.00801689 0.0224119 0.0171057 0.000201281 0.0133101 0.00664339 -0.045557 0.00349751 -0.00333186 -0.0200682 0.00990061 -0.027214 -0.0067705 -0.0145408 -0.0107146 0.0209828 -0.00227218 -0.0288987 -0.021366 -0.00526112 -0.00117934 0.0248945 -0.0349559 0.0089936 0.00223372 -0.0115129 -0.0157358 0.0187698 -0.00512396 0.00522837 0.0151759 -0.0182853 -0.0185289 0.0158067 -0.0150255 0.00838652 0.011873 0.00196564 -0.0251283 -0.00795332 -0.00310205 -0.000414306 -0.012983 -0.0158176 -0.0032681 -0.00350379 -0.00267923 0.0196921 -0.00662957
internal_weight=40865 17511 23354 5658 11853 12221 11133 4506 1152 7684 5509 6344 6924 5297 3449 4489 3857 3195 3066 500 3067 3279 2736 2231 1770 3065 2893 2616 2195 2062 972 1577 1349 2164 1254 652 1689 1774 1969 1632 1962 1217 1293 1386 1159 1124 2527 1271 1306 1809 1693 798 1716 602 1562 1261 939 580 1136 563 1261 769
internal_count=40865 17511 23354 5658 11853 12221 11133 4506 1152 7684 5509 6344 6924 5297 3449 4489 3857 3195 3066 500 3067 3279 2736 2231 1770 3065 2893 2616 2195 2062 972 1577 1349 2164 1254 652 1689 1774 1969 1632 1962 1217 1293 1386 1159 1124 2527 1271 1306 1809 1693 798 1716 602 1562 1261 939 580 1136 563 1261 769
cat_boundaries=0 1 2 3 4 5 6 7 8 9 10 11 12 13 15 17 18 20 22
cat_threshold=1 1 1 1 1 1 4 1 1 4 1 1 1 1129737225 336204937 72501312 2919567392 1 830758016 3565703424 1129724936 873074880
is_linear=0
shrinkage=0.05


Tree=16
num_leaves=63
num_cat=9
split_feature=11 11 11 11 11 11 11 6 6 6 11 6 11 11 11 11 11 11 11 6 6 9 6 6 9 6 11 0 6 11 11 11 0 6 0 6 6 0 6 11 6 11 0 11 11 11 11 11 0 11 6 6 11 2 6 11 6 11 2 6 6 0
split_gain=2241.99 405.163 356.092 73.3437 67.5031 45.2865 34.7452 27.0172 18.1212 12.5132 12.8585 11.3679 10.9458 8.64847 8.38667 8.34163 8.0489 7.91893 6.18098 4.66686 3.97906 4.10588 3.70861 3.53122 3.36117 3.1229 2.9899 2.08813 2.20648 1.93034 1.86007 1.77373 1.76869 2.47265 1.69687 1.61133 1.52844 1.63252 1.44823 1.39515 1.29103 1.28671 1.28483 1.28048 1.18764 1.12991 1.10857 1.04538 1.03442 0.968212 0.939225 0.915824 0.889527 0.86675 0.855754 0.800429 0.794968 0.759255 0.756351 0.754809 0.702001 0.693592
threshold=1744.2438180000001 809.04478150000011 3046.1211400000007 367.87794900000006 1215.1089445000002 4295.1002685000012 2235.0708075000002 2.0004700000000004 1.8259550000000002 1.7840300000000002 195.08367200000004 1.9278950000000001 572.95197200000018 1444.0954635000003 5120.5068640000009 526.60665450000022 3623.6835940000005 987.72973600000012 2570.1774835000001 1.6389900000000004 1.9420900000000001 88.500000000000014 1.5791600000000001 2.2380750000000007 90.500000000000014 2.1946450000000008 2015.1387165000003 0 1.9522950000000001 1517.3595280000002 961.0287555000001 634.15042300000005 1 2.1946450000000008 2 2.0901650000000003 2.0609250000000006 3 1.9600600000000001 494.6125995000001 1.9110350000000003 6004.0237970000007 4 232.06818700000002 703.97846900000025 1592.7550330000001 1145.5261150000003 144.35875949999999 5 2790.0131180000003 1.8021350000000003 1.6743900000000003 662.48128800000006 6 1.6117750000000002 6174.932385000001 1.9420900000000001 1864.5490160000002 7 1.5108450000000002 2.1430500000000006 8
decision_type=2 2 2 2 2 2 2 2 2 2 2 2 2 2 2 2 2 2 2 2 2 2 2 2 2 2 2 1 2 2 2 2 1 2 1 2 2 1 2 2 2 2 1 2 2 2 2 2 1 2 2 2 2 9 2 2 2 2 9 2 2 1
left_child=1 3 6 9 8 16 20 15 30 10 47 24 39 -13 25 22 35 40 36 52 21 -2 -5 41 -6 -7 57 28 -20 50 54 -21 33 -18 -12 48 37 -8 -19 -9 -10 -16 -27 -11 -14 -15 -40 -1 -4 -29 -26 -32 59 -47 -3 -25 -39 -22 -38 -17 -51 -37
right_child=2 4 5 7 11 14 18 12 17 43 34 13 44 45 23 19 32 38 27 31 26 -23 -24 55 29 42 -28 49 -30 -31 51 -33 -34 -35 -36 61 58 56 46 -41 -42 -43 -44 -45 -46 53 -48 -49 -50 60 -52 -53 -54 -55 -56 -57 -58 -59 -60 -61 -62 -63
leaf_value=-0.043432474061378006 -0.00046580490362893616 -0.004730357399312865 0.015003055557793483 -0.018510646917431921 -0.0069180968262682122 0.019261830882122462 0.0049032360665219208 -0.033051659469155302 -0.012960990256637581 -0.049451266813881789 -0.022835942443746787 -0.0084369340706053949 -0.024305903315544129 -0.0052244692518881699 0.022893825383764398 -0.010347619754142098 0.015145117246827842 -0.009457969575977096 0.015048834710445221 -0.020368962617510041 -0.0017505903057938221 0.0055581109111732391 -0.025477949315608334 0.018181272165745683 5.6947360089354881e-05 0.020105491392314434 0.0019344227392276625 0.0064297875003455247 0.0088788700926309555 0.0020587622666356459 -0.0016375303365867182 -0.015991740173781268 0.016556912153810371 0.01060612290190446 -0.029031164855552669 0.0091808332713800619 0.0010583344143068709 0.010283831389044686 -0.013407866168066419 -0.028011371275977873 -0.017075461900846255 0.026727018630955109 0.014758974269269632 -0.040481101949252696 -0.021057599399057103 -0.00016517782879256555 -0.010872951164885935 -0.035982650713673951 0.012060643985727678 0.0093138085398823036 -0.0030762048357081779 -0.0059260236886047729 -0.0094199953397636309 -0.0037304545945687634 -0.0098189861209473425 0.021508237115847761 0.0063336220812015391 2.6500387850925713e-05 0.0043823531525636799 -0.015595474195573967 0.0063421944675745197 0.011716690400596893
leaf_weight=158 423 108 402 426 226 1987 894 344 241 78 181 2072 664 1452 1026 123 1571 467 205 367 1083 852 378 482 425 143 1772 1064 523 523 183 753 1600 385 453 659 226 277 1413 350 1416 343 753 291 655 208 672 144 1491 819 546 395 242 1311 397 389 250 1349 1265 190 276 504
leaf_count=158 423 108 402 426 226 1987 894 344 241 78 181 2072 664 1452 1026 123 1571 467 205 367 1083 852 378 482 425 143 1772 1064 523 523 183 753 1600 385 453 659 226 277 1413 350 1416 343 753 291 655 208 672 144 1491 819 546 395 242 1311 397 389 250 1349 1265 190 276 504
internal_value=8.65164e-07 -0.0132957 0.0103156 -0.0241572 -0.00807112 0.0164126 0.00397071 -0.0211166 -0.0123005 -0.0345993 -0.0314403 -0.00476032 -0.025428 -0.00595733 0.0199438 -0.0176067 0.0136741 -0.013785 0.00666796 -0.0155754 0.00111523 0.00356079 -0.0218139 0.0222561 -0.0012493 0.0181401 0.000372858 0.00830832 0.0106346 -0.000387714 -0.00652359 -0.017443 0.0152965 0.0142576 -0.0273012 0.0117818 0.00503939 0.00621452 -0.0120261 -0.0305537 -0.0164852 0.023873 0.0156337 -0.0425058 -0.02271 -0.00422577 -0.0125965 -0.0400107 0.0126931 0.00751937 -0.0017062 -0.00457342 -0.0117822 -0.00326831 -0.00874222 0.0196901 0.00842546 -0.000765255 0.00391602 -0.0135727 0.00857127 0.0102889
internal_weight=40865 17852 23013 5797 12055 11735 11278 4492 5292 1305 936 6763 2013 5043 5123 2479 6612 4209 5799 1675 5479 1275 804 2240 1720 2883 4204 2887 728 1494 1083 1120 3556 1956 634 3056 2912 1421 2552 694 1657 1369 896 369 1319 2971 2085 302 1893 2159 971 578 555 1519 505 871 527 2432 1491 313 1095 1163
internal_count=40865 17852 23013 5797 12055 11735 11278 4492 5292 1305 936 6763 2013 5043 5123 2479 6612 4209 5799 1675 5479 1275 804 2240 1720 2883 4204 2887 728 1494 1083 1120 3556 1956 634 3056 2912 1421 2552 694 1657 1369 896 369 1319 2971 2085 302 1893 2159 971 578 555 1519 505 871 527 2432 1491 313 1095 1163
cat_boundaries=0 1 2 3 4 5 6 8 10 11
cat_threshold=4 1 4 1 4 4 134480200 2097234 1 67195040 1
is_linear=0
shrinkage=0.05


Tree=17
num_leaves=63
num_cat=22
split_feature=3 3 3 3 3 3 3 3 3 3 3 3 3 3 3 3 0 0 0 0 0 0 0 0 0 0 0 2 3 0 5 1 0 9 0 1 9 5 6 6 9 5 2 3 1 3 3 1 6 6 5 6 2 6 5 0 6 9 3 6 3 5
split_gain=2046.23 391.574 333.323 87.0756 54.3549 39.5322 36.8484 17.7883 11.1447 8.75963 6.65413 6.56231 5.15705 4.12238 3.85466 3.79577 3.12288 3.09097 2.74612 2.6687 2.48168 2.06549 1.97426 1.97042 1.70016 1.51073 1.42054 1.2995 1.23136 1.22232 1.14265 1.0889 1.0342 1.01657 0.965067 0.867495 0.834328 0.821326 0.788414 0.765059 0.75779 0.73481 0.7346 0.731481 0.729752 0.693186 0.656737 0.653196 0.624887 0.614431 0.890342 0.590037 0.58162 0.671746 0.575328 0.573977 0.569469 0.565607 0.556353 0.537032 0.533325 0.513769
threshold=830.90000000000009 396.35000000000008 1546.6500000000003 208.35000000000005 582.85000000000002 1154.7500000000002 2286.9500000000003 141.25000000000003 293.85000000000008 1856.9500000000003 706.85000000000002 978.10000000000014 479.55000000000007 1374.7500000000002 2766.0500000000006 87.250000000000014 0 1 2 3 4 5 6 7 8 9 10 11 256.45000000000005 12 1.1466650000000003 13 14 58.500000000000007 15 16 56.500000000000007 1.1596850000000003 2.6808200000000002 1.8717600000000003 69.500000000000014 1.1302450000000002 17 349.45000000000005 18 2032.5500000000002 529.1500000000002 19 2.2914700000000008 2.0541650000000007 1.0169550000000003 2.5862150000000006 20 2.0057400000000003 1.1567600000000002 21 1.9278950000000001 81.500000000000014 1703.4500000000003 1.4513500000000004 161.75000000000003 1.1432950000000004
decision_type=2 2 2 2 2 2 2 2 2 2 2 2 2 2 2 2 1 1 1 1 1 1 1 1 1 1 1 9 2 1 2 9 1 2 1 9 2 2 2 2 2 2 9 2 9 2 2 9 2 2 2 2 9 2 2 1 2 2 2 2 2 2
left_child=1 3 5 7 12 11 9 15 28 18 23 17 29 20 25 -1 45 31 58 42 56 30 40 44 -14 54 -15 41 38 39 -12 61 -16 -26 60 -23 -21 55 59 -3 -10 49 -13 -42 -6 -11 -35 -19 -41 50 -25 -29 53 -46 -8 -18 -7 -22 -4 -5 -9 -2
right_child=2 4 6 8 10 13 14 34 22 16 21 19 24 26 32 -17 37 47 -20 36 57 35 -24 27 33 -27 -28 51 -30 -31 -32 -33 -34 46 -36 -37 -38 -39 -40 48 43 -43 -44 -45 52 -47 -48 -49 -50 -51 -52 -53 -54 -55 -56 -57 -58 -59 -60 -61 -62 -63
leaf_value=-0.046638837129067384 -0.0010171149277728266 -0.012129982064848078 0.0097768393777576956 -0.021832292532320503 -0.008428539014430551 0.0032420999011568107 0.016916054659164872 -0.034899040559927624 -0.021139456407801883 0.013233887456427111 -0.0051394746288285723 0.0029588158512186759 -0.0078047980209900647 0.011636404558259657 0.021058754258493958 -0.037244567016800088 0.017157298529214979 0.00013610486698845302 0.01369176602773986 0.002232203138137026 0.0060580746985265414 -0.0029197894974654498 -0.015985490491423612 -0.0081517823645845065 -0.012911886738271837 0.020533776307169765 0.0083955660947403615 -0.003936071423629472 -0.021435677405768239 -0.011855493690251965 -0.0026355489398873734 -0.0024349463474988564 0.024212240555645092 -0.011205524844443723 -0.026751844642670337 -0.00050650875255672909 0.0052531422412444261 0.018432813752361731 -0.020630745348092672 -0.015761232277872184 -0.019373266495191135 -0.004642841596842597 0.0010299070679923381 -0.016609172320365906 0.0029703027525440208 0.015004965925437281 -0.0091567312678404473 0.0023684511295126096 -0.012733629888007001 -0.0069018209350651316 -0.017863547434218419 0.0012650787383436338 -0.0064236458992775114 -0.0051978230781731059 0.019420038402508322 0.014833483884838176 0.0054640707777189575 0.0084412230434032492 0.011600399879647083 -0.026066613617901493 -0.029495832466251683 0.0013257494218618005
leaf_weight=166 584 364 895 138 1007 365 844 92 332 1069 1183 917 686 452 690 501 712 482 1386 284 347 733 1106 69 430 934 1466 811 787 1051 747 992 564 784 412 777 1217 690 147 712 649 189 1141 499 42 1458 882 1081 267 190 38 58 608 60 417 560 1480 1024 914 534 460 389
leaf_count=166 584 364 895 138 1007 365 844 92 332 1069 1183 917 686 452 690 501 712 482 1386 284 347 733 1106 69 430 934 1466 811 787 1051 747 992 564 784 412 777 1217 690 147 712 649 189 1141 499 42 1458 882 1081 267 190 38 58 608 60 417 560 1480 1024 914 534 460 389
internal_value=5.43873e-07 -0.0129201 0.00968865 -0.0235121 -0.00764149 0.00398682 0.0159468 -0.0333193 -0.0196894 0.0140155 -0.00460048 0.00156602 -0.0114658 0.00732755 0.0202441 -0.0396489 0.0154442 3.77521e-05 0.012004 0.00308054 0.00622921 -0.00308863 -0.0176392 -0.00629189 -0.00999233 0.0189484 0.00916497 -0.00485925 -0.0229776 -0.0131732 -0.00417221 -0.0012819 0.0224952 -0.0107042 -0.0289033 -0.00170182 0.00468343 0.0169597 -0.0244313 -0.0141948 -0.0188634 -0.00697725 0.00190978 -0.0181873 -0.007419 0.0142613 -0.010127 0.00169658 -0.0149494 -0.00867635 -0.0117343 -0.0035471 -0.0057775 -0.00167561 0.0177588 0.0161467 0.00502649 0.0078429 0.0107041 -0.0252308 -0.0304578 -7.92378e-05
internal_weight=40865 17511 23354 5823 11688 12221 11133 1631 4192 7684 6512 7087 5176 5134 3449 667 4489 3528 3195 3559 3216 3440 2586 3072 2782 2195 1918 1355 1606 2394 1930 1965 1254 2096 964 1510 1501 1962 819 1343 1480 486 2058 1148 1717 2527 1666 1563 979 297 107 869 710 102 1261 1272 1845 1371 1809 672 552 973
internal_count=40865 17511 23354 5823 11688 12221 11133 1631 4192 7684 6512 7087 5176 5134 3449 667 4489 3528 3195 3559 3216 3440 2586 3072 2782 2195 1918 1355 1606 2394 1930 1965 1254 2096 964 1510 1501 1962 819 1343 1480 486 2058 1148 1717 2527 1666 1563 979 297 107 869 710 102 1261 1272 1845 1371 1809 672 552 973
cat_boundaries=0 1 2 3 4 5 6 7 8 9 10 11 13 14 16 17 18 20 22 24 26 28 29
cat_threshold=1 1 1 1 1 1 1 1 4 1 4 1129464833 336203784 1 2022224792 1369460380 1 1 1171536971 2491958400 675327061 1906484241 1129724937 2081035460 408817225 343932993 8396800 84017216 4
is_linear=0
shrinkage=0.05


Tree=18
num_leaves=63
num_cat=5
split_feature=3 3 3 3 3 3 3 3 3 11 3 3 3 3 11 11 3 6 11 4 3 11 6 6 11 11 3 11 6 11 3 4 9 4 11 6 6 1 9 4 3 6 4 1 3 11 5 11 6 9 4 6 1 1 1 9 9 11 5 6 4 4
split_gain=1847.17 353.56 300.855 75.9604 51.8164 35.6785 33.4294 13.6206 11.5902 9.54895 6.94662 5.95556 4.67272 3.72088 2.51859 2.14164 2.10077 1.91271 1.80461 1.79454 1.68527 1.67262 1.77907 1.60861 1.57606 1.57198 1.51679 1.50668 1.57541 1.48207 1.45587 1.25763 1.242 1.24162 1.22291 1.21992 1.10073 1.04761 0.937522 0.927244 0.921063 0.874823 0.872796 0.859215 0.836934 1.00351 0.815548 0.76738 0.815848 0.762826 0.743563 0.726695 0.714838 0.70803 0.664944 0.663268 0.60776 0.600446 0.577802 0.573843 0.57338 0.513878
threshold=830.90000000000009 388.85000000000008 1546.6500000000003 193.35000000000005 603.75000000000011 1154.7500000000002 2354.9000000000005 281.35000000000008 128.25000000000003 3921.4296845000003 499.55000000000007 992.25000000000011 737.1500000000002 1374.7500000000002 4734.5980800000007 1567.7007520000004 87.250000000000014 1.8515850000000003 869.79633850000016 29245.500000000004 1992.9500000000003 1156.8177760000001 1.6522650000000001 1.5108450000000002 647.30008300000009 2152.5213760000001 1778.3500000000001 1368.9256720000003 1.7735150000000002 494.6125995000001 3006.2500000000005 31205.500000000004 88.500000000000014 32228.500000000004 1864.5490160000002 1.9498250000000004 1.5360550000000004 0 69.500000000000014 32550.500000000004 421.85000000000008 2.2782000000000004 32154.500000000004 1 332.25000000000006 798.15376500000013 1.1657500000000003 2620.0375440000003 1.8294100000000002 42.500000000000007 29069.500000000004 2.6306300000000005 2 3 4 48.500000000000007 100.50000000000001 1085.1081925000001 1.3143200000000002 1.2642050000000002 26785.500000000004 25299.000000000004
decision_type=2 2 2 2 2 2 2 2 2 2 2 2 2 2 2 2 2 2 2 2 2 2 2 2 2 2 2 2 2 2 2 2 2 2 2 2 2 9 2 2 2 2 2 9 2 2 2 2 2 2 2 2 9 9 9 2 2 2 2 2 2 2
left_child=1 3 5 8 10 11 9 24 16 26 21 25 15 31 -8 17 -1 -6 23 54 -11 22 -3 59 36 32 50 28 -12 -10 41 -7 34 49 -2 -34 -5 -19 -33 -15 -24 -16 -22 -37 45 -25 -28 48 -35 -13 -4 -17 -51 -21 -14 57 -39 -30 -41 -9 -42 -38
right_child=2 4 6 7 12 13 14 18 29 20 27 33 19 39 30 51 -18 37 -20 53 42 -23 40 44 -26 -27 46 -29 55 -31 -32 38 35 47 -36 43 61 56 -40 58 60 -43 -44 -45 -46 -47 -48 -49 -50 52 -52 -53 -54 -55 -56 -57 -58 -59 -60 -61 -62 -63
leaf_value=-0.044320859377478768 -0.003341657045064915 -0.0094333633141139087 0.0097121695124911603 -0.021296486171298964 -0.0033578944377321905 0.0048748696937918334 0.016266722760502266 -0.0078093875509997208 -0.030311011846048119 0.013485140327819332 -0.0064069799373363961 -0.00037972168193939402 -0.0066276467315131626 0.0077116887910669632 0.020288756107672667 -0.0028547746044477744 -0.036518203900821174 -0.0082601298853438518 -0.013960132392465461 -0.0025019977220888568 0.014947809120349121 -0.0084507003304293265 -0.014840109668298457 -0.019989977486005134 -0.019293980269959425 0.0034292076105581753 0.012277726592504147 -0.0050392644360495766 -0.016221925902825136 -0.023739862763881684 0.022962481717518541 0.0045755614825369172 0.0020933309988135393 0.0076787924939401538 0.00011731956332119345 -0.0019442493897848909 -0.026745158223769605 -0.0068605223152869814 0.0074817365800680701 0.0094495468516677828 -0.013945756252441141 0.017500745940008802 0.016750534039041767 0.00045529854444314907 -0.017132004602253437 -0.015368860641365532 0.014947139064695006 0.010056190853411298 0.0035265157392747604 -0.00042090397490507093 0.011624977592268826 0.0048245725412429732 0.0029865337894031149 -0.00042351973082508699 -0.0033220488490123324 -0.0093559134989157269 -0.0048125265918484593 -0.010767122716003774 0.013597478220860163 -0.014993315517450824 -0.011918342947115249 -0.023741266513185474
leaf_weight=166 512 369 871 392 601 1533 477 35 684 1104 414 253 237 1073 1598 485 334 735 391 874 1535 258 677 890 268 335 1377 235 64 124 476 359 777 130 509 530 311 625 1324 744 575 417 1459 1194 999 158 398 52 1320 179 1421 32 1296 792 732 1708 903 356 101 263 1181 643
leaf_count=166 512 369 871 392 601 1533 477 35 684 1104 414 253 237 1073 1598 485 334 735 391 874 1535 258 677 890 268 335 1377 235 64 124 476 359 777 130 509 530 311 625 1324 744 575 417 1459 1194 999 158 398 52 1320 179 1421 32 1296 792 732 1708 903 356 101 263 1181 643
internal_value=6.22509e-08 -0.012276 0.00920488 -0.0225583 -0.00736628 0.00378787 0.0151504 -0.019373 -0.0331289 0.0134949 -0.0107223 0.00148809 -0.0041089 0.00696159 0.0196988 -0.00533913 -0.039192 -0.0058739 -0.0172081 -0.00252894 0.0152029 -0.0123688 -0.0127264 -0.0177434 -0.02303 0.00016153 0.0117705 -0.00890414 -0.00925932 -0.0293332 0.0203492 0.00591811 -0.000150165 0.00307162 -0.00161882 0.000449803 -0.023759 -0.00654031 0.00686491 0.00870725 -0.0132218 0.0197208 0.0158316 -0.000291713 -0.0182552 -0.0193086 0.0128844 0.00412337 0.00390382 0.00215557 0.0109026 -0.00237106 0.0025904 -0.00153231 -0.00423911 -0.00981096 -0.00561742 -0.0116349 0.00996082 -0.0141785 -0.0125898 -0.0247475
internal_weight=40865 17511 23354 5658 11853 12221 11133 4350 1308 8165 5837 7087 6016 5134 2968 3381 500 2864 2736 2635 4098 3060 2802 2345 1614 3857 4067 2777 2542 808 2491 3216 3522 3230 1021 2501 1346 2263 1683 1918 2433 2015 2994 1724 2047 1048 1775 1502 1450 1728 2292 517 1475 1666 969 2128 1528 420 845 298 1756 954
internal_count=40865 17511 23354 5658 11853 12221 11133 4350 1308 8165 5837 7087 6016 5134 2968 3381 500 2864 2736 2635 4098 3060 2802 2345 1614 3857 4067 2777 2542 808 2491 3216 3522 3230 1021 2501 1346 2263 1683 1918 2433 2015 2994 1724 2047 1048 1775 1502 1450 1728 2292 517 1475 1666 969 2128 1528 420 845 298 1756 954
cat_boundaries=0 2 4 6 8 10
cat_threshold=22418440 336080896 205670468 637874176 335544577 33554434 1449024587 2491438112 26222592 336085120
is_linear=0
shrinkage=0.05


Tree=19
num_leaves=63
num_cat=15
split_feature=3 3 3 3 3 3 3 3 11 3 3 3 3 0 3 3 0 0 0 11 4 0 0 0 3 0 3 3 3 2 0 0 3 4 3 11 4 2 0 5 4 2 11 4 2 4 11 4 4 11 11 4 5 11 11 5 3 5 4 4 5 11
split_gain=1667.47 319.146 271.543 68.7871 46.8037 32.2761 30.1774 14.5771 8.61767 8.37221 5.48093 4.94624 4.53283 4.12064 3.0672 2.67247 2.55718 2.50326 2.29515 2.27241 1.99942 1.723 1.68104 1.62426 1.60658 1.47303 1.33665 1.3153 1.30607 1.19386 1.1234 1.08297 1.03087 0.978797 0.976467 0.958863 0.951153 0.949943 0.858506 0.821753 0.813607 0.790383 0.736142 0.734865 0.710962 0.706112 0.680295 0.669921 0.661398 0.661175 0.599193 0.590623 0.572809 0.546973 0.545955 0.530157 0.526465 0.521384 0.5111 0.503611 0.500616 0.491212
threshold=830.90000000000009 388.85000000000008 1546.6500000000003 208.35000000000005 582.85000000000002 1115.7500000000002 2354.9000000000005 141.25000000000003 3921.4296845000003 293.85000000000008 713.1500000000002 462.35000000000008 1344.0000000000002 0 87.250000000000014 971.55000000000007 1 2 3 4734.5980800000007 29245.500000000004 4 5 6 992.25000000000011 7 1935.6000000000001 3006.2500000000005 1703.4500000000003 8 9 10 256.45000000000005 27838.500000000004 529.1500000000002 526.60665450000022 29245.500000000004 11 12 1.3376750000000002 32958.500000000007 13 2302.7165150000005 31450.500000000004 14 25795.500000000004 619.1701240000001 30316.500000000004 31576.500000000004 2235.0708075000002 809.04478150000011 29887.500000000004 1.1880550000000001 3343.6869775000009 2741.0889115000004 1.1686100000000004 326.95000000000005 1.2169150000000004 39785.500000000007 20339.500000000004 1.1243150000000002 1617.4260130000002
decision_type=2 2 2 2 2 2 2 2 2 2 2 2 2 1 2 2 1 1 1 2 2 1 1 1 2 1 2 2 2 9 1 1 2 2 2 2 2 9 1 2 2 9 2 2 9 2 2 2 2 2 2 2 2 2 2 2 2 2 2 2 2 2
left_child=1 3 5 7 11 13 8 14 18 32 21 31 17 15 -1 37 26 42 -4 -8 41 43 -14 -13 49 -11 -10 38 59 61 55 -3 46 -24 51 -9 -27 47 -21 -31 44 -12 -7 -6 -17 -18 -5 57 -19 -15 56 -25 -26 -30 -35 -22 -38 -2 -28 -20 -36 -23
right_child=2 4 6 9 10 12 19 35 16 25 20 23 22 24 -16 40 45 48 28 27 30 29 33 34 52 36 58 -29 53 39 -32 -33 -34 54 60 -37 50 -39 -40 -41 -42 -43 -44 -45 -46 -47 -48 -49 -50 -51 -52 -53 -54 -55 -56 -57 -58 -59 -60 -61 -62 -63
leaf_value=-0.042118086181804099 -0.0052327745529182727 -0.013405879166808608 0.013411559416685022 -0.022893700286792447 -0.0076381177783483127 0.001978959318361955 0.01545508818926921 -0.026847575870353996 0.010675732334663263 -0.013781721621979865 -0.0056308226843903783 -0.0072811681225417278 0.010513193685815261 0.0013361616114577419 -0.033667022497411742 -0.0010249361858807864 0.013846154766423362 0.0056951188808209161 0.0056381866792026836 0.020436280640463034 -0.0036211322597128324 -0.0060688683503238652 0.0054866537407484289 -0.012050414375382765 0.0033295922638601908 -0.018228185668791811 0.013426212284037845 0.02181676472820326 0.0092505212797707806 -0.0030606869533881674 -0.00046794631692450022 -0.011039943519146157 -0.019323433969680431 0.0055510222549374037 -0.0096122394844780877 -0.02194553447004996 -0.018242964281896017 -0.00024666360285471086 0.018002330527582384 0.0039631002011932042 0.0026572138166179333 -0.0028700252043224292 0.0044872697526147937 -0.0056047189402798746 0.0016328537217428305 0.016323396047491751 -0.018941166372605543 -0.0012277215929964187 0.0078119963346179383 0.0047550861980525019 -0.013819501426343512 -0.0098589097112417225 0.0058144560027405968 0.011688108068453155 0.0085836859486669217 -0.0013640643449862719 -0.015345331812440827 -0.0010500921769002721 0.015785726697908509 0.0095047322399707691 -0.0073535879841074353 -0.0017079208119555494
leaf_weight=166 274 1173 912 641 917 357 477 813 428 587 606 808 542 1538 501 430 419 772 97 599 729 717 529 579 742 729 1426 476 295 582 926 904 787 184 684 151 323 1053 1416 44 779 611 1679 901 579 1502 178 444 743 155 327 774 342 1682 976 407 455 103 323 1081 419 72
leaf_count=166 274 1173 912 641 917 357 477 813 428 587 606 808 542 1538 501 430 419 772 97 599 729 717 529 579 742 729 1426 476 295 582 926 904 787 184 684 151 323 1053 1416 44 779 611 1679 901 579 1502 178 444 743 155 327 774 342 1682 976 407 455 103 323 1081 419 72
internal_value=-4.46995e-07 -0.0116641 0.00874518 -0.0214332 -0.00699945 0.00359882 0.0143937 -0.0301006 0.0128207 -0.0179162 -0.00415301 -0.0104685 0.0063101 0.00116357 -0.0358302 6.19724e-05 0.0144433 0.0051975 0.0111826 0.0187151 -0.00271132 -0.00561392 0.00807786 -0.00924755 0.00261569 -0.016041 0.0132478 0.0193329 0.0105342 -0.00429955 -0.00176139 -0.0123819 -0.0207312 0.00729061 -0.00989124 -0.0261033 -0.0167562 -0.00125707 0.0187357 -0.00252126 0.00144439 -0.00431804 0.00404864 -0.006634 0.000506324 0.0157906 -0.0220588 -0.0025175 0.00673777 0.0016518 -0.0157694 -0.0108049 0.0041182 0.0113292 0.00810784 -0.00281439 -0.0165702 -0.00409583 0.0138707 0.0091914 -0.00876168 -0.00560266
internal_weight=40865 17511 23354 5658 11853 12221 11133 1631 8165 4027 6512 5341 5782 6439 667 3662 4098 3551 4067 2968 3279 3233 2231 3264 2777 2421 2177 2491 3155 1415 2062 2077 1606 1689 2456 964 1834 1874 2015 626 1788 1217 2036 1818 1009 1921 819 821 1515 1693 1105 1353 1084 1977 1160 1136 778 377 1749 1178 1103 789
internal_count=40865 17511 23354 5658 11853 12221 11133 1631 8165 4027 6512 5341 5782 6439 667 3662 4098 3551 4067 2968 3279 3233 2231 3264 2777 2421 2177 2491 3155 1415 2062 2077 1606 1689 2456 964 1834 1874 2015 626 1788 1217 2036 1818 1009 1921 819 821 1515 1693 1105 1353 1084 1977 1160 1136 778 377 1749 1178 1103 789
cat_boundaries=0 1 2 3 4 5 6 7 8 10 11 12 14 15 17 19
cat_threshold=1 1 1 4 1 4 4 4 1138125833 336204809 1 1 1825587877 2156714625 4 902061184 3565703424 1410486913 201874209
is_linear=0
shrinkage=0.05


Tree=20
num_leaves=63
num_cat=5
split_feature=3 3 3 3 3 3 3 3 3 3 3 3 3 3 3 3 11 11 6 6 5 9 11 6 9 6 6 2 11 4 11 6 2 2 4 2 5 11 4 4 2 6 9 6 9 6 6 6 6 11 5 4 9 6 6 7 9 3 6 4 11 6
split_gain=1498.15 277.836 253.145 52.2749 44.7867 37.5325 25.924 11.2976 7.69541 6.22407 5.65574 5.32956 4.61541 3.59261 3.08688 1.90284 1.76638 1.66871 2.12105 1.5956 1.53284 1.47196 1.35154 1.70732 1.29421 1.28493 1.26111 1.25782 1.24822 1.23786 1.18562 1.21626 1.12516 1.11277 1.03728 1.06401 1.02839 1.11315 0.986987 0.848954 0.801856 0.790611 0.789959 0.702654 0.701633 0.69342 0.675531 0.661771 0.843603 0.645306 0.617732 0.590515 0.614866 0.581783 1.13305 0.581174 0.570825 0.568696 0.696178 0.555081 0.544788 0.51164
threshold=789.45000000000016 1420.9500000000003 349.45000000000005 161.75000000000003 534.35000000000002 2119.9500000000003 1055.6500000000003 265.35000000000008 1746.5000000000002 663.6500000000002 2561.5000000000005 421.85000000000008 112.45000000000002 902.45000000000016 1244.0000000000002 208.35000000000005 1431.1157645000001 1156.8177760000001 1.7887450000000003 1.7263350000000002 1.0933850000000003 77.500000000000014 798.15376500000013 1.6522650000000001 48.500000000000007 2.0082000000000004 1.8897250000000001 0 5120.5068640000009 31907.500000000004 974.29649600000005 1.5791600000000001 1 2 32636.500000000004 3 1.22374 3623.6835940000005 27838.500000000004 33375.500000000007 4 1.2642050000000002 122.50000000000001 2.1507850000000004 61.500000000000007 2.5862150000000006 2.3152450000000004 2.3598700000000004 1.8442800000000001 1905.9521690000001 1.1142700000000001 31662.500000000004 110.50000000000001 1.5108450000000002 2.7489750000000002 3.5000000000000004 36.500000000000007 306.55000000000007 2.4355650000000004 35590.000000000007 1167.2904705000003 1.9306150000000002
decision_type=2 2 2 2 2 2 2 2 2 2 2 2 2 2 2 2 2 2 2 2 2 2 2 2 2 2 2 9 2 2 2 2 9 9 2 9 2 2 2 2 9 2 2 2 2 2 2 2 2 2 2 2 2 2 2 2 2 2 2 2 2 2
left_child=2 6 3 12 11 8 13 15 21 16 26 30 -1 27 32 53 19 18 -13 -6 29 25 23 41 49 -3 55 -2 -12 40 31 -4 59 50 35 -26 37 -10 -23 -16 -11 -9 51 -28 -34 -18 -30 48 -22 -15 60 52 -29 -5 -55 -7 -41 58 -25 -8 -21 -46
right_child=1 5 4 7 9 10 14 22 36 20 28 17 -14 24 39 -17 45 -19 -20 33 47 38 -24 57 34 -27 43 42 46 -31 -32 -33 44 -35 -36 -37 -38 -39 -40 56 -42 -43 -44 -45 61 -47 -48 -49 -50 -51 -52 -53 -54 54 -56 -57 -58 -59 -60 -61 -62 -63
leaf_value=-0.038025188730988757 0.00016275986335711568 0.0060256887116138975 -0.0099860914912871541 -0.021510967474524717 -0.0037056061725326316 0.012092906297138422 0.0020671426904876971 -0.0077149217266861986 0.010040911065093402 -0.0078230693599855364 0.015904738310464593 -0.0082170364389670247 -0.029927875734942162 -0.0033353152576192438 0.0055557166608569486 -0.020528809132164462 -0.0045243732466108419 -0.0075848639680349359 -0.011467086076141594 -0.0113270392708707 -0.0006429831591557942 0.0082523257280466538 -0.013914489546919815 -0.020892300848593365 -0.0015568015346420481 0.010063275225410187 0.016460907930085641 -0.0038743447949564748 0.019591586738270897 -0.0031500758320069477 -0.010264346713251748 -0.014579095637052706 0.0028819781781444283 -0.0059600415258664798 0.0027402390361224663 0.0015066798148449172 0.013672292054316193 0.012333122455675648 0.010375303012716542 0.004070600035349624 -0.0044447590242178295 -0.015341796485545024 -0.0010606314027673219 0.014518571733867275 0.006936766631968733 0.0008209159607067704 0.016579039953649045 0.00045704066886686215 -0.0035262107695966678 0.00029401147701884679 -0.0071740420629888392 -0.0017156305264312641 -0.010342937238082025 -0.026664872931459024 -0.021332909191786913 0.015210666212439536 0.0081013260012036126 -0.017019966621305387 -0.017103316469671337 0.0043041816009429202 -0.008561013130483212 0.0047337845842603653
leaf_weight=318 1205 619 172 237 312 504 914 40 724 345 429 688 486 187 1236 981 329 551 2003 262 344 837 403 385 351 295 1189 328 1344 884 252 1362 414 1033 1318 1331 1038 2387 1765 103 676 470 1016 955 340 74 271 180 971 351 540 336 41 378 178 249 754 547 238 400 676 1276
leaf_count=318 1205 619 172 237 312 504 914 40 724 345 429 688 486 187 1236 981 329 551 2003 262 344 837 403 385 351 295 1189 328 1344 884 252 1362 414 1033 1318 1331 1038 2387 1765 103 676 470 1016 955 340 74 271 180 971 351 540 336 41 378 178 249 754 547 238 400 676 1276
internal_value=1.82759e-05 0.00783353 -0.0117209 -0.0215683 -0.00778093 0.013006 0.00235401 -0.0191411 0.0108126 -0.00507961 0.0164057 -0.0113391 -0.0331738 0.000213651 0.00489816 -0.0220865 -0.00665311 -0.0101229 -0.0106395 -0.00709565 -0.00358511 0.00908527 -0.0166232 -0.0172643 0.00128546 0.00733842 0.0149682 -0.00108233 0.0184348 -0.00452591 -0.0135399 -0.0140709 0.00395334 -0.00751523 0.00169036 0.000866549 0.0122739 0.0118031 0.00969583 0.00640509 -0.00571288 -0.0147599 -0.00194336 0.0156029 0.00470676 -0.00354325 0.0190966 -0.00238408 -0.00277303 -0.000971331 -0.00849965 -0.0032397 -0.00461909 -0.0239851 -0.0249992 0.0131427 0.0076222 -0.0183425 -0.0194746 0.00273012 -0.00934485 0.00520129
internal_weight=40822 24507 16315 4661 11654 12606 11901 3857 7665 6626 4941 5028 804 6464 5437 1774 3226 3242 2691 2823 3400 3516 2083 1680 3538 914 2897 2926 2044 1905 1786 1534 3344 2511 3000 1682 4149 3111 2602 2093 1021 510 1721 2144 2030 403 1615 1495 1315 538 1478 705 369 793 556 753 857 1170 623 1314 938 1616
internal_count=40822 24507 16315 4661 11654 12606 11901 3857 7665 6626 4941 5028 804 6464 5437 1774 3226 3242 2691 2823 3400 3516 2083 1680 3538 914 2897 2926 2044 1905 1786 1534 3344 2511 3000 1682 4149 3111 2602 2093 1021 510 1721 2144 2030 403 1615 1495 1315 538 1478 705 369 793 556 753 857 1170 623 1314 938 1616
cat_boundaries=0 2 4 6 8 10
cat_threshold=285817310 3223332186 1459686721 2920405926 1515617793 336529699 17956865 101535872 290472064 2223509768
is_linear=0
shrinkage=0.05


Tree=21
num_leaves=63
num_cat=7
split_feature=3 3 3 3 3 3 3 3 3 3 3 3 11 3 3 11 1 6 4 11 6 9 3 6 11 2 11 5 5 2 9 3 11 4 3 11 4 11 5 6 3 4 3 5 2 11 9 6 11 6 11 9 1 4 4 2 4 11 9 6 1 4
split_gain=1352.69 247.548 228.244 53.7441 38.7717 29.1384 24.85 11.8649 5.99541 4.8662 4.59931 4.58372 4.33522 3.7063 3.41926 1.79146 1.62006 1.36411 1.32539 1.30205 1.9442 1.24023 1.19562 1.18292 1.53178 1.15553 1.13961 1.13293 1.12291 1.05428 0.987086 0.985484 1.36293 0.967029 1.10194 0.926662 0.903442 0.899685 0.898492 0.854042 0.831556 0.818514 0.801437 0.792271 0.790616 0.77791 0.745125 0.74024 0.884127 0.730625 0.692796 0.682005 0.704308 0.637216 0.621428 0.596514 0.576655 0.541675 0.590934 0.538808 0.520978 0.520131
threshold=818.75000000000011 375.45000000000005 1546.6500000000003 176.45000000000002 569.1500000000002 1106.6500000000003 2212.9500000000003 265.35000000000008 112.45000000000002 706.85000000000002 457.35000000000008 1291.7500000000002 3825.5984270000004 2766.0500000000006 924.55000000000007 907.70449600000006 0 1.5360550000000004 32636.500000000004 1240.7627865000002 1.7887450000000003 75.500000000000014 218.80000000000004 1.6253450000000003 999.57655299999999 1 4332.4049610000011 1.1206450000000003 1.1714950000000002 2 61.500000000000007 306.55000000000007 798.15376500000013 29466.500000000004 1856.9500000000003 1642.8415800000005 29245.500000000004 454.24277200000006 1.3005050000000002 2.4660000000000006 644.75000000000011 33299.500000000007 1675.4500000000003 1.1142700000000001 3 5522.2725705000012 67.500000000000014 1.5108450000000002 557.30846000000008 1.8294100000000002 2454.7386885000005 58.500000000000007 4 20754.500000000004 29466.500000000004 5 30151.500000000004 1132.6360200000004 28.500000000000004 2.3152450000000004 6 34723.500000000007
decision_type=2 2 2 2 2 2 2 2 2 2 2 2 2 2 2 2 9 2 2 2 2 2 2 2 2 9 2 2 2 9 2 2 2 2 2 2 2 2 2 2 2 2 2 2 9 2 2 2 2 2 2 2 9 2 2 9 2 2 2 2 9 2
left_child=1 3 5 8 10 14 12 22 -1 16 23 30 27 26 25 17 43 -9 29 20 -12 35 47 -3 46 60 -8 42 -13 -16 50 32 -19 34 -14 -11 -23 -10 40 49 -18 -27 -4 -6 -32 -15 -25 -5 -49 -20 -7 -31 -53 -29 -33 -42 -46 58 -22 -47 -2 -30
right_child=2 4 6 7 9 11 13 15 37 21 19 28 33 45 18 -17 38 31 39 -21 57 36 -24 24 -26 41 -28 53 61 51 44 54 -34 -35 -36 -37 -38 -39 -40 -41 55 -43 -44 -45 56 59 -48 48 -50 -51 -52 52 -54 -55 -56 -57 -58 -59 -60 -61 -62 -63
leaf_value=-0.036129889191131234 0.0022809158648816777 -0.0082856888825941187 0.0078467407706035233 -0.019437490183592851 -0.0084805423931178913 0.001196965651083832 0.01262398536116744 -0.012690663727306612 -0.028145361703375112 -0.0056894484105255785 -0.006362541628701388 0.0064003796158993986 0.0081668688149391846 0.016284867490713412 -0.0011040958171812235 -0.010279012975816647 -0.005944505897349045 -0.01827327201707505 0.0055705482545264483 -0.006035689898589134 -0.012994251890077116 -0.0033308404734224079 -0.019212676029597305 -0.014978434465734698 -0.0096486599484785045 -0.0023639486704652123 0.015469696117361008 0.0072253696475792859 0.0075541277789549603 -0.00046829652680059353 0.0056810423171120769 -0.016514728747223727 -0.011000013504272854 0.013105879626666254 0.011994833562458899 -0.0020511010500079813 -0.0012861969787920965 -0.020820275285551627 -0.002199968327370141 0.0095046897064489516 -9.4767845703486728e-05 -5.3471866963179425e-05 0.0098886347713074366 -0.0054711562369696119 0.0025169127127977076 0.019835754936776012 -0.012153284822746422 -0.024290649939799257 -0.019058397712633592 0.0022305851076009596 0.0047289730887434805 0.0039078117849957765 0.0013060359314017132 0.011488130799287273 -0.014249232937966972 -0.0043381101117591567 0.0047355299316088999 -0.0084135566511750227 -0.0098309525530040284 0.0162786752520921 -0.00010437113862819927 0.01003510341058475
leaf_weight=318 348 261 734 236 561 382 450 370 574 482 570 1948 236 389 489 177 1115 705 183 453 180 854 811 327 551 944 2400 102 575 347 1262 616 77 2092 1159 277 1474 61 334 45 102 645 1573 373 545 718 1123 450 128 1537 218 356 1046 1144 797 915 644 624 1249 166 637 363
leaf_count=318 348 261 734 236 561 382 450 370 574 482 570 1948 236 389 489 177 1115 705 183 453 180 854 811 327 551 944 2400 102 575 347 1262 616 77 2092 1159 277 1474 61 334 45 102 645 1573 373 545 718 1123 450 128 1537 218 356 1046 1144 797 915 644 624 1249 166 637 363
internal_value=1.69332e-05 -0.0106786 0.0077619 -0.0196351 -0.00664779 0.00312491 0.0129593 -0.0172798 -0.0303982 -0.00404968 -0.0098038 0.00566403 0.0111505 0.0160445 0.000832352 -0.0152597 -0.00535464 -0.0155992 0.00174637 -0.0085383 -0.00896804 -0.00261115 -0.0206771 -0.0115202 -0.0119377 -0.000589226 0.015025 0.00991283 0.00709328 0.000937754 0.00431019 -0.0160835 -0.0175721 0.0124083 0.0113535 -0.00436607 -0.00203736 -0.0274755 -0.00460188 0.00277058 -0.00499853 -0.0014178 0.00924266 -0.00720876 0.00475555 0.0183136 -0.0128003 -0.0221108 -0.0231669 0.00258897 0.00248599 0.00150664 0.00200616 0.0111452 -0.0152479 -0.00395658 0.00369054 -0.00968799 -0.0102382 0.0191869 0.000754233 0.00852391
internal_weight=40822 17145 23677 5320 11825 12514 11163 4367 953 6487 5338 5937 7040 4123 6577 2742 3400 2565 4003 3076 2623 3087 1625 2262 2001 2574 2850 3553 2886 2238 3051 2195 782 3487 1395 759 2328 635 2466 1765 2132 1589 2307 934 2451 1273 1450 814 578 1720 600 1749 1402 1246 1413 1017 1189 2053 1429 884 985 938
internal_count=40822 17145 23677 5320 11825 12514 11163 4367 953 6487 5338 5937 7040 4123 6577 2742 3400 2565 4003 3076 2623 3087 1625 2262 2001 2574 2850 3553 2886 2238 3051 2195 782 3487 1395 759 2328 635 2466 1765 2132 1589 2307 934 2451 1273 1450 814 578 1720 600 1749 1402 1246 1413 1017 1189 2053 1429 884 985 938
cat_boundaries=0 2 4 6 8 10 12 14
cat_threshold=5641225 336072720 302594202 3223463262 1179657 101275904 22732982 1227368025 680042636 2097290 0 553779264 16818204 69206800
is_linear=0
shrinkage=0.05


Tree=22
num_leaves=63
num_cat=14
split_feature=3 3 3 3 3 3 3 3 3 3 3 3 0 3 0 0 3 0 0 0 0 3 11 11 6 3 6 3 0 11 2 2 2 6 6 4 9 11 6 4 5 9 4 5 4 4 4 9 9 6 2 6 11 6 2 5 11 5 3 11 3 2
split_gain=1221.21 226.538 206.429 44.1745 34.5399 30.7653 21.1949 10.0108 6.01345 5.05212 5.00073 3.82798 3.77204 3.7351 3.23466 2.3356 2.28813 2.15879 1.90907 1.89889 1.61804 1.57068 1.53944 1.42107 1.5386 1.40936 1.38741 1.24638 1.19941 1.17707 1.12292 0.99412 0.964995 0.963436 0.980389 0.956702 0.929567 0.878055 0.837806 0.788324 0.776376 0.728524 0.698881 0.68797 0.68191 0.670775 0.653816 0.6436 0.626606 0.621852 0.615536 0.612605 0.929766 0.606787 0.592473 0.591516 0.588817 0.576916 0.559649 0.550939 0.530248 0.525015
threshold=789.45000000000016 1420.9500000000003 356.65000000000003 161.75000000000003 534.35000000000002 2071.7500000000005 1055.6500000000003 265.35000000000008 2484.4500000000003 663.6500000000002 1746.5000000000002 421.85000000000008 0 112.45000000000002 1 2 918.1500000000002 3 4 5 6 200.90000000000003 1431.1157645000001 1201.8300120000001 1.7322150000000003 1202.8500000000001 1.7263350000000002 1253.5500000000002 7 809.04478150000011 8 9 10 2.4762850000000003 1.8623350000000001 32308.500000000004 77.500000000000014 4825.8524800000014 1.7840300000000002 35330.500000000007 1.1628850000000004 62.500000000000007 31576.500000000004 1.0992250000000003 29718.500000000004 26785.500000000004 27838.500000000004 81.500000000000014 77.500000000000014 2.5862150000000006 11 1.4513500000000004 619.1701240000001 1.2642050000000002 12 1.1142700000000001 4046.8779020000006 1.0398100000000003 3071.9000000000001 744.77454200000011 87.250000000000014 13
decision_type=2 2 2 2 2 2 2 2 2 2 2 2 1 2 1 1 2 1 1 1 1 2 2 2 2 2 2 2 1 2 9 9 9 2 2 2 2 2 2 2 2 2 2 2 2 2 2 2 2 2 9 2 2 2 9 2 2 2 2 2 2 9
left_child=2 6 3 13 11 10 12 21 19 22 15 33 40 60 25 -3 35 -12 -11 48 44 -5 26 24 -13 -8 -6 42 53 38 43 55 39 34 -4 50 -17 -22 -30 -18 54 -19 61 -20 -10 -26 -38 -34 -7 -24 -14 -23 -53 -9 -2 -28 -21 -32 -39 -40 -1 -16
right_child=1 5 4 7 9 8 14 28 20 18 17 23 16 -15 27 36 32 41 30 56 37 51 49 -25 45 -27 31 -29 29 -31 57 -33 47 -35 -36 -37 46 58 59 -41 -42 -43 -44 -45 -46 -47 -48 -49 -50 -51 -52 52 -54 -55 -56 -57 -58 -59 -60 -61 -62 -63
leaf_value=-0.036965169570197361 -0.00081253531148616019 0.010434554126619349 -0.011056274298773247 -0.022011380554653528 -0.0032568185372161308 0.012606573722620107 0.002219610460925395 -0.0062531449907534831 0.016604562269651939 -0.0012047636111410897 0.0097584469249586067 -0.0069994893367446957 -0.0039488471488489541 -0.027042209401390144 0.00043777742644497117 0.0058490740015184964 -0.0022441654431428252 0.010115765762311203 -0.0063260550548570361 0.010606014119907164 0.013029768257116787 -0.015969435889089462 -0.0040307082220291104 -0.0060097313911443538 -0.011270433897511666 0.0043619955058240914 -0.0085058003711114202 0.0073844968750491503 -0.014507813390690029 -0.012027923443726361 -0.0040530707925489099 -0.0053075677503693986 -0.00033802391325562814 -0.0091322615911317954 -0.01383557869287317 -0.00052305533196372964 0.0066335239674436388 0.015704187989785932 -0.01793300391873345 0.0015521293370811644 0.0037685301849634022 0.012860908001393032 0.0060572704993633476 -0.0037339877820159019 0.020421750726121846 -0.0094301081586153392 0.0086422018795029119 0.0017921379188790575 0.016069207260957102 0.0010285804037315151 -0.001625403322094288 -0.020313191228148592 -0.016444423616913614 -0.013227071296316421 0.0020493348424246772 -0.0064204044493451741 0.012757871795068293 -0.0020615828559422565 0.01855756800743889 -0.01489892873191551 -0.031373546438612003 0.004403810390999888
leaf_weight=162 225 883 592 634 312 198 1447 36 246 862 1959 520 478 486 111 689 447 332 619 425 293 201 329 333 777 1644 963 832 581 222 674 990 494 242 785 1110 615 1243 639 196 556 1221 746 447 329 1612 1329 1253 608 74 831 697 242 520 874 558 1993 798 243 252 156 657
leaf_count=162 225 883 592 634 312 198 1447 36 246 862 1959 520 478 486 111 689 447 332 619 425 293 201 329 333 777 1644 963 832 581 222 674 990 494 242 785 1110 615 1243 639 196 556 1221 746 447 329 1612 1329 1253 608 74 831 697 242 520 874 558 1993 798 243 252 156 657
internal_value=1.5978e-05 0.00707199 -0.0105828 -0.0192572 -0.0069355 0.0117426 0.00212413 -0.0171112 0.0145165 -0.00458602 0.00953927 -0.0101365 0.000188815 -0.0299634 0.00442455 0.00820028 -0.00051981 0.0108771 -0.00323955 0.0131015 0.0164481 -0.0199311 -0.00600367 -0.00913757 -0.00949344 0.00336012 -0.00641673 0.00582498 -0.0148801 -0.0155589 -0.0039299 -0.00680791 0.000577333 -0.0121298 -0.0126496 -0.00160359 0.00744732 0.0156712 -0.0160829 -0.00106975 0.00224697 0.0122809 0.00496365 -0.00519497 0.0188203 -0.0100331 0.00801048 0.00118317 0.0152353 -0.00310146 -0.00251876 -0.0187559 -0.0193347 -0.0127876 0.00147446 -0.00769491 0.0123842 -0.00295551 0.016183 -0.0170925 -0.0343291 0.00389487
internal_weight=40822 24507 16315 4828 11487 12606 11901 4024 5578 6626 7028 4861 6464 804 5437 3516 4809 3512 3400 3224 2354 1774 3226 3242 2909 3091 2823 2346 2250 1694 2538 2511 2390 1619 1377 2419 2633 1779 1472 643 1655 1553 1514 1066 575 2389 1944 1747 806 403 1309 1140 939 556 1099 1521 2418 1472 1486 891 318 768
internal_count=40822 24507 16315 4828 11487 12606 11901 4024 5578 6626 7028 4861 6464 804 5437 3516 4809 3512 3400 3224 2354 1774 3226 3242 2909 3091 2823 2346 2250 1694 2538 2511 2390 1619 1377 2419 2633 1779 1472 643 1655 1553 1514 1066 575 2389 1944 1747 806 403 1309 1140 939 556 1099 1521 2418 1472 1486 891 318 768
cat_boundaries=0 1 2 3 4 5 6 7 8 10 12 14 16 18 20
cat_threshold=4 1 4 1 4 4 4 4 399919106 2483556616 1515617793 2484013347 1331720 235493504 584074241 92852864 100663361 1132478592 1 115072
is_linear=0
shrinkage=0.05


Tree=23
num_leaves=63
num_cat=24
split_feature=11 11 11 11 11 11 11 7 11 7 11 11 9 11 11 11 0 11 9 0 0 0 0 0 11 11 0 0 0 0 7 1 2 0 11 0 2 1 2 4 5 11 2 4 2 2 4 4 11 4 1 4 0 9 4 7 2 11 4 1 5 4
split_gain=1093.1 195.326 170.038 36.0754 33.1497 19.5763 19.36 8.4907 5.82282 4.82933 5.97722 4.74674 3.95246 3.92091 3.58221 3.12121 2.68659 2.43439 2.03053 1.9491 1.91726 1.76582 1.6544 1.65402 1.54595 1.53738 1.40507 1.3741 1.28319 1.18353 1.15916 1.12002 1.08187 1.06651 1.064 1.02183 0.984367 0.95115 0.930073 0.887613 0.838043 0.802974 0.80189 0.847746 0.773277 0.736286 0.733321 0.711736 0.702909 0.702456 0.683948 0.681562 0.680024 0.669111 0.638565 0.623719 0.614309 0.608977 0.587809 0.601574 0.580112 0.572449
threshold=1757.9494400000003 820.35988600000007 3131.3290545000004 367.87794900000006 1215.1089445000002 2235.0708075000002 4599.588823000001 3.5000000000000004 526.60665450000022 3.5000000000000004 195.08367200000004 3825.5984270000004 88.500000000000014 1458.4260740000002 2570.1774835000001 572.95197200000018 0 999.57655299999999 98.500000000000014 1 2 3 4 5 999.57655299999999 6004.0237970000007 6 7 8 9 3.5000000000000004 10 11 12 2015.1387165000003 13 14 15 16 33541.500000000007 1.2110050000000003 5627.5755800000015 17 22563.500000000004 18 19 31495.500000000004 43243.000000000007 744.77454200000011 31286.500000000004 20 33038.500000000007 21 81.500000000000014 25187.500000000004 5.5000000000000009 22 320.52579500000007 24984.500000000004 23 1.0398100000000003 28808.500000000004
decision_type=2 2 2 2 2 2 2 2 2 2 2 2 2 2 2 2 1 2 2 1 1 1 1 1 2 2 1 1 1 1 2 9 9 1 2 1 9 9 9 2 2 2 9 2 9 9 2 2 2 2 9 2 1 2 2 2 9 2 2 9 2 2
left_child=1 3 5 9 12 20 11 15 29 -1 35 28 24 18 31 -5 41 51 -6 -12 40 39 30 -20 -3 -18 53 -13 -4 -9 -15 42 -24 -19 44 -11 -25 -34 52 -10 56 -8 43 -7 -22 -36 -38 -28 -17 -23 -32 -14 -33 -16 -31 -35 -2 -21 59 -30 -53 -29
right_child=2 4 6 7 13 14 16 8 21 10 19 27 17 22 26 48 25 33 23 57 34 49 32 36 -26 -27 47 61 58 54 50 38 37 55 45 -37 46 -39 -40 -41 -42 -43 -44 -45 -46 -47 -48 -49 -50 -51 -52 60 -54 -55 -56 -57 -58 -59 -60 -61 -62 -63
leaf_value=-0.03230777957609722 0.0049941528664844345 -0.01245678543779977 0.010540767342605617 -0.022333720309393748 -0.0063962101117149882 -0.006010783728623288 0.012642021057285164 -0.013620507245796557 -0.014366188675773387 -0.031364535629425365 -0.022755541719563371 0.013036124144260048 -0.0099747048320307369 -0.0029422942573963835 0.0055735145088123238 -0.017688967858223208 0.015232706435915747 -0.0043472732388486679 -0.0013719961524673507 -0.019093148084170369 -0.0015302521121649186 -0.011803861771583995 -0.0039689320828594976 -0.0025527383308320672 -0.0093154432550669915 0.019109700104533056 0.00516324371695151 0.0097975889149711105 0.0026161587595318757 -0.020401574143177864 -0.0024559305209883326 0.010245137189841888 -3.0994265432440806e-05 -0.0053123989774845545 -0.0012911769437332242 -0.024904696224257353 -0.0070332957381345988 -0.0026889840703529519 0.0035411641733871452 -0.011703404875293149 0.0046071476402346784 0.014816679757628563 0.0031626190544366615 0.0012388025121279653 0.0003175799066735171 0.0016183813096187966 -0.0042323810915978295 0.0082763302791404904 -0.014325715216723357 -0.0092021909110997155 0.0015977171838936497 -0.0097062116617146199 0.0055198240082526152 0.0086942935310459386 -0.016676276782527567 -0.0077232788966066571 0.0011942445233988307 -0.014281927363882806 0.0087277523850061035 0.0076597012321331683 -0.0065857770013037073 0.011369619662736797
leaf_weight=160 115 675 889 349 1059 46 1492 278 783 183 443 984 920 302 252 516 1362 476 559 248 974 545 1205 485 997 340 2313 968 109 181 120 93 471 374 250 143 457 1241 1174 592 329 668 829 283 1328 1426 493 202 274 556 515 253 455 599 559 1058 885 115 2189 514 398 1771
leaf_count=160 115 675 889 349 1059 46 1492 278 783 183 443 984 920 302 252 516 1362 476 559 248 974 545 1205 485 997 340 2313 968 109 181 120 93 471 374 250 143 457 1241 1174 592 329 668 829 283 1328 1426 493 202 274 556 515 253 455 599 559 1058 885 115 2189 514 398 1771
internal_value=1.49544e-05 -0.00920539 0.00727497 -0.0166386 -0.00555181 0.00301047 0.0116397 -0.0145721 -0.0133407 -0.0240319 -0.0228347 0.010143 -0.00858738 -0.00328708 0.00490744 -0.0183347 0.0145135 -0.007622 -0.00462557 -0.0204639 0.000777359 -0.0120201 -0.00222584 -0.00368247 -0.0105903 0.016018 0.0060156 0.0114075 0.00886827 -0.0165377 -0.000397487 0.00361065 -0.00281281 -0.00641422 0.000227836 -0.0286158 -0.00458092 -0.00196259 0.00442952 -0.0132291 0.0024208 0.0133211 0.00233183 0.000203862 -0.000469848 0.00118582 -0.00552762 0.00541647 -0.0165421 -0.0104996 0.000815523 -0.00908385 0.00622555 0.00777779 -0.0176138 -0.00709777 0.00169761 -0.0176124 0.00833596 0.00694757 -0.00781151 0.0108178
internal_weight=40822 17983 22839 5925 12058 11553 11286 4633 3494 1292 1132 7424 5151 6907 6246 1139 3862 3479 3053 806 5307 2476 3854 1994 1672 1702 3366 3723 3701 1018 937 2880 2917 1908 3978 326 1435 1712 1722 1375 1329 2160 1158 329 2302 1676 950 2515 790 1101 635 1571 548 851 740 1432 1000 363 2812 623 651 2739
internal_count=40822 17983 22839 5925 12058 11553 11286 4633 3494 1292 1132 7424 5151 6907 6246 1139 3862 3479 3053 806 5307 2476 3854 1994 1672 1702 3366 3723 3701 1018 937 2880 2917 1908 3978 326 1435 1712 1722 1375 1329 2160 1158 329 2302 1676 950 2515 790 1101 635 1571 548 851 740 1432 1000 363 2812 623 651 2739
cat_boundaries=0 1 2 3 4 5 6 7 8 9 10 12 14 15 16 18 20 22 24 26 28 30 31 33 35
cat_threshold=1 1 4 1 4 4 4 4 4 4 390385993 4002497227 1371947009 2508869912 4 1 1286156678 1126180376 336650264 2153783568 806642725 19407904 402654337 87265 219942509 2660077184 26214920 201916416 1090537480 132096 2 268435988 2214592528 1605760 540928
is_linear=0
shrinkage=0.05


Tree=24
num_leaves=63
num_cat=19
split_feature=3 3 3 3 3 3 3 3 3 0 0 3 3 3 3 3 11 0 11 1 0 0 0 0 3 3 2 1 0 6 6 6 1 3 7 6 0 4 7 6 4 11 6 6 7 1 2 0 4 0 4 6 6 4 4 7 2 6 11 11 6 1
split_gain=996.972 183.429 168.284 41.4938 26.982 21.255 18.5914 9.34682 4.61911 3.83978 3.6352 3.59489 3.38217 3.00232 2.86213 1.9605 1.66174 1.58018 1.52751 1.44917 1.39685 1.38672 1.37364 1.32617 1.3012 1.25191 1.17982 1.13799 1.00698 0.939198 0.921637 0.998931 0.919625 0.90853 0.850419 0.899348 0.792435 0.754335 0.749027 0.716129 0.714751 0.711622 0.843214 0.709848 0.703928 0.698261 0.690645 0.688851 0.679288 0.807775 0.667027 0.66494 0.790309 0.648 0.612241 0.598747 0.59191 0.795502 0.590335 0.576513 0.560867 0.527101
threshold=818.75000000000011 382.15000000000003 1546.6500000000003 176.45000000000002 569.1500000000002 1106.6500000000003 2212.9500000000003 265.35000000000008 112.45000000000002 0 1 706.85000000000002 1291.7500000000002 457.35000000000008 2766.0500000000006 1920.95 1851.1165125000002 2 3981.2034465000006 3 4 5 6 7 957.85000000000002 306.55000000000007 8 9 10 2.2211650000000005 1.5968400000000003 2.4002600000000007 11 218.80000000000004 3.5000000000000004 1.9306150000000002 12 28275.500000000004 5.5000000000000009 1.5108450000000002 32636.500000000004 433.86843749999997 1.4833100000000001 2.6570950000000004 3.5000000000000004 13 14 15 30064.500000000004 16 33948.500000000007 2.4660000000000006 1.7887450000000003 33299.500000000007 30151.500000000004 2.5000000000000004 17 1.9650850000000004 3251.2874640000005 2136.5381470000007 2.4552850000000004 18
decision_type=2 2 2 2 2 2 2 2 2 1 1 2 2 2 2 2 2 1 2 9 1 1 1 1 2 2 9 9 1 2 2 2 9 2 2 2 1 2 2 2 2 2 2 2 2 9 9 1 2 1 2 2 2 2 2 2 9 2 2 2 2 9
left_child=1 3 5 8 13 10 9 33 -1 15 16 19 23 30 22 53 44 -14 34 47 -9 37 -8 61 45 -22 50 29 55 -18 -3 -32 54 39 58 -36 -28 -13 -24 -5 -19 42 -10 -41 -2 -12 -30 -6 -16 -50 -15 52 -27 -4 -25 -21 57 -29 -11 -31 -26 -7
right_child=2 4 6 7 11 12 14 20 41 18 24 21 17 26 48 -17 27 40 -20 28 25 -23 38 32 60 51 36 56 46 59 31 -33 -34 -35 35 -37 -38 -39 -40 43 -42 -43 -44 -45 -46 -47 -48 -49 49 -51 -52 -53 -54 -55 -56 -57 -58 -59 -60 -61 -62 -63
leaf_value=-0.031224162998057459 -0.0033475841719713389 -0.0064012823194692222 0.0068039124298176134 -0.016442039398327155 -0.0039795416998784352 0.0038952709189022956 0.014851702051039634 -0.01103169273470617 -0.021683041457462748 0.0022439621016383175 -0.000150365891523256 -0.0046169480329540319 0.0080979167865729788 -0.0066914690506201524 0.014391906616070666 0.0097537693184454721 -0.00043627125653529221 0.0045533570845303854 0.012195349279168349 -0.0068790039613044682 -0.015388598845650754 -0.001027356881097928 0.011273054767465991 -0.0045137757781979647 0.0029815689284437828 -0.01155654650810079 -0.008999970206240316 0.009768481556748157 0.0010511342156287126 -0.011098959387251826 -0.010749136122539029 -0.0079939581677255112 0.0052459475020091312 -0.016481379779248403 0.012863141318750866 0.009775252793189311 -0.00696082931748623 -0.0024166454357731765 0.013214677273671647 -0.021553652069398337 0.0063947660246268375 -0.019237545479848548 -0.026258559177162522 -0.017595316110097844 -0.00087502149901764331 0.0020273790218938129 -0.0031612971634472895 -0.0071720976907597885 0.019958094407559773 0.015809590467681545 -0.0040627836560410656 -0.010038675870128437 -0.014238992658895009 0.0086125840103844758 0.0032764361804870309 -0.0042715686100088541 0.00071334082052117761 0.002267464325509522 0.0086933486612970259 -0.0026699430136691914 0.0083961061185691514 0.0020126243334403666
leaf_weight=318 463 191 1333 236 228 670 706 715 217 39 679 592 728 678 565 1793 857 1177 1315 279 719 1343 1072 42 1317 485 1158 39 108 32 1463 446 1215 811 345 871 855 1152 1072 349 981 102 316 229 761 800 971 706 178 530 385 210 775 831 60 1108 1209 316 513 55 49 1064
leaf_count=318 463 191 1333 236 228 670 706 715 217 39 679 592 728 678 565 1793 857 1177 1315 279 719 1343 1072 42 1317 485 1158 39 108 32 1463 446 1215 811 345 871 855 1152 1072 349 981 102 316 229 761 800 971 706 178 530 385 210 775 831 60 1108 1209 316 513 55 49 1064
internal_value=1.40945e-05 -0.00916806 0.00666319 -0.0167109 -0.00562156 0.00268159 0.011126 -0.0147093 -0.0261979 0.00956146 0.000723566 -0.0034725 0.00485019 -0.00831375 0.0137945 0.0085246 -0.000302799 0.0060779 0.0108891 -0.00459412 -0.0129992 -0.00223608 0.0128992 0.00368727 0.00206956 -0.0136365 -0.0073127 0.000434316 -0.00389285 -0.000932045 -0.00977586 -0.01011 0.00488414 -0.0177554 0.00991114 0.0106612 -0.00809755 -0.00316575 0.0122496 -0.019003 0.00539301 -0.0236357 -0.0244398 -0.0200185 -0.00181228 0.00104085 -0.00275862 -0.00633015 0.0157874 0.0168793 -0.00569063 -0.0127696 -0.0132164 0.00750212 5.10641e-05 -0.00480064 0.00125702 0.00303149 0.00824257 -0.00586116 0.00318179 0.00277594
internal_weight=40822 17145 23677 5482 11663 12514 11163 4529 953 7040 6577 6487 5937 5176 4123 3957 3732 2886 3083 3400 2904 3087 2850 3051 2845 2189 3076 2508 2466 944 2100 1909 1317 1625 1768 1216 2013 1744 2144 814 2158 635 533 578 1224 1479 1079 934 1273 708 1063 1470 1260 2164 102 1387 1564 355 552 87 1366 1734
internal_count=40822 17145 23677 5482 11663 12514 11163 4529 953 7040 6577 6487 5937 5176 4123 3957 3732 2886 3083 3400 2904 3087 2850 3051 2845 2189 3076 2508 2466 944 2100 1909 1317 1625 1768 1216 2013 1744 2144 814 2158 635 533 578 1224 1479 1079 934 1273 708 1063 1470 1260 2164 102 1387 1564 355 552 87 1366 1734
cat_boundaries=0 1 2 3 5 6 7 8 9 11 13 14 16 17 19 21 22 23 25 27
cat_threshold=1 1 4 5641225 336072720 4 1 4 1 873267614 3819965624 1582716480 579162150 1 541065224 134217920 1 215895145 277368931 134221824 168296450 4 4 541098052 285221057 42476208 673219895
is_linear=0
shrinkage=0.05


Tree=25
num_leaves=63
num_cat=7
split_feature=3 3 3 3 3 3 3 3 3 3 3 3 3 3 4 11 2 4 4 11 6 9 6 6 2 4 6 11 9 6 6 9 4 4 6 11 9 5 2 6 2 5 9 5 3 2 11 6 6 11 3 9 6 9 6 11 6 6 9 4 2 2
split_gain=895.417 172.639 154.075 32.7064 32.4162 18.817 15.7403 6.18991 4.25782 3.9936 3.62905 3.54673 3.38849 2.63401 1.6587 1.42186 1.2465 1.20307 1.17099 1.13764 1.23025 1.11214 1.06643 1.28453 1.05415 0.975051 0.964983 1.06708 0.963498 0.961791 0.875975 0.8741 0.838983 0.835568 0.832199 0.828173 0.798364 0.759904 0.753223 0.672831 0.666464 0.658896 0.653383 0.603537 0.590882 0.582818 0.575595 0.550655 0.588354 0.532232 0.528098 0.54297 0.518664 0.507589 0.497636 0.496253 0.495564 0.494863 0.474453 0.473208 0.46858 0.464815
threshold=818.75000000000011 349.45000000000005 1486.3500000000001 539.55000000000007 176.45000000000002 2153.6500000000005 1055.6500000000003 265.35000000000008 656.85000000000002 1810.3500000000001 112.45000000000002 2649.9500000000003 436.45000000000005 1235.1500000000003 31496.500000000004 2170.1537155000001 0 28454.500000000004 26876.500000000004 1458.4260740000002 1.7735150000000002 79.500000000000014 1.7322150000000003 2.4445050000000004 1 32958.500000000007 1.2642050000000002 798.15376500000013 106.50000000000001 1.9626400000000002 2.4762850000000003 71.500000000000014 33299.500000000007 33130.500000000007 1.7840300000000002 454.24277200000006 107.50000000000001 1.0042350000000002 2 1.4833100000000001 3 1.0908550000000001 69.500000000000014 1.1902550000000003 208.35000000000005 4 3343.6869775000009 1.3291550000000003 2.7489750000000002 3623.6835940000005 87.250000000000014 107.50000000000001 2.3547950000000006 77.500000000000014 1.9393950000000002 2002.7800610000002 1.5360550000000004 2.2782000000000004 77.500000000000014 32958.500000000007 5 6
decision_type=2 2 2 2 2 2 2 2 2 2 2 2 2 2 2 2 9 2 2 2 2 2 2 2 9 2 2 2 2 2 2 2 2 2 2 2 2 2 9 2 9 2 2 2 2 9 2 2 2 2 2 2 2 2 2 2 2 2 2 2 9 9
left_child=1 4 6 12 10 9 15 44 19 17 50 18 30 24 38 16 32 -4 52 20 -5 55 -14 -24 -8 45 -9 34 49 -23 31 -3 -2 -13 -28 39 -20 46 -10 -12 -17 -40 -16 -26 -6 -15 -19 -46 -49 -11 -1 -52 -7 -27 -55 -18 -33 -39 -22 -30 -44 -60
right_child=2 3 5 8 7 11 13 26 14 28 35 33 22 25 42 40 21 37 36 -21 58 29 23 -25 43 53 27 -29 59 -31 -32 56 -34 -35 -36 -37 -38 57 41 -41 -42 -43 60 -45 47 -47 -48 48 -50 -51 51 -53 -54 54 -56 -57 -58 -59 61 -61 -62 -63
leaf_value=-0.031967476778235172 -0.0024069191220797911 -0.01256629969655495 0.0062408646742943049 -0.0025947127815623785 -0.018348414116297607 0.010553401705810334 0.0049900149025601855 -0.0051714280797612103 -0.0020089154489912105 0.0069302024078858014 -0.020744778098244418 0.01368072208965971 -0.0052858299486098692 0.00033886084591648423 -0.0032005277140169856 -0.0012131624204959092 -0.001608401658450788 0.0057133444260874522 0.011040607014795145 -0.0018312985477192949 -0.0067764173382499687 0.0022944054043739863 -0.0084346414758122729 -0.0052818935155412375 0.0020637455818584135 0.0043651109723002145 -0.012338501427562803 -0.010735933256243101 0.0098575661035468776 0.00032488330531967318 -0.0077572388000341818 -0.0072303557631336838 0.00027197246709262981 0.016012995831974568 -0.014694984883455367 -0.016847848736528139 0.013159773265626154 0.0086783139618093249 -0.0050636585065685314 -0.024810653764166329 0.0028966634315330687 -0.0029051473061909795 -0.0019207021779683491 0.0037236228077203652 -0.011639270564056423 0.0045082678664333997 0.0084193986816165963 -0.017110787816491023 -0.013068204685564964 0.0093435499949001636 -0.031537611755457794 -0.02395522018464712 0.00647251798460881 0.0087521075124019077 0.0060411192530125616 0.0009598102344405391 -0.010266020012173808 0.012556918995811584 -0.0031843846777617132 0.011320958423093962 -0.00028180815341019821 -0.0056881854081415311
leaf_weight=162 727 428 1212 376 647 666 570 41 707 316 208 1008 460 102 452 113 710 433 749 269 709 981 2062 391 1831 325 728 412 1434 1682 351 162 488 729 927 66 1322 1277 831 379 685 625 834 785 72 1657 381 768 123 1016 54 103 95 227 758 255 1325 93 343 1041 929 1213
leaf_count=162 727 428 1212 376 647 666 570 41 707 316 208 1008 460 102 452 113 710 433 749 269 709 981 2062 391 1831 325 728 412 1434 1682 351 162 488 729 927 66 1322 1277 831 379 685 625 834 785 72 1657 381 768 123 1016 54 103 95 227 758 255 1325 93 343 1041 929 1213
internal_value=4.99952e-06 -0.00869192 0.00630952 -0.00561485 -0.0168685 0.0103647 0.00229612 -0.0147354 -0.00345524 0.00876992 -0.0250042 0.0128763 -0.00865265 0.00402311 -0.00246899 0.000380791 5.83774e-05 0.00751758 0.0117724 -0.00493766 -0.00525325 0.000522677 -0.00751817 -0.00793446 0.00301435 0.00506899 -0.0129364 -0.0130878 0.0098848 0.00105101 -0.0101071 -0.0105335 -0.00132075 0.0146682 -0.0136665 -0.0227714 0.0123991 0.0082229 -0.00345378 -0.0234077 0.00233498 -0.00411151 -0.0015062 0.00255331 -0.0170814 0.00429436 0.00698871 -0.016212 -0.016568 0.00877664 -0.0294894 -0.0267463 0.0100531 0.00610505 0.00667413 -0.000929464 -0.00994038 0.00895057 -0.00569323 0.0104774 -0.00107023 -0.00519564
internal_weight=40825 17157 23668 12467 4690 11772 11896 3718 7288 7203 972 4569 5179 6255 4378 5641 4843 3396 2832 2910 2641 3628 2913 2453 3186 3069 2108 2067 3807 2663 2266 1915 1215 1737 1655 653 2071 2184 2163 587 798 1456 2215 2616 1610 1759 814 963 891 1332 319 157 761 1310 985 965 1487 1370 2265 2475 1763 1556
internal_count=40825 17157 23668 12467 4690 11772 11896 3718 7288 7203 972 4569 5179 6255 4378 5641 4843 3396 2832 2910 2641 3628 2913 2453 3186 3069 2108 2067 3807 2663 2266 1915 1215 1737 1655 653 2071 2184 2163 587 798 1456 2215 2616 1610 1759 814 963 891 1332 319 157 761 1310 985 965 1487 1370 2265 2475 1763 1556
cat_boundaries=0 2 4 6 8 10 12 14
cat_threshold=68174369 59349122 671350820 1091076097 1208590662 153103995 536871424 20640 17039360 268582912 398899200 2445940026 142704644 184557378
is_linear=0
shrinkage=0.05


Tree=26
num_leaves=63
num_cat=6
split_feature=3 3 3 3 3 3 3 3 3 3 3 3 3 3 3 4 4 2 4 5 2 6 11 3 2 6 11 9 9 4 6 9 2 11 3 6 9 2 4 5 6 11 11 4 2 6 6 6 5 9 11 6 11 5 11 6 6 5 6 4 5 6
split_gain=808.344 155.86 139.052 29.5104 29.3671 16.9844 14.2155 6.71883 3.86459 3.60383 3.26068 3.05939 2.42218 2.23778 1.43271 1.41569 1.17486 1.15276 1.08641 1.04155 1.03506 0.965495 1.32876 0.937628 0.930331 0.879326 1.28719 0.869349 0.858356 0.820795 0.790362 0.789452 0.753388 0.723629 0.711555 0.695332 0.686846 0.674964 0.647024 0.636011 0.61204 0.688222 0.607501 0.606363 0.539435 0.512124 0.540548 0.500727 0.500098 0.490197 0.489266 0.481002 0.480054 0.475383 0.452879 0.734326 0.450843 0.447447 0.446629 0.441565 0.438035 0.419872
threshold=818.75000000000011 349.45000000000005 1486.3500000000001 539.55000000000007 161.75000000000003 2153.6500000000005 1064.1500000000003 265.35000000000008 644.75000000000011 1810.3500000000001 2766.0500000000006 436.45000000000005 87.250000000000014 1244.0000000000002 902.45000000000016 29069.500000000004 27838.500000000004 0 28454.500000000004 1.3005050000000002 1 1.8219950000000003 1156.8177760000001 200.90000000000003 2 1.9019750000000002 1604.1152730000001 106.50000000000001 107.50000000000001 32958.500000000007 2.4762850000000003 71.500000000000014 3 5627.5755800000015 1675.4500000000003 2.2211650000000005 73.500000000000014 4 25602.500000000004 1.0348533431952667 1.2642050000000002 798.15376500000013 1470.7383740000002 32719.500000000004 5 1.3291550000000003 2.7489750000000002 1.8686350000000003 1.3602150000000002 61.500000000000007 388.2699545000001 2.2483150000000003 3623.6835940000005 1.1142700000000001 494.6125995000001 1.5108450000000002 1.7110700000000001 1.0908550000000001 1.5360550000000004 39024.500000000007 1.1657500000000003 1.8586450000000003
decision_type=2 2 2 2 2 2 2 2 2 2 2 2 2 2 2 2 2 9 2 2 9 2 2 2 9 2 2 2 2 2 2 2 9 2 2 2 2 9 2 2 2 2 2 2 9 2 2 2 2 2 2 2 2 2 2 2 2 2 2 2 2 2
left_child=1 4 6 11 12 9 14 23 19 18 16 30 -1 24 32 37 -7 51 -4 38 -9 -13 -23 54 -8 -17 -27 52 -18 44 31 -3 -2 -12 39 -35 -14 -10 -5 -20 -22 56 -21 -19 -15 -25 -47 -45 61 -26 -38 -16 -11 -53 55 -6 -42 -39 -33 -29 -34 -31
right_child=2 3 5 8 7 10 13 20 15 27 33 21 36 29 17 25 28 43 34 42 40 22 -24 45 49 26 -28 59 -30 48 -32 58 60 35 -36 -37 50 57 -40 -41 41 -43 -44 47 -46 46 -48 -49 -50 -51 -52 53 -54 -55 -56 -57 -58 -59 -60 -61 -62 -63
leaf_value=-0.030378908796544458 -0.0018153597931095935 -0.011939449293977453 0.005929078693944663 -0.006768587182453845 -0.016367597721124949 0.0099465966919960354 0.0018716969358096723 -0.0143667744731731 -0.0020237060553957536 0.00658478538508671 0.012668341237145501 -0.0055434435616565983 -0.026592092831929526 0.00030155200081214578 -0.00062130177174648821 -0.0002792780345328939 0.010697275581684981 0.00094714263581156767 0.0057568773630560502 -0.0029725828035720354 -0.0046875086799263964 -0.0084311740495198861 -0.0056482461791646441 -0.011758232001484056 0.0020479947674910464 -0.0032903974559747814 -0.00086553541556114307 0.009627398012717274 0.012782630037999596 0.008743346130917545 -0.0073704787940104405 -0.0068710558562099571 -0.00054044558258895014 0.016515427764893047 0.0088771545185691459 0.013353071394173997 -0.02278897907282855 -0.0051597977601122152 -0.0047555786795156823 0.0080499974045735358 -0.010492951102844142 -0.0090622799615692178 0.0041581375228071753 0.0050380945413720591 0.0043549981531610504 -0.016398560790245705 -0.012840673772970568 0.002063004904447446 0.0098823002212353669 0.0040904657116920462 -0.016964464281734669 -0.00033988171856159742 0.0088768318535406565 0.004915172806275743 -0.015728394008431758 -0.020802331735067264 -0.012770892411470414 -0.003153276884426705 -0.0097531061136300039 0.011455631054920791 0.0013910609453700257 0.0052900687549300128
leaf_weight=162 808 428 1212 533 189 1017 1306 751 565 316 443 725 149 100 1085 743 824 1377 567 326 39 1587 601 96 369 1293 950 2039 1456 98 351 162 854 508 927 321 443 664 1692 690 411 308 32 168 1570 880 147 894 73 1505 56 88 1016 83 190 270 599 490 1325 436 446 1072
leaf_count=162 808 428 1212 533 189 1017 1306 751 565 316 443 725 149 100 1085 743 824 1377 567 326 39 1587 601 96 369 1293 950 2039 1456 98 351 162 854 508 927 321 443 664 1692 690 411 308 32 168 1570 880 147 894 73 1505 56 88 1016 83 190 270 599 490 1325 436 446 1072
internal_value=4.53571e-06 -0.00825872 0.00599469 -0.005335 -0.0160278 0.00984707 0.00218195 -0.0142129 -0.00328362 0.00833197 0.0122333 -0.00822056 -0.0246928 0.00386854 0.000410721 -0.00242963 0.0113933 0.00100403 0.00714231 -0.00483763 -0.0122906 -0.00714258 -0.00766969 -0.0164915 0.00294971 -0.00177057 -0.00226422 0.00939105 0.012034 0.00487023 -0.00960257 -0.0100076 -0.000629235 0.0143997 0.00781256 0.0153085 -0.0232266 -0.00357278 -0.00524062 0.00702103 -0.0109455 -0.0112099 -0.00232539 0.00163387 0.00414047 -0.0155588 -0.0159023 0.00253794 0.00584656 0.00367003 -0.0221706 -0.000230551 0.00833842 0.00222456 -0.0180791 -0.0190158 -0.0118552 -0.00427427 -0.00944395 0.00995396 0.000121833 0.00558654
internal_weight=40825 17157 23668 12467 4690 11772 11896 3880 7288 7203 4569 5179 810 6093 5803 4705 3297 3695 3396 2583 2108 2913 2188 1772 3180 2986 2243 3807 2280 2913 2266 1915 2108 1272 2184 829 648 1719 2225 1257 1357 1318 358 2439 1670 1123 1027 1062 1243 1874 499 1256 1332 171 649 459 1010 1154 1487 2475 1300 1170
internal_count=40825 17157 23668 12467 4690 11772 11896 3880 7288 7203 4569 5179 810 6093 5803 4705 3297 3695 3396 2583 2108 2913 2188 1772 3180 2986 2243 3807 2280 2913 2266 1915 2108 1272 2184 829 648 1719 2225 1257 1357 1318 358 2439 1670 1123 1027 1062 1243 1874 499 1256 1332 171 649 459 1010 1154 1487 2475 1300 1170
cat_boundaries=0 2 4 6 8 10 12
cat_threshold=68424329 2181913760 123341864 2483606048 1459686729 2919358374 650306593 394319891 1217102086 186658425 17039360 268582912
is_linear=0
shrinkage=0.05


Tree=27
num_leaves=63
num_cat=15
split_feature=11 11 11 11 11 11 11 6 6 6 11 6 11 11 11 11 11 0 6 6 6 0 0 11 6 9 6 6 11 6 11 0 11 2 6 6 2 6 1 11 11 11 9 6 1 1 5 1 6 9 0 1 9 2 9 1 2 8 11 9 11 6
split_gain=723.845 127.097 125.327 24.1057 19.567 14.7463 13.69 10.0324 8.71033 5.97754 4.74967 4.23314 4.01613 3.49944 3.25076 2.48783 2.09045 2.01165 2.61503 2.00503 1.81517 2.17094 1.75876 1.52037 1.4908 1.38784 1.31374 1.23163 1.20436 1.09675 1.03152 0.98115 0.979034 0.961354 0.954587 0.943622 0.9226 0.888322 0.858711 0.851609 0.746519 0.728773 0.686454 0.685216 0.683903 0.654249 0.654178 0.650964 0.634598 0.629898 0.62494 0.618703 0.591688 0.571931 0.882562 0.546239 0.564266 0.5346 0.566318 0.534122 0.525925 0.523192
threshold=1694.4036865 744.77454200000011 3100.8351220000009 1215.1089445000002 367.87794900000006 2235.0708075000002 4133.0081880000007 1.7887450000000003 1.9110350000000003 1.6253450000000003 195.08367200000004 1.9278950000000001 987.72973600000012 5120.5068640000009 526.60665450000022 526.60665450000022 1406.4376095000005 0 1.9420900000000001 2.2914700000000008 1.9471700000000001 1 2 947.87972550000006 2.1946450000000008 60.500000000000007 2.1507850000000004 1.4513500000000004 1963.4553050000002 2.1888650000000003 2875.1543120000006 3 232.06818700000002 4 1.5360550000000004 1.7322150000000003 5 1.7735150000000002 6 3680.2868060000005 2691.2295540000005 6004.0237970000007 84.500000000000014 1.9471700000000001 7 8 1.1786800000000002 9 2.0306050000000004 26.500000000000004 10 11 73.500000000000014 12 73.500000000000014 13 14 5.5000000000000009 433.86843749999997 73.500000000000014 6004.0237970000007 1.3291550000000003
decision_type=2 2 2 2 2 2 2 2 2 2 2 2 2 2 2 2 2 1 2 2 2 1 1 2 2 2 2 2 2 2 2 1 2 9 2 2 9 2 9 2 2 2 2 2 9 9 2 9 2 2 1 9 2 9 2 9 9 2 2 2 2 2
left_child=1 4 5 8 9 20 22 15 23 10 50 25 -10 24 -9 27 45 29 -19 41 21 33 42 35 -8 -5 39 -6 55 30 47 -26 -11 49 -17 -3 46 -25 -27 -24 -38 -15 -4 -44 -30 -13 48 53 -20 -2 -1 -18 -34 54 -7 56 -22 -29 -59 -16 -21 -12
right_child=2 3 6 11 7 17 13 14 12 32 61 16 -14 19 59 34 51 18 36 60 28 -23 26 37 31 38 -28 57 44 -31 -32 -33 52 -35 -36 -37 40 -39 -40 -41 -42 -43 43 -45 -46 -47 -48 -49 -50 -51 -52 -53 -54 -55 -56 -57 -58 58 -60 -61 -62 -63
leaf_value=-0.025238279910071899 -0.001928175730100865 -0.004091272759924997 0.0075300273935839605 -0.0047586102048912766 -0.0086249360178665413 0.011564277652244543 0.010824899991765675 -0.018303559979896987 -0.010260143820947693 -0.030052100297282724 -0.012652847042610479 -0.0078044121859324397 -0.0071243353666645796 0.012923093224316201 -0.01515861810902833 -0.0050401827013390006 -0.00066803186512748487 0.0078124913018383689 -0.0056943660507216883 0.0085044631529051593 0.0020315123546574567 0.0037951925681454671 0.0069320194603356188 -0.0014706147376903876 0.0076201116562717502 -0.002366536280801303 0.0055289073215675152 -0.012556885209586055 -0.00062658274529974042 0.00077534437039751287 0.0052267725145496175 0.011089335789438338 -0.026754762724574124 -0.0013454776291860024 -0.0089290124936935739 -0.0071971430189230233 0.0036919746202841424 -0.0045250721602910658 0.00054366390821503454 0.008614336765094233 0.0058183471511670977 0.015388650830210166 0.012305584459006787 0.0091554633219656425 0.0013069960832134896 -0.0045012273398005072 0.0050913076107509635 0.0020785186472111602 0.0011857478521338444 0.0040887596273444871 -0.019777394074571228 -0.0030443946275307862 -0.021565432500159534 0.0032022157419724709 0.004484874344574891 -0.0015217817246933113 -0.00064257161561682096 -0.022753256186842919 -0.013352636293489107 -0.013008840564434035 0.011546005613424561 -0.01599534197251002
leaf_weight=151 57 431 425 180 204 62 2589 562 1908 84 214 216 2229 1176 505 206 333 612 42 271 250 767 1829 449 773 316 973 445 631 439 645 287 111 470 747 582 1079 509 1117 1337 679 458 249 678 1619 1498 77 1196 151 176 128 2488 227 972 155 1313 797 31 48 947 351 374
leaf_count=151 57 431 425 180 204 62 2589 562 1908 84 214 216 2229 1176 505 206 333 612 42 271 250 767 1829 449 773 316 973 445 631 439 645 287 111 470 747 582 1079 509 1117 1337 679 458 249 678 1619 1498 77 1196 151 176 128 2488 227 972 155 1313 797 31 48 947 351 374
internal_value=4.00188e-06 -0.0077829 0.00569611 -0.0050445 -0.0145145 0.00217157 0.00946538 -0.0126571 -0.00726908 -0.0198248 -0.0174034 -0.00283357 -0.00857271 0.0111377 -0.015041 -0.00979375 -0.00361589 0.00390634 0.00494713 0.0126944 0.000428175 0.00195745 0.00766524 -0.00452988 0.0101721 -0.000633155 0.00714897 -0.0120039 -5.97863e-05 0.00311308 0.00345141 0.00856899 -0.0247468 -5.01399e-05 -0.00809457 -0.00588103 0.00407901 -0.00309652 -0.000111998 0.00764496 0.00449056 0.0136232 0.00923928 0.010014 0.00076772 -0.00499356 0.00118327 0.0029693 -0.000333114 0.00250769 -0.0228125 -0.00277737 -0.0233435 0.00381331 0.00626399 -0.000848713 1.04224e-05 -0.0133005 -0.0172798 -0.0137664 0.0102366 -0.0148024
internal_weight=40825 17240 23585 12256 4984 12189 11396 3695 6108 1289 867 6148 4137 5905 2014 1681 4535 6109 2640 2256 6080 1470 5491 1971 3649 1613 4139 728 4610 3469 3030 1060 422 703 953 1013 2028 958 1433 3166 1758 1634 1352 927 2250 1714 270 2385 193 233 279 2821 338 1189 217 2360 1047 524 79 1452 622 588
internal_count=40825 17240 23585 12256 4984 12189 11396 3695 6108 1289 867 6148 4137 5905 2014 1681 4535 6109 2640 2256 6080 1470 5491 1971 3649 1613 4139 728 4610 3469 3030 1060 422 703 953 1013 2028 958 1433 3166 1758 1634 1352 927 2250 1714 270 2385 193 233 279 2821 338 1189 217 2360 1047 524 79 1452 622 588
cat_boundaries=0 1 2 3 4 6 8 10 12 14 16 17 19 21 23 25
cat_threshold=1 1 4 1 541089812 86515921 16778753 268599424 4986892 2483044608 784336064 377815043 393224 336597024 278407858 674299157 1 33028 2287995416 402669573 16777232 679660034 1470402503 272928960 3221250304
is_linear=0
shrinkage=0.05


Tree=28
num_leaves=63
num_cat=16
split_feature=3 3 3 3 3 3 3 3 11 3 0 0 3 3 0 0 0 1 1 3 3 3 0 0 4 4 0 6 3 6 1 6 11 6 3 1 9 4 4 6 9 6 11 11 1 9 11 1 11 6 6 9 6 6 9 4 0 4 6 0 9 9
split_gain=659.487 123.995 118.218 24.1243 20.4752 13.9963 13.9769 5.49051 4.59862 2.48537 2.42084 2.41649 2.39649 2.06163 1.88246 1.78819 1.41298 1.33185 1.25825 1.18809 0.988828 0.904106 0.892101 0.886054 0.879693 0.873332 0.873015 0.803738 0.790745 0.773368 0.764463 0.76247 0.759973 0.714885 0.714014 0.708338 0.695876 0.685828 0.651977 0.650458 0.662569 0.645369 0.626438 0.596675 0.591452 0.590653 0.590627 0.553598 0.55029 0.506482 0.501783 0.499909 0.478794 0.541097 0.474412 0.471155 0.467359 0.467109 0.457665 0.452028 0.450383 0.418623
threshold=789.45000000000016 1486.3500000000001 349.45000000000005 161.75000000000003 539.55000000000007 1055.6500000000003 2354.9000000000005 265.35000000000008 3825.5984270000004 431.15000000000003 0 1 631.55000000000007 87.250000000000014 2 3 4 5 6 1244.0000000000002 902.45000000000016 1703.4500000000003 7 8 23350.500000000004 32081.500000000004 9 1.8897250000000001 200.90000000000003 2.2211650000000005 10 2.2414750000000008 5729.1904720000011 1.7679250000000002 1235.1500000000003 11 81.500000000000014 29626.500000000004 27374.500000000004 2.4762850000000003 71.500000000000014 1.2642050000000002 1976.4797100000001 1809.4293180000002 12 73.500000000000014 1667.7240575000001 13 4684.8139195000012 2.6306300000000005 1.7840300000000002 106.50000000000001 1.4513500000000004 2.7489750000000002 106.50000000000001 23096.500000000004 14 28985.000000000004 2.4002600000000007 15 64.500000000000014 34.500000000000007
decision_type=2 2 2 2 2 2 2 2 2 2 1 1 2 2 1 1 1 9 9 2 2 2 1 1 2 2 1 2 2 2 9 2 2 2 2 9 2 2 2 2 2 2 2 2 9 2 2 9 2 2 2 2 2 2 2 2 1 2 2 1 2 2
left_child=2 5 3 13 9 11 8 28 15 39 19 17 23 -1 31 27 48 29 26 47 35 61 -11 38 36 49 -14 -3 59 43 -25 -10 -18 -20 -26 -13 -12 -24 -6 40 -4 -27 51 -2 -42 -15 -35 -7 -8 50 -9 -19 -30 -54 -16 -21 -47 -28 -50 -5 -22 -17
right_child=1 6 4 7 12 10 16 25 14 22 24 20 18 45 54 21 32 42 33 55 60 -23 37 30 34 41 57 -29 52 -31 -32 -33 -34 46 -36 -37 -38 -39 -40 -41 44 -43 -44 -45 -46 56 -48 -49 58 -51 -52 -53 53 -55 -56 -57 -58 -59 -60 -61 -62 -63
leaf_value=-0.027570442105729228 -0.0027676981598130984 0.011292238708704576 -0.010957127423025667 -0.013821348893534709 -0.0069466511026845066 0.00316846688066472 0.0090053887521907832 -0.010828377499075776 0.0086792937500583776 -0.0050107534561470678 -0.00069604002077058868 -0.0010472188683891565 -0.001558188945836426 -0.024086202636361125 0.0090408994425689015 0.0032149846197734051 0.012084531344615731 -0.001731026334714573 0.00071082323490092181 0.0015263249361798579 0.0003963501672096288 0.0069792165735608792 -0.008020069101480903 -0.0052436016988127955 0.0041313142373987357 -0.0029993776560706255 -0.0052981068738209049 0.007790920318726028 -0.011604012254321455 -0.0061601110492983478 -0.0021530332116652525 0.0067824131043677412 0.014674793179412254 -0.0024131050795088882 0.0059402342705354057 0.0012617500471618344 0.0037712341350971327 -0.0062476948210219742 -0.0045606004236905641 -0.006658943896097726 -0.0051727044183343396 -0.010221835966134858 0.0012640795682862722 -0.00065719069306052541 -0.0091109691159205249 -0.02142512615408786 -0.00022334446419360271 0.0012196420166007914 0.011604422661268217 -0.0087663029994944058 -0.013313419305832803 0.00019617473124819364 -0.015087201656854671 -0.011542250049879424 0.010679811265200841 0.0039230493795401403 -0.017818627904842396 -0.0033921562699591071 0.0078627506194978349 -0.017182306593533644 0.0025301806920898146 0.0056115926558239198
leaf_weight=162 594 218 399 165 435 510 342 351 1621 765 120 593 437 149 743 214 784 541 268 241 311 1618 971 340 1142 33 529 757 195 98 609 826 508 1748 1071 728 315 1328 877 331 221 961 731 768 1164 298 374 1412 1255 115 648 887 781 147 1348 1444 201 847 97 484 1214 1441
leaf_count=162 594 218 399 165 435 510 342 351 1621 765 120 593 437 149 743 214 784 541 268 241 311 1618 971 340 1142 33 529 757 195 98 609 826 508 1748 1071 728 315 1328 877 331 221 961 731 768 1164 298 374 1412 1255 115 648 887 781 147 1348 1444 201 847 97 484 1214 1441
internal_value=3.4561e-06 0.00519294 -0.00777823 -0.0144799 -0.00507767 0.00177023 0.00889083 -0.0128351 0.00788453 -0.00742008 0.0034562 0.00013873 -0.00320007 -0.0223334 0.00899325 0.00669828 0.0118481 -0.00071843 -0.00249289 0.00261211 0.00122857 0.00613393 -0.00650471 -0.00451297 0.00460457 -0.0110973 -0.0034907 0.00858455 -0.0148949 -0.00187764 -0.00334251 0.00804202 0.0131136 -0.00171306 0.00500904 0.000226863 0.00254011 -0.00699943 -0.0053564 -0.00874247 -0.0091251 -0.00998531 7.43286e-05 -0.00157899 -0.0085898 -0.0209837 -0.00202745 0.00176096 0.0108758 -0.0120797 -0.012452 -0.000534649 -0.0140399 -0.0145387 0.0101021 0.00358136 -0.020011 -0.00412821 0.011342 -0.0163504 0.00209556 0.00530383
internal_weight=40825 24492 16333 4690 11643 12720 11772 3880 8786 5179 6255 6465 6464 810 4538 4248 2986 3619 4203 3607 2846 3273 3064 2261 2648 2108 1813 975 1772 1460 949 2447 1292 2390 2213 1321 435 2299 1312 2115 1784 994 2159 1362 1385 648 2122 1922 1694 1114 999 1428 1123 928 2091 1685 499 1376 1352 649 1525 1655
internal_count=40825 24492 16333 4690 11643 12720 11772 3880 8786 5179 6255 6465 6464 810 4538 4248 2986 3619 4203 3607 2846 3273 3064 2261 2648 2108 1813 975 1772 1460 949 2447 1292 2390 2213 1321 435 2299 1312 2115 1784 994 2159 1362 1385 648 2122 1922 1694 1114 999 1428 1123 928 2091 1685 499 1376 1352 649 1525 1655
cat_boundaries=0 1 2 3 4 5 7 9 10 11 12 14 16 18 20 21 22
cat_threshold=1 1 1 4 1 491537889 235917858 123616266 2483220480 4 1 4 315116041 337248288 1540758597 2424983552 2281703684 1092627008 277356720 2130195 1 4
is_linear=0
shrinkage=0.05


Tree=29
num_leaves=63
num_cat=18
split_feature=3 3 3 3 3 3 3 3 3 3 0 0 3 0 3 3 0 1 0 0 3 4 1 0 1 11 4 3 4 0 11 7 4 1 4 1 6 4 4 1 11 6 11 0 4 4 1 1 3 11 9 4 3 6 6 9 9 1 4 4 9 4
split_gain=595.58 121.639 98.5002 21.2872 16.9919 14.4031 12.9566 3.85085 2.7895 2.64102 2.53486 2.46496 2.39831 2.19694 1.86286 1.57121 1.46474 1.41095 1.11669 1.09717 1.09211 0.996558 0.99392 0.93692 0.828928 0.820179 0.815741 0.811994 0.798564 0.784719 0.753676 0.751692 0.83898 0.673838 0.644378 0.643692 0.617062 0.593957 0.570866 0.549341 0.548479 0.538684 0.852684 0.538588 0.600374 0.536591 0.550498 0.5254 0.518777 0.507749 0.496751 0.49271 0.488587 0.603073 0.479306 0.472529 0.47188 0.471864 0.440826 0.43266 0.424603 0.424359
threshold=759.1500000000002 1447.3500000000001 313.35000000000008 506.45000000000005 161.75000000000003 2018.3000000000004 1055.6500000000003 2417.7500000000005 616.55000000000007 396.35000000000008 0 1 239.05000000000004 2 87.250000000000014 1703.4500000000003 3 4 5 6 902.45000000000016 33541.500000000007 7 8 9 772.98358000000019 29319.500000000004 1183.8500000000001 32081.500000000004 10 1976.4797100000001 4.5000000000000009 23219.500000000004 11 26581.500000000004 12 1.4513500000000004 26490.500000000004 26396.500000000004 13 1109.2778770000002 1.5360550000000004 526.60665450000022 14 32308.500000000004 29802.500000000004 15 16 1253.5500000000002 5857.6633305000005 283.50000000000006 38251.500000000007 836.1500000000002 2.2211650000000005 1.9194000000000002 107.50000000000001 69.500000000000014 17 20339.500000000004 32550.500000000004 105.50000000000001 33621.500000000007
decision_type=2 2 2 2 2 2 2 2 2 2 1 1 2 1 2 2 1 9 1 1 2 2 9 1 9 2 2 2 2 1 2 2 2 9 2 9 2 2 2 9 2 2 2 1 2 2 9 9 2 2 2 2 2 2 2 2 2 9 2 2 2 2
left_child=2 6 4 9 14 11 10 16 23 26 17 34 29 27 -1 47 61 21 39 -9 33 52 -20 -5 51 36 -4 -8 40 -6 -19 32 -15 -12 -3 -30 -14 -21 -18 -10 54 -31 -43 44 -16 46 -17 59 -33 -39 -37 -25 -2 -54 -11 -40 -24 -29 -49 -13 -60 -7
right_child=1 5 3 8 12 7 13 19 18 28 20 15 25 31 43 45 38 30 22 37 -22 -23 56 24 -26 -27 -28 57 35 41 -32 48 -34 -35 -36 50 -38 49 55 -41 -42 42 -44 -45 -46 -47 -48 58 -50 -51 -52 -53 53 -55 -56 -57 -58 -59 60 -61 -62 -63
leaf_value=-0.026200377301204565 -0.0044517586897556824 0.0066770740845948128 -0.010457929935147789 -0.0055425065397849364 -0.012387871244019527 0.0097667218171633222 0.0013189481007596265 0.010543160264443354 0.0018096356240515461 -0.0068670221251146552 -0.00094428629003457092 0.00020591388092092847 -0.0092711383139992016 -0.00028800262545305148 -0.023280744554038252 0.002229331478999137 0.0070737707724964072 -0.00064096774277274695 -0.0042839948171875773 0.010613576187441747 0.0019908817605547875 -0.00040634941938353275 -0.0039460838844614298 -0.0054999732774180868 -0.0030062187283381187 -0.00812421546588021 -0.0084178253703641407 0.0046824866161014975 -0.0073813122922928272 -0.013252426378457484 0.0013107958848001951 0.0042411706043384593 0.003811584230447221 0.0010592518842646873 0.0089901459738817059 -0.0052506808447079813 -0.012482576909303759 0.012309402524032327 0.0076695915660301974 -0.0016574407843420219 -0.0052008614328629644 -0.017377870941918012 -0.013457362959566324 -0.01792836259542541 -0.018774656281712349 0.0074852017358373289 0.0063951176963187202 0.0027473077678658708 0.0061952422861735121 0.014989766298617372 -0.00061350416926870828 -0.011208542130474116 -0.001745599442282957 -0.0072437605256844249 -0.0088090144952789676 0.0093644000143109571 -0.0018547707947785064 0.0025244656020592358 0.0044059194808154286 0.0048170632945940548 0.0060993577222581271 0.012154031743170226
leaf_weight=162 340 440 845 1649 325 519 1290 1505 125 550 766 114 187 146 208 128 703 1651 1208 299 1525 652 347 194 1034 154 1286 341 647 260 705 893 853 902 1090 732 1266 534 672 810 200 480 229 263 177 1427 988 162 564 322 63 48 679 53 853 1254 1223 1685 587 91 1079 341
leaf_count=162 340 440 845 1649 325 519 1290 1505 125 550 766 114 187 146 208 128 703 1651 1208 299 1525 652 347 194 1034 154 1286 341 647 260 705 893 853 902 1090 732 1266 534 672 810 200 480 229 263 177 1427 988 162 564 322 63 48 679 53 853 1254 1223 1685 587 91 1079 341
internal_value=2.89418e-06 0.00473361 -0.00770623 -0.00547327 -0.0148115 0.00831034 0.00137311 0.0100193 -0.00359823 -0.00787678 -3.07329e-05 0.00658801 -0.0130148 0.00314172 -0.0212223 0.00600396 0.00891956 -0.000856413 -0.00268721 0.0114578 0.00102426 -0.0019375 -0.00319024 -0.00475337 -0.00373 -0.0117025 -0.00923131 0.00230102 -0.00692611 -0.0146342 -5.63823e-05 0.00427541 0.00321276 0.000139836 0.00832974 -0.00606023 -0.0120759 0.0126395 0.00832467 -0.00119086 -0.00770075 -0.0153741 -0.0161323 -0.0199394 -0.0212631 0.0068347 0.00599696 0.00496197 0.00500132 0.013334 -0.00482384 -0.00640993 -0.00288557 -0.00215303 -0.00805315 0.00877735 -0.00230454 0.00292537 0.00523426 0.00216134 0.00550569 0.0107263
internal_weight=40825 25300 15525 11814 3711 12255 13045 6149 6638 5176 7273 6106 2901 5772 810 4576 3489 4080 3713 2660 3193 1724 2778 2925 1276 1607 2131 3316 3045 1294 2356 2456 999 1668 1530 1442 1453 1155 2629 935 1603 969 709 648 385 2543 1116 2033 1457 856 795 242 1072 732 1403 1926 1570 2026 1828 205 1666 860
internal_count=40825 25300 15525 11814 3711 12255 13045 6149 6638 5176 7273 6106 2901 5772 810 4576 3489 4080 3713 2660 3193 1724 2778 2925 1276 1607 2131 3316 3045 1294 2356 2456 999 1668 1530 1442 1453 1155 2629 935 1603 969 709 648 385 2543 1116 2033 1457 856 795 242 1072 732 1403 1926 1570 2026 1828 205 1666 860
cat_boundaries=0 1 2 3 4 6 7 8 10 11 13 14 16 18 20 21 23 25 27
cat_threshold=1 4 1 4 492586209 235917347 4 1 55974922 873099328 1 268452361 68681760 4 324414533 2424984609 374887649 336086721 16777220 1207960128 1 2152726529 1049600 1100219392 269746304 109576208 537957377
is_linear=0
shrinkage=0.05


Tree=30
num_leaves=63
num_cat=18
split_feature=3 3 3 3 3 3 3 3 3 3 3 3 3 9 9 3 2 1 2 1 3 9 9 1 4 2 4 1 2 5 4 4 4 2 9 6 6 4 1 6 2 6 6 5 6 2 1 4 2 5 6 5 3 9 6 6 2 3 1 1 4 1
split_gain=540.546 98.4326 96.4302 17.4265 16.9862 14.314 8.88123 4.10163 3.24988 2.45667 2.38213 2.37534 1.65217 1.44633 1.39521 1.19783 1.1548 1.12702 1.06384 1.03991 0.950011 0.882593 0.877367 0.86094 0.860359 0.835047 0.82787 0.805293 0.776407 0.771638 0.744193 0.738206 0.722492 0.719619 0.749133 0.714832 0.767849 0.69639 0.689237 0.649479 0.643729 0.637917 0.735148 0.62903 0.628159 0.600779 0.596192 0.593843 0.587094 0.566921 0.550012 0.546427 0.543257 0.528841 0.515772 0.498079 0.497588 0.796325 0.494107 0.484814 0.520165 0.484318
threshold=789.45000000000016 1405.9000000000003 337.15000000000003 529.1500000000002 184.45000000000002 1992.9500000000003 1032.2500000000002 2417.7500000000005 112.45000000000002 663.6500000000002 421.85000000000008 265.35000000000008 1648.7500000000002 122.50000000000001 61.500000000000007 1219.4500000000003 0 1 2 3 3006.2500000000005 83.500000000000014 205.50000000000003 4 32081.500000000004 5 26876.500000000004 6 7 1.2446550000000001 41853.500000000007 25299.000000000004 31496.500000000004 8 110.50000000000001 2.7157850000000008 1.7624550000000003 34204.500000000007 9 2.2870400000000006 10 1.3753550000000001 2.7157850000000008 1.1142700000000001 2.1380950000000003 11 12 29069.500000000004 13 1.2191450000000001 1.9809850000000002 1.3577950000000001 141.25000000000003 111.50000000000001 1.9934400000000003 2.6570950000000004 14 637.85000000000002 15 16 27374.500000000004 17
decision_type=2 2 2 2 2 2 2 2 2 2 2 2 2 2 2 2 9 9 9 9 2 2 2 9 2 9 2 9 9 2 2 2 2 9 2 2 2 2 9 2 9 2 2 2 2 9 9 2 9 2 2 2 2 2 2 2 9 2 9 9 2 9
left_child=2 6 4 10 8 12 13 26 -1 17 35 32 21 19 28 27 47 43 46 -2 31 50 39 45 -12 51 -7 -16 -8 -28 41 -9 55 34 44 36 -4 -23 -20 48 59 -13 -43 56 -21 -24 -11 -14 49 -15 -3 61 -10 -18 -30 -6 57 -5 -26 60 -29 -19
right_child=1 5 3 9 11 7 14 20 52 18 24 30 16 22 15 -17 53 25 38 33 -22 37 23 -25 58 -27 29 40 54 -31 -32 -33 -34 -35 -36 -37 -38 -39 -40 -41 -42 42 -44 -45 -46 -47 -48 -49 -50 -51 -52 -53 -54 -55 -56 -57 -58 -59 -60 -61 -62 -63
leaf_value=-0.022886996361577584 0.00015734672992557064 0.0024166992233723792 -0.0068668854445919835 -0.007723101759508539 -0.014811771687325151 0.0071233671081804301 -0.0026222103918769803 0.0086762552286940402 -0.018630842890124771 -0.003904187001612114 -0.006810379646165779 -0.0064246901607775426 0.00402948452366334 0.0073178464917978943 0.004573055802333457 0.004131636940665641 0.0064418504902294706 0.00088724847943041593 -0.002301762708860915 -0.0040234298704217505 0.012941458441811727 0.004882537438560367 -0.0027872647991820888 0.00083341656761177899 -0.0036131340849108679 -0.0039204528936758977 0.0083397531334503169 -0.0074836851681597651 0.00061182421068387645 0.010453506240290582 -0.0070069525686160816 0.010935065991036722 -0.011853105639474013 -0.00090438083175219054 -0.0095611030807840128 -0.0040037642862408027 -0.0090251697648319196 0.0069434038650290604 -0.00024975623183556248 0.0037693113142419558 0.0028823522451326741 -0.011225341399799443 -0.0072260705121695553 -0.0039765066558629771 0.0001200725351525254 -5.1826036384913455e-05 -0.0019667042174164127 0.0062121979712607897 0.00062259485254525344 0.0018053841219109413 0.0052730406580908272 0.0047914613325584438 -0.015710234645877251 0.0080192881832844825 0.002838245297029507 -0.01122090479862081 -0.0048916122897611812 -0.016481656740389525 -0.0058853116923582079 0.0015462793108154875 6.9973223234510754e-05 -0.0027219451611930944
leaf_weight=333 1162 437 605 207 617 1079 110 494 319 911 1633 90 531 68 402 1900 874 115 755 319 481 1178 363 1104 532 1711 2129 30 556 568 163 1692 708 736 45 100 1447 645 901 263 1247 1401 133 447 128 445 856 787 1225 147 277 30 483 1506 489 136 416 30 933 954 86 459
leaf_count=333 1162 437 605 207 617 1079 110 494 319 911 1633 90 531 68 402 1900 874 115 755 319 481 1178 363 1104 532 1711 2129 30 556 568 163 1692 708 736 45 100 1447 645 901 263 1247 1401 133 447 128 445 856 787 1225 147 277 30 483 1506 489 136 416 30 933 954 86 459
internal_value=-4.52953e-05 0.00467021 -0.00704698 -0.0047426 -0.0133998 0.00772754 0.00137916 0.0093809 -0.0186707 -0.00307841 -0.00690916 -0.0115527 0.00601779 3.28205e-05 0.00277912 0.00316778 0.00669386 -0.00402738 -0.00213076 -0.000921298 0.0108867 0.00503009 0.000663701 -7.15161e-05 -0.00601672 -0.0033405 0.00831479 0.00249299 0.00122339 0.00878863 -0.0103132 0.0104288 -0.0130607 -0.00192687 -0.00340322 -0.00819051 -0.00839249 0.0056151 -0.00119432 0.00148871 0.00210148 -0.0106405 -0.0108835 -0.00538932 -0.0028393 -0.00130167 -0.00298357 0.00529639 0.00106985 0.0034165 0.00353066 -0.00165689 -0.0168937 0.00741183 0.0016397 -0.014179 -0.00643128 -0.00853765 -0.00512801 0.00117137 -0.00177879 -0.00203047
internal_weight=40928 24457 16471 12088 4383 12678 11779 6443 1135 6838 5250 3248 6235 6005 5774 4619 3698 3415 3423 2390 2667 2537 3615 1912 3098 2315 3776 2719 1155 2697 1787 2186 1461 1228 492 2152 2052 1823 1656 1703 2317 1624 1534 1100 447 808 1767 1318 1440 215 714 604 802 2380 1045 753 653 237 1465 1070 116 574
internal_count=40928 24457 16471 12088 4383 12678 11779 6443 1135 6838 5250 3248 6235 6005 5774 4619 3698 3415 3423 2390 2667 2537 3615 1912 3098 2315 3776 2719 1155 2697 1787 2186 1461 1228 492 2152 2052 1823 1656 1703 2317 1624 1534 1100 447 808 1767 1318 1440 215 714 604 802 2380 1045 753 653 237 1465 1070 116 574
cat_boundaries=0 2 4 6 8 10 12 14 16 18 20 22 24 26 28 30 32 34 36
cat_threshold=1389038873 3188721900 1125520905 69009408 402049090 2483868954 1249943966 1193389530 1606837313 277049344 161677712 3951067192 5768336 525313 16780288 268632128 1687421121 84427392 1632898058 478826664 1455690305 118052774 1010843657 1434997376 130691082 2483581569 537133248 16650 38797441 67764481 1073885444 1269311928 8389120 33554562 536887296 1088
is_linear=0
shrinkage=0.05


Tree=31
num_leaves=63
num_cat=15
split_feature=3 3 3 3 3 3 3 3 3 0 0 0 3 0 3 0 2 2 2 4 3 2 4 3 3 0 4 4 5 2 2 2 9 0 6 6 6 3 4 5 6 5 5 4 9 4 5 4 4 6 5 6 6 3 9 6 2 5 8 6 6 6
split_gain=488.363 106.434 67.476 21.6841 15.3452 9.0926 8.2856 4.04497 3.58872 2.89015 2.46741 2.32077 1.88445 1.63173 1.57557 1.248 1.21739 1.13902 1.13129 0.99623 0.970745 0.959186 0.910489 0.780431 0.76768 0.765884 0.754782 0.74503 0.70974 0.678614 0.6581 0.64667 0.640717 0.631459 0.613281 0.581879 0.562746 0.557336 0.555514 0.547799 0.53009 0.523918 0.502834 0.502536 0.487069 0.485826 0.463176 0.461118 0.451723 0.446378 0.427374 0.425185 0.502963 0.421718 0.417016 0.415487 0.41168 0.411041 0.402399 0.57567 0.741177 0.397598
threshold=872.45000000000016 396.35000000000008 1583.7500000000002 193.35000000000005 616.55000000000007 2326.6500000000001 1183.8500000000001 293.85000000000008 128.25000000000003 0 1 2 506.45000000000005 3 1887.2500000000002 4 5 6 7 37842.500000000007 737.1500000000002 8 29319.500000000004 3006.2500000000005 748.55000000000007 9 24318.500000000004 26581.500000000004 1.1567600000000002 10 11 12 40.500000000000007 13 2.6570950000000004 1.5108450000000002 2.4445050000000004 992.25000000000011 21649.500000000004 1.0199650000000002 1.4833100000000001 1.0908550000000001 1.1737650000000002 25299.000000000004 126.50000000000001 23828.500000000004 0.96620000000000006 42829.500000000007 28091.500000000004 1.8586450000000003 1.3848450000000001 2.5862150000000006 1.6522650000000001 910.55000000000007 79.500000000000014 2.2003850000000003 14 1.3809850000000001 2.5000000000000004 2.0284150000000003 1.9546550000000003 1.6117750000000002
decision_type=2 2 2 2 2 2 2 2 2 1 1 1 2 1 2 1 9 9 9 2 2 9 2 2 2 1 2 2 2 9 9 9 2 1 2 2 2 2 2 2 2 2 2 2 2 2 2 2 2 2 2 2 2 2 2 2 9 2 2 2 2 2
left_child=1 3 6 8 12 9 11 19 25 27 24 18 21 26 30 -7 32 51 38 41 29 48 -9 43 -6 -1 -8 -4 31 58 -11 -15 -12 50 35 -10 37 -13 -2 -40 -23 -5 -19 -17 -22 -32 -16 -30 -3 -28 -24 52 -14 -41 -29 -48 -39 -31 59 60 -18 -26
right_child=2 4 5 7 10 15 13 22 34 14 16 36 17 28 46 23 20 42 -20 -21 44 40 33 -25 61 -27 49 54 47 57 45 -33 -34 -35 -36 -37 -38 56 39 53 -42 -43 -44 -45 -46 -47 55 -49 -50 -51 -52 -53 -54 -55 -56 -57 -58 -59 -60 -61 -62 -63
leaf_value=-0.022597033600915521 -0.0030544393505985896 -0.0084711527995461108 0.006928847695371056 -0.013111510823256579 -0.0012335698438439959 0.011818947153165936 0.0029867547788308005 -0.0098269109236971703 -0.014312966847680957 0.0065736740219025785 -0.0035984227080678196 0.0012114144538905311 -0.00025313074036867507 0.0015384875816651829 0.0060906163110497 0.0075541958061486284 -0.0062575793372899001 -0.0058806410306585476 0.0011945680287587515 -0.0093807994887381424 -0.0032460832904461171 -0.0010208030505261074 -0.0085466246499744762 0.011688278502776844 0.005942178061987098 -0.018208226482939283 0.0080982813348044764 0.0076827209417126788 0.0039499101839599784 -0.003460157947574725 0.0026855258878271532 0.0033692315537032164 -0.0011287054944911442 -0.0067186392254021234 -0.013103222683833463 -0.017934105977633574 0.0055660346329386816 0.0016902434518573563 -0.0013222971386407359 -0.0017954396395945802 -0.0053669292552299486 -0.011168601452239923 -0.0040244278185296977 0.0095288373864138142 -0.0014439611194969647 0.0050209686702178064 0.0078657789571152711 0.0071956568995748113 -0.0065708697579786417 0.0054679243154751866 -0.014731152992575401 0.00036485462311780216 -0.0037265343118297795 0.00095979427474676487 0.0097385701819930719 0.0064069561825664803 0.0034369558484330168 0.0021611635301001918 -0.0046587916773883171 -0.0052080040140676182 -0.016836712231366513 0.00064208833377772342
leaf_weight=274 198 489 513 863 872 799 259 1031 250 869 304 1123 116 773 975 442 36 1119 1794 400 644 74 876 356 36 217 211 361 1153 978 275 1636 1907 686 273 273 119 697 709 166 1566 699 558 1526 903 1264 1636 122 983 776 30 81 1039 825 1012 748 838 33 203 83 33 824
leaf_count=274 198 489 513 863 872 799 259 1031 250 869 304 1123 116 773 975 442 36 1119 1794 400 644 74 876 356 36 217 211 361 1153 978 275 1636 1907 686 273 273 119 697 709 166 1566 699 558 1526 903 1264 1636 122 983 776 30 81 1039 825 1012 748 838 33 203 83 33 824
internal_value=-4.34487e-05 -0.00598247 0.00497912 -0.011561 -0.00343873 0.0078157 0.00229713 -0.00994706 -0.0172984 0.00688592 -0.00182052 0.00112005 -0.00527952 0.00384111 0.00632751 0.0100912 -0.00237191 -0.00436214 0.000298533 -0.0116699 -0.00304546 -0.00613657 -0.0086544 0.00949237 -0.000188877 -0.0206983 0.00540655 0.00858916 0.00331033 -0.0040277 0.00534561 0.00280303 -0.00146314 -0.00788937 -0.0151779 -0.0162338 0.00221174 0.00205953 -0.000551971 -0.000262128 -0.00514024 -0.0122498 -0.00523458 0.00908941 -0.00219578 0.00457596 0.00702962 0.00426588 -0.00715887 0.00603787 -0.00876743 -0.00310769 -0.00337821 0.000496927 0.00920401 0.00741094 0.00267882 -0.00324268 -0.00598865 -0.00811406 -0.0114854 0.000870596
internal_weight=40928 18753 22175 5872 12881 10776 11399 4585 1287 7653 6856 6469 6025 4930 5767 3123 5124 2913 3692 1962 2913 3112 2623 2324 1732 491 1246 1886 3684 1366 2408 2409 2211 1592 796 523 2777 2658 1898 1700 1640 1562 1677 1968 1547 1539 3359 1275 1472 987 906 1236 1155 991 1373 2384 1535 1011 355 152 69 860
internal_count=40928 18753 22175 5872 12881 10776 11399 4585 1287 7653 6856 6469 6025 4930 5767 3123 5124 2913 3692 1962 2913 3112 2623 2324 1732 491 1246 1886 3684 1366 2408 2409 2211 1592 796 523 2777 2658 1898 1700 1640 1562 1677 1968 1547 1539 3359 1275 1472 987 906 1236 1155 991 1373 2384 1535 1011 355 152 69 860
cat_boundaries=0 1 2 3 4 5 7 9 11 13 14 16 18 20 21 23
cat_threshold=4 4 1 4 4 540914172 1663086147 2022671260 1268795188 1171696521 2383794848 1467299433 470443012 1 37748736 268964104 86557316 1099592193 1129494024 2818727651 1 1456001291 906055562
is_linear=0
shrinkage=0.05


Tree=32
num_leaves=63
num_cat=28
split_feature=3 3 3 3 3 3 3 0 3 3 3 0 2 0 0 3 1 3 1 2 2 2 2 4 0 1 3 0 2 0 1 4 2 4 1 4 1 4 2 11 2 9 4 5 9 9 0 9 1 5 4 1 2 6 9 9 5 6 3 1 2 5
split_gain=440.868 80.4495 78.7958 15.1292 12.7843 11.7757 7.23527 2.87643 2.71783 2.43861 2.03277 2.02579 1.98494 1.82734 1.76248 1.41004 1.23312 1.13169 1.0733 1.01403 0.988591 0.913733 0.910141 0.876531 0.873437 0.851459 0.837235 0.837124 0.814075 0.778796 0.767931 0.989954 0.733182 0.709571 0.648111 0.626422 0.622714 0.619951 0.598624 0.588829 0.573948 0.642067 0.594835 0.705012 0.562958 0.747071 0.561443 0.560552 0.55058 0.633445 0.535484 0.605726 0.863306 0.784842 0.530132 0.514651 0.499554 0.535182 0.498351 0.481646 0.848518 0.476893
threshold=789.45000000000016 1405.9000000000003 349.45000000000005 184.45000000000002 539.55000000000007 2119.9500000000003 1032.2500000000002 0 112.45000000000002 265.35000000000008 2484.4500000000003 1 2 3 4 1778.3500000000001 5 1648.7500000000002 6 7 8 9 10 28005.500000000004 11 12 426.65000000000003 13 14 15 16 23713.500000000004 17 33541.500000000007 18 31496.500000000004 19 25602.500000000004 20 454.24277200000006 21 101.50000000000001 23828.500000000004 1.2259850000000003 122.50000000000001 110.50000000000001 22 46.500000000000007 23 1.3376750000000002 22264.000000000004 24 25 1.9278950000000001 66.500000000000014 75.500000000000014 1.1206450000000003 2.1534550000000006 451.55000000000007 26 27 0.93983500000000009
decision_type=2 2 2 2 2 2 2 1 2 2 2 1 9 1 1 2 9 2 9 9 9 9 9 2 1 9 2 1 9 1 9 2 9 2 9 2 9 2 9 2 9 2 2 2 2 2 1 2 9 2 2 9 9 2 2 2 2 2 2 9 9 2
left_child=2 6 3 8 12 7 11 15 46 35 24 -2 26 18 32 40 38 34 -6 25 33 -20 -11 -14 -7 56 -4 -12 30 58 31 -16 55 44 37 -5 -31 -9 61 -10 41 -3 43 -42 45 -18 -1 -19 -21 -50 -34 52 53 -52 -29 -8 57 -15 -25 60 -23 -13
right_child=1 5 4 9 13 10 14 17 39 22 27 16 23 19 28 -17 20 47 21 48 -22 59 -24 29 -26 -27 -28 54 -30 36 -32 -33 50 -35 -36 -37 -38 -39 -40 -41 42 -43 -44 -45 -46 -47 -48 -49 49 -51 51 -53 -54 -55 -56 -57 -58 -59 -60 -61 -62 -63
leaf_value=-0.022761108424212483 0.0016122218496005414 0.0032721552114650756 -0.0087354258922644548 -0.012846578972843978 -0.0048128127093751008 0.0095440032114838345 -0.00089412527095660303 -0.004580405096132909 -0.015851039260053566 -0.010748393604319968 0.011645268762461983 0.0067580928594300829 -0.006352683915976114 -0.0079767299113145378 -0.0079926768384110704 0.0058605482623836653 -0.0034878537638999281 0.00565388158338363 -0.0041322777616345065 -0.0019016949589299834 -0.00016117093555586106 0.0029913082071288954 -0.0079402247284631536 -0.0064582710414453669 0.0073575885046077818 -0.0017587698536844984 -0.0065057228200897602 0.0076533766238244027 0.0042482422964942408 -0.0050217905521295104 0.0030292544871193213 0.0011164930645756466 0.00018478082609128192 -0.00056841995943446462 0.0059208603567220044 -0.010686228873026893 -0.0023432233780641678 0.0037835669584381278 0.00021977472075690137 -0.01185923022196049 0.0019798163442022129 0.0055174299723183308 0.0035436786832788933 -0.0060380192460595741 -0.0018070187213293687 -0.010506445742997363 -0.018058928574124972 0.007849761788635572 -0.00047555267628508145 0.0040431526489302025 0.014303165148462979 0.0020471920422183926 0.0020238654085474221 0.0056141687531364483 0.0098634506171355833 0.0013879319860122825 -0.0025614653635867317 -0.003467355939835764 -0.0044613310183525432 -0.0025788658777696569 -0.0020087510048404744 0.0017024632089089357
leaf_weight=184 1508 490 777 753 1049 627 329 30 676 824 586 62 1219 152 35 2163 348 357 930 713 1502 111 1288 665 1865 789 972 363 1517 456 746 173 247 563 963 708 550 77 1217 126 114 942 710 35 579 42 149 1943 789 85 30 1273 253 187 1413 984 175 120 615 1326 270 184
leaf_count=184 1508 490 777 753 1049 627 329 30 676 824 586 62 1219 152 35 2163 348 357 930 713 1502 111 1288 665 1865 789 972 363 1517 456 746 173 247 563 963 708 550 77 1217 126 114 942 710 35 579 42 149 1943 789 85 30 1273 253 187 1413 984 175 120 615 1326 270 184
internal_value=-4.11722e-05 0.00421742 -0.00636442 -0.0118303 -0.00417594 0.0069814 0.00124215 0.00577965 -0.0168635 -0.0102272 0.00891687 2.69551e-05 -0.00601058 -0.00269434 0.00250574 0.00494313 -0.00050488 0.00688344 -0.00342759 -0.00173606 -0.00107768 -0.0028459 -0.00912885 -0.00525011 0.00791131 -0.00280499 -0.00745809 0.00997398 0.00351577 -0.0046826 0.00227946 -0.000426788 0.00174928 -0.0019687 0.00552759 -0.0118077 -0.00363428 0.00129768 0.000685617 -0.0152394 0.0040748 0.00471903 0.00290789 6.87346e-05 -0.00280114 -0.00426864 -0.0207175 0.00751153 -0.000879101 -3.16107e-05 0.00235261 0.00267303 0.00422695 0.00657396 0.00941629 0.000809707 -0.00456508 -0.00600729 -0.00550304 -0.00212309 -0.000508978 0.00288216
internal_weight=40928 24457 16471 4708 11763 12678 11779 7824 1135 3573 4854 6005 5254 6509 5774 4454 4497 3370 3686 2823 3034 2637 2112 3505 2492 1236 1749 2362 2471 2286 954 208 3303 1532 1070 1461 1006 107 1463 802 2291 1432 859 149 969 390 333 2300 1587 874 1990 1743 470 217 1776 1313 447 272 1280 1707 381 246
internal_count=40928 24457 16471 4708 11763 12678 11779 7824 1135 3573 4854 6005 5254 6509 5774 4454 4497 3370 3686 2823 3034 2637 2112 3505 2492 1236 1749 2362 2471 2286 954 208 3303 1532 1070 1461 1006 107 1463 802 2291 1432 859 149 969 390 333 2300 1587 874 1990 1743 470 217 1776 1313 447 272 1280 1707 381 246
cat_boundaries=0 1 2 4 5 6 8 10 12 14 16 18 19 21 22 24 25 27 29 31 33 35 37 38 40 42 44 46 48
cat_threshold=1 4 1716782689 370036748 1 1 704675998 1362102682 56497161 1007681552 1137970241 2484048140 1456522377 2525876928 310287360 270274818 131738664 2483606048 4 96617481 2483564544 4 1442864137 2517883630 1 49352 2097392 1199847240 2861651936 4195332 67375104 861030440 526048 13384 2629632 103580403 1098610711 1 2026117128 361398566 344457363 539002113 406863909 16785427 545308672 2153784832 136 84025408
is_linear=0
shrinkage=0.05


Tree=33
num_leaves=63
num_cat=21
split_feature=3 3 3 3 3 3 3 3 3 0 0 0 11 1 0 2 3 2 4 6 5 0 2 2 2 9 9 11 1 2 4 4 1 0 11 1 1 3 4 11 5 1 9 3 4 3 9 1 6 6 11 2 5 6 5 2 6 4 11 9 4 4
split_gain=398.648 86.8219 54.9539 17.6986 12.5892 8.1362 6.6182 3.30073 2.95904 2.61832 2.05086 2.02265 1.56008 1.46553 1.4647 1.4122 1.15375 1.09512 0.970591 0.896307 0.882052 0.79679 0.795524 0.785084 0.772577 0.76842 0.759772 0.740401 0.710243 0.706669 0.65721 0.652942 0.64417 0.643453 0.637154 0.633414 0.632465 0.624567 0.59544 0.594569 0.588934 0.588049 0.576376 0.569436 0.546177 0.534853 0.53168 0.528857 0.525165 0.541489 0.486961 0.467745 0.467277 0.464513 0.463735 0.463513 0.735947 0.659245 0.45492 0.450362 0.450225 0.436488
threshold=872.45000000000016 396.35000000000008 1648.7500000000002 193.35000000000005 616.55000000000007 1219.4500000000003 2417.7500000000005 281.35000000000008 128.25000000000003 0 1 2 1306.7213365 3 4 5 1992.9500000000003 6 29245.500000000004 1.9168050000000003 1.1533650000000002 7 8 9 10 105.50000000000001 83.500000000000014 2664.0228810000003 11 12 37842.500000000007 25795.500000000004 13 14 907.70449600000006 15 16 693.75000000000011 22264.000000000004 1145.5261150000003 1.2129450000000002 17 291.50000000000006 3071.9000000000001 34556.500000000007 742.85000000000002 108.50000000000001 18 2.6570950000000004 1.5108450000000002 1306.7213365 19 1.3076450000000002 2.2094600000000004 1.2169150000000004 20 1.9420900000000001 34723.500000000007 2664.0228810000003 62.500000000000007 24984.500000000004 30316.500000000004
decision_type=2 2 2 2 2 2 2 2 2 1 1 1 2 9 1 9 2 9 2 2 2 1 9 9 9 2 2 2 9 9 2 2 9 1 2 9 9 2 2 2 2 9 2 2 2 2 2 9 2 2 2 9 2 2 2 9 2 2 2 2 2 2
left_child=1 3 5 8 12 11 9 30 33 31 28 17 15 23 26 40 24 36 -9 32 29 61 50 37 -11 38 -7 47 52 -15 42 -4 -17 -1 59 53 -2 -12 -16 -21 41 -3 -5 60 -27 -30 -25 -13 49 -10 -22 58 -6 55 -38 56 -19 -58 -40 -20 -23 -8
right_child=2 4 6 7 10 14 21 18 48 16 13 27 -14 20 25 19 -18 35 34 39 22 43 -24 46 -26 44 -28 -29 45 -31 -32 -33 -34 -35 -36 -37 54 -39 51 -41 -42 -43 -44 -45 -46 -47 -48 -49 -50 -51 -52 -53 -54 -55 -56 -57 57 -59 -60 -61 -62 -63
leaf_value=-0.020450447440147401 0.00063340839334021534 -0.0081982321718172876 0.0063333523365945964 -0.01107518477438707 0.0015513183121178831 0.0031855236707090647 0.0093681943566097242 -0.0091330728769367445 -0.012842387365422165 0.0039072863564597092 -0.0063706325869108448 0.0011032573110139876 -0.0023113529397960522 -0.0034183883244117575 -0.00062455360058773701 -0.00057836416208970173 0.0066183389991477347 0.010131218010515329 -0.0093505288762456059 -0.0057124912356878044 0.0078473459197474383 0.0068948836926096798 -0.00095799274762868906 -0.0036331257904625744 0.0058592276450030283 0.003238541107682557 0.006000376945603212 0.0057109152990639867 -0.001537931992042464 -0.0013084488479554396 -0.0086705762651289198 0.0086081719969130933 -0.0037082650225531213 -0.016437621812823169 -0.0046129097147578641 0.00067470241358948396 -0.001801788319481668 -0.0034002741661214638 -0.005214243936077563 -0.0038169390098604277 -0.0046702286081243783 -0.0056851869783915449 -0.016841028471078195 0.011163625171916053 0.0048332381398276487 0.0003549995089764821 -0.0016628238527704186 0.0025014595530177446 -0.01178859048489019 -0.016302884871779135 0.0014294605763636207 0.0029785800661229489 0.0081417113950479816 0.0086860674605627394 0.00048911641673314826 0.00081321003302645362 0.00052612447864649927 0.006801892327538763 0.0017561413514525144 -0.0071667580958995189 0.0089265372633676177 0.012056570180681764
leaf_weight=274 779 494 426 1269 210 330 303 1144 250 1024 282 1217 583 619 153 218 2846 41 306 1050 34 366 818 546 1763 1506 916 135 727 1217 315 1415 967 217 209 1597 857 488 35 700 655 1358 48 241 847 765 925 1707 273 273 195 1072 30 30 297 267 118 64 66 1294 1386 371
leaf_count=274 779 494 426 1269 210 330 303 1144 250 1024 282 1217 583 619 153 218 2846 41 306 1050 34 366 818 546 1763 1506 916 135 727 1217 315 1415 967 217 209 1597 857 488 35 700 655 1358 48 241 847 765 925 1707 273 273 195 1072 30 30 297 267 118 64 66 1294 1386 371
internal_value=-3.94885e-05 -0.00540534 0.00449835 -0.0104437 -0.00310787 0.00221314 0.00720966 -0.00898566 -0.0156272 0.00644471 -0.00164217 0.00113076 -0.00477518 -0.00214486 0.00377495 -0.00503866 0.00590712 0.00039761 -0.0079816 -0.00422221 -0.00138207 0.00935011 -0.000228382 -0.00310511 0.00517873 0.00327137 0.00525802 0.00210098 -0.000154624 -0.00204701 -0.0107964 0.00808551 -0.00316959 -0.018714 -0.00724877 0.00117975 -0.000462852 -0.00443742 0.00230563 -0.00495688 -0.00595187 -0.0064345 -0.0112979 0.00883306 0.00381439 -0.000563995 -0.00237996 0.00193241 -0.013702 -0.0146764 0.0023118 0.00268803 0.00230965 0.00268471 -0.00120187 0.00235502 0.0039754 0.0027581 -0.000625458 -0.00758998 0.00850629 0.0108637
internal_weight=40928 18753 22175 5872 12881 12034 10141 4585 1287 7474 6856 7109 6025 5124 4925 5442 5633 4050 2953 2935 2883 2667 1047 2241 2787 3679 1246 3059 1732 1836 1632 1841 1185 491 1809 2117 1933 770 1326 1750 2507 1852 1317 1993 2353 1492 1471 2924 796 523 229 1173 240 520 1154 490 223 182 101 1600 1752 674
internal_count=40928 18753 22175 5872 12881 12034 10141 4585 1287 7474 6856 7109 6025 5124 4925 5442 5633 4050 2953 2935 2883 2667 1047 2241 2787 3679 1246 3059 1732 1836 1632 1841 1185 491 1809 2117 1933 770 1326 1750 2507 1852 1317 1993 2353 1492 1471 2924 796 523 229 1173 240 520 1154 490 223 182 101 1600 1752 674
cat_boundaries=0 1 2 3 5 6 8 10 11 13 15 17 19 21 23 24 26 28 30 32 34 36
cat_threshold=4 4 1 22953034 873124000 4 1475624545 336519172 1171563145 2383794848 4 8663168 50487360 1397751812 352997432 1893403928 1041238253 4 1210065472 516293632 2424837504 1762672644 33589248 1 813695002 2101643 134485397 1093340627 3151363 68685826 1430650957 3197456580 33800 16448 671106052 19398672
is_linear=0
shrinkage=0.05


Tree=34
num_leaves=63
num_cat=18
split_feature=3 3 3 3 3 3 3 3 3 2 1 9 4 11 2 2 9 3 2 3 11 6 2 2 5 11 1 5 6 5 1 6 11 4 5 11 2 4 1 1 4 2 1 9 9 4 1 4 11 6 2 1 9 11 6 11 4 6 2 5 4 9
split_gain=360.051 75.4452 56.6973 11.4315 10.315 8.39482 7.20856 3.00091 2.70022 1.67611 1.5892 1.37165 1.28387 1.16153 1.11554 1.07517 1.06845 0.951913 0.947246 0.934568 0.917504 0.962767 1.04588 0.901229 1.11128 0.893994 0.883469 1.18244 0.874911 0.868905 0.839063 0.818134 0.778491 0.73216 0.7914 0.724006 0.713294 0.678452 0.645989 0.616991 0.590514 0.579595 0.575908 0.566378 0.644639 0.555664 0.554792 0.779934 0.552472 0.54714 0.526634 0.515507 0.749842 0.50415 0.49884 0.479006 0.478872 0.470606 0.441121 2.41787 1.20919 0.431796
threshold=742.85000000000002 1374.7500000000002 337.15000000000003 141.25000000000003 1992.9500000000003 529.1500000000002 978.10000000000014 247.65000000000001 2448.6500000000001 0 1 56.500000000000007 31576.500000000004 3343.6869775000009 2 3 88.500000000000014 421.85000000000008 4 87.250000000000014 1629.8202150000004 1.9306150000000002 5 6 1.1142700000000001 603.98911200000009 7 1.3551400000000002 1.8686350000000003 1.2388600000000001 8 1.5108450000000002 1145.5261150000003 26876.500000000004 1.2446550000000001 4929.0453135000016 9 25393.500000000004 10 11 32228.500000000004 12 13 122.50000000000001 110.50000000000001 35776.500000000007 14 26876.500000000004 1306.7213365 2.6570950000000004 15 16 267.50000000000006 2285.4683410000002 1.7930600000000003 947.87972550000006 32386.500000000004 2.3719450000000006 17 1.0261750000000003 29069.500000000004 18.500000000000004
decision_type=2 2 2 2 2 2 2 2 2 9 9 2 2 2 9 9 2 2 9 2 2 2 9 9 2 2 9 2 2 2 9 2 2 2 2 2 9 2 9 9 2 9 9 2 2 2 9 2 2 2 9 9 2 2 2 2 2 2 9 2 2 2
left_child=2 6 3 19 13 9 12 25 33 17 23 38 30 16 45 -15 46 54 -9 -1 21 22 -12 -7 57 31 27 -17 -18 39 -2 -5 40 -6 -35 -10 -32 -20 61 -14 -11 -40 -16 44 -38 -13 47 -3 -23 -33 -30 52 -42 -43 -4 -56 -37 58 59 60 -25 -8
right_child=1 4 5 7 8 10 11 18 35 32 20 14 29 15 42 26 28 -19 37 -21 -22 48 -24 24 -26 -27 -28 -29 50 -31 36 49 -34 34 -36 56 43 -39 41 -41 51 53 -44 -45 -46 -47 -48 -49 -50 -51 -52 -53 -54 -55 55 -57 -58 -59 -60 -61 -62 -63
leaf_value=-0.020465805780995324 3.2250985449595541e-07 -0.0056576961697363815 -0.0059769017978680214 -0.010023606936035514 0.0057443816826577461 -0.0023212383335518413 0.0093861460993667281 -0.010834697801653574 0.0071312763266520116 -0.0057737806940484776 0.0019623937573308944 0.0025326498211327864 -0.0014673965558042656 0.006409978522837494 0.002467194549626666 0.0031856253984644521 0.0072697717930002813 -0.0057266296556946874 -0.009762912772063698 -0.015860651380794701 0.00073287364209651549 -0.0041829701569153456 -0.0019266684407490233 -0.013752651760693303 -0.0029767727632448639 -0.0077932292046264205 0.0051703205645397864 -0.0069156589887795911 0.00052832829631889965 0.0018350313170210335 -0.00046373376663573853 -0.013486837755957007 -0.0027031670548424216 0.0068367478563960251 0.0089306068694234905 0.0086069039979799963 -0.0031882059646704875 -0.0072239111894840009 -0.0031315302381757187 0.00035004161931848169 -0.0033095979920912074 -0.000647609470942706 0.00098081903607003169 -0.0016113187822098043 -0.0092966516586784568 0.004076520884918439 0.0032619179038992628 0.0025345459415736359 -0.0023986682611629563 -0.010824605851404129 0.0045865982041136564 -0.00494687051686924 0.0035705259325407935 0.0015834590168430547 -0.0089418909535506057 -0.005659553056425402 0.010194030811013152 -0.0018007174437878202 -0.0052470578373073435 -0.02214444380313639 -0.0019320520598781654 0.0022643135722319129
leaf_weight=165 1037 44 307 440 1120 755 30 540 467 1375 216 1868 645 1729 1092 457 312 1257 349 487 262 645 741 32 646 155 1418 30 101 705 707 708 404 2227 584 1082 471 1230 115 1612 290 506 1728 758 47 854 1002 81 1346 309 1386 745 45 505 686 141 963 73 731 30 64 71
leaf_count=165 1037 44 307 440 1120 755 30 540 467 1375 216 1868 645 1729 1092 457 312 1257 349 487 262 645 741 32 646 155 1418 30 101 705 707 708 404 2227 584 1082 471 1230 115 1612 290 506 1728 758 47 854 1002 81 1346 309 1386 745 45 505 686 141 963 73 731 30 64 71
internal_value=-3.76411e-05 0.00356205 -0.00614703 -0.0109423 0.00624177 -0.00419851 0.000829092 -0.00986965 0.00766324 -0.00563129 -0.00284019 0.00194656 -0.000435509 0.00484469 0.00228142 0.0054433 0.00409964 -0.00665767 -0.00862244 -0.0170556 -0.00209371 -0.00235219 -0.00104738 -0.00384138 -0.00454848 -0.0115028 0.00450575 0.00249926 0.00485672 0.000304096 -0.00116077 -0.0118918 -0.00473108 0.00684032 0.00727478 0.00894778 -0.00175879 -0.00774192 0.000433486 -0.00017471 -0.00508282 6.88825e-05 0.00156374 -0.00246625 -0.00375929 0.0030073 0.00288791 -0.00034385 -0.00297852 -0.0126894 0.00434587 -0.0041986 -0.00230881 0.000462713 -0.0077424 -0.00838978 0.00935891 -0.00568471 -0.00601307 -0.00924014 -0.00597341 0.00405358
internal_weight=40928 25754 15174 4383 13003 10791 12751 3731 6443 5250 5541 6769 5982 6560 5542 3634 2926 2391 2119 652 3210 2948 957 2331 1576 1612 1905 487 1799 2962 3020 1457 2859 3931 2811 2512 1983 1579 1227 2257 2455 1126 2820 1276 518 2722 1127 125 1991 1017 1487 1080 335 1011 1134 827 2045 930 857 126 96 101
internal_count=40928 25754 15174 4383 13003 10791 12751 3731 6443 5250 5541 6769 5982 6560 5542 3634 2926 2391 2119 652 3210 2948 957 2331 1576 1612 1905 487 1799 2962 3020 1457 2859 3931 2811 2512 1983 1579 1227 2257 2455 1126 2820 1276 518 2722 1127 125 1991 1017 1487 1080 335 1011 1134 827 2045 930 857 126 96 101
cat_boundaries=0 2 4 6 8 10 12 14 16 18 20 22 24 26 28 30 32 34 36
cat_threshold=1716993633 370036876 1197348393 874329108 159230198 1898062930 70304486 32241153 22677504 2215203360 1245204 251822081 1882010378 1233405506 3524956162 270029832 1778418072 3919579934 151631620 178269564 33554946 67108866 1040990273 3196076032 16778240 200896 1212678172 1210133520 134218752 268701712 285223424 32768 1208006660 2046959700 128 524552
is_linear=0
shrinkage=0.05


Tree=35
num_leaves=63
num_cat=29
split_feature=3 3 11 3 3 3 3 3 0 3 3 0 0 1 0 1 1 2 4 5 4 0 5 5 11 1 1 0 1 11 7 2 0 2 4 2 5 2 2 2 2 4 1 1 5 5 3 1 3 4 2 2 11 4 3 2 5 4 4 0 2 4
split_gain=327.452 69.4347 46.5969 12.7352 11.9601 5.89582 5.60929 2.59322 1.95941 1.8975 1.85039 1.54025 1.50993 1.34345 1.2163 1.128 0.973127 0.97197 0.952539 0.928978 0.881029 0.867074 0.758254 0.753078 0.760206 0.741061 0.733172 0.702294 0.71943 0.842352 0.702069 0.676454 0.652013 0.645676 0.63868 0.604412 0.598395 0.594043 0.584382 0.578905 0.571292 0.681927 0.547747 0.53735 0.535118 0.50093 0.49566 0.490926 0.487828 0.486548 0.48487 0.480962 0.479423 0.477403 0.46403 0.450761 0.450444 0.446801 0.439626 0.418605 0.415729 0.445567
threshold=872.45000000000016 375.45000000000005 3251.2874640000005 176.45000000000002 616.55000000000007 2286.9500000000003 1183.8500000000001 281.35000000000008 0 479.55000000000007 112.45000000000002 1 2 3 4 5 6 7 30561.500000000004 1.1533650000000002 32793.500000000007 8 1.1533650000000002 1.2726750000000002 647.30008300000009 9 10 11 12 798.15376500000013 4.5000000000000009 13 14 15 27647.500000000004 16 1.0398100000000003 17 18 19 20 43485.500000000007 21 22 1.0623050000000003 1.3602150000000002 2939.9500000000003 23 1675.4500000000003 29466.500000000004 24 25 3825.5984270000004 31576.500000000004 1662.1000000000001 26 1.0216050000000003 26581.500000000004 32081.500000000004 27 28 34464.500000000007
decision_type=2 2 2 2 2 2 2 2 1 2 2 1 1 9 1 9 9 9 2 2 2 1 2 2 2 9 9 1 9 2 2 9 1 9 2 9 2 9 9 9 9 2 9 9 2 2 2 9 2 2 9 9 2 2 2 9 2 2 2 1 9 2
left_child=1 3 6 10 9 8 12 23 16 15 -1 47 18 33 30 34 -4 49 38 35 46 -12 52 24 58 39 -20 -9 29 -29 57 54 51 -13 -3 43 42 45 -2 44 41 -27 -14 -15 -16 -21 -7 -6 -32 -11 -38 56 -10 -35 -18 -28 -17 -8 -5 -22 61 -34
right_child=2 4 5 7 11 20 14 27 22 17 21 13 36 19 25 32 31 -19 26 37 59 -23 -24 -25 -26 40 55 28 -30 -31 48 -33 60 53 -36 -37 50 -39 -40 -41 -42 -43 -44 -45 -46 -47 -48 -49 -50 -51 -52 -53 -54 -55 -56 -57 -58 -59 -60 -61 -62 -63
leaf_value=-0.018007688730632188 -0.0016638056261625918 -0.0092415760401493626 0.0058300358563192134 -0.011588221247296167 0.00098338804372858908 0.0071071180563021755 0.00066406480209725734 -0.0081741385409696415 0.0051033964746067181 -0.0037671773825555554 -0.014782248907568497 -0.0042605572364941826 -0.0011945551001994428 -0.0064348723674957286 -0.0033557151728155934 -0.004888086607131888 -0.0051181354049232705 -0.004454702950096482 -3.4480539085601573e-05 0.00076157410680025353 0.010587312375454953 -0.010898778014290891 0.0076662781365288831 -0.0076457047621153991 -0.0076296360630793538 0.0040301391797678164 0.0037532026266939391 -0.0055319632180559804 -0.0068821597825919623 0.0032215918124549924 0.0051305848388013536 0.0043192464397883244 -0.003610364853714903 -0.0032152734357133832 -0.0062214592100459029 -0.0014249373703448026 0.0038234322314337991 -0.00086224982040734768 0.00022677621801515634 0.002125006198134632 0.0027025157698847124 0.0096506350858059416 0.0014990676378078592 -0.0023015081918845706 0.0015600402479447378 0.0058723887202835742 0.0092345684094295808 -0.00078353636014917127 0.011239201660667148 -0.0019831081835763073 0.0018122282259351793 -0.0058747282810509213 0.0066732462347314078 -0.0012597124700454224 0.0020876255206530915 0.001288625521583547 0.0010943013511724392 0.0039960458869369763 -0.0097119644109530424 0.0086119735676888718 -0.0043433471052251446 0.00073814863086833315
leaf_weight=322 724 260 1834 789 586 1589 147 1397 847 657 392 662 222 120 105 67 30 2017 943 279 390 256 1121 330 236 608 244 70 939 44 762 1976 134 636 586 1549 485 832 921 805 2229 59 1074 323 115 57 348 1142 34 924 993 1004 1224 616 79 865 58 321 612 1115 657 104
leaf_count=322 724 260 1834 789 586 1589 147 1397 847 657 392 662 222 120 105 67 30 2017 943 279 390 256 1121 330 236 608 244 70 939 44 762 1976 134 636 586 1549 485 832 921 805 2229 59 1074 323 115 57 348 1142 34 924 993 1004 1224 616 79 865 58 321 612 1115 657 104
internal_value=2.75191e-06 -0.00488033 0.00410489 -0.00966727 -0.00293648 0.00651174 0.00192544 -0.0085243 0.00568772 -0.0044757 -0.0148578 -0.00147239 0.000943375 -0.0019114 0.00315066 -0.00543573 0.00493549 -0.00370862 0.00028163 -0.00126383 0.00821196 -0.0132672 0.00660945 -0.00988165 -0.0103274 0.00271451 0.001 -0.00743097 -0.00643819 -0.00198238 0.00450041 0.00409861 -0.00468891 -0.00295726 -0.0070759 -0.00192402 0.00182489 -0.000148022 -0.000614545 0.00150508 0.00312591 0.00447403 0.00103944 -0.00354994 -0.000756455 0.00159608 0.0074939 -0.000182958 0.00540528 -0.00270928 0.00251244 -0.00551387 0.00603398 -0.00223703 6.95654e-05 0.00186241 -0.00196931 0.00295311 -0.0107761 0.00913055 -0.00369559 -0.00164616
internal_weight=40866 18657 22209 5387 13270 10553 11656 4417 7111 6468 970 6802 6471 5074 5185 2870 3919 3598 3697 3160 3442 648 3192 1967 1637 3921 2052 2450 1053 114 1264 2085 2024 1914 846 1992 2774 1168 1645 1025 2896 667 1296 443 220 336 1937 1728 796 1581 1478 1129 2071 1252 109 1109 125 468 1401 1505 895 238
internal_count=40866 18657 22209 5387 13270 10553 11656 4417 7111 6468 970 6802 6471 5074 5185 2870 3919 3598 3697 3160 3442 648 3192 1967 1637 3921 2052 2450 1053 114 1264 2085 2024 1914 846 1992 2774 1168 1645 1025 2896 667 1296 443 220 336 1937 1728 796 1581 1478 1129 2071 1252 109 1109 125 468 1401 1505 895 238
cat_boundaries=0 1 2 3 5 6 8 10 12 13 15 17 18 20 22 23 25 27 29 31 33 35 37 39 41 43 45 47 48 50
cat_threshold=1 4 1 21769290 3020607648 4 86000769 470306946 538986924 2254549908 2022409116 1805658012 1 3515274505 2332098976 1205786177 4001484800 1 134221824 1073881090 142671880 65792 1 1406403588 352849976 444728384 659712 8664258 118104128 110260873 772299392 402687616 2113600 218955777 3146928 12584969 805306688 1342324736 8192 553656708 1277174611 575678020 1098916016 8519818 16 32837 2629888 4 24578 1090527633
is_linear=0
shrinkage=0.05


Tree=36
num_leaves=63
num_cat=24
split_feature=11 11 11 11 11 11 11 6 6 6 6 11 11 5 11 11 1 2 6 11 0 9 11 5 11 1 0 1 6 1 1 2 4 1 0 9 1 2 2 6 2 6 6 9 2 4 4 0 1 9 6 2 4 2 4 1 1 5 4 0 11 0
split_gain=295.173 52.0341 46.1992 10.4222 6.9891 5.94961 4.92031 4.60973 4.60481 3.41584 2.65372 2.28941 1.62104 1.48506 1.37012 1.29172 1.28598 1.26402 1.11469 1.07323 1.07152 1.05636 1.03321 0.97294 0.86161 0.859464 0.8302 0.825699 0.76652 0.720587 0.720535 0.692785 0.676048 0.65796 0.665946 0.647015 0.645197 0.637566 0.634364 0.611797 0.611191 0.600526 0.598195 0.594412 0.572787 0.528182 0.527693 0.525249 0.521625 0.932055 0.51302 0.510489 0.508871 0.495122 0.684089 0.494969 0.490161 0.596344 0.484604 0.480391 0.480082 0.472844
threshold=1744.2438180000001 744.77454200000011 3251.2874640000005 1180.280289 367.87794900000006 2235.0708075000002 4562.9588195000006 1.8717600000000003 1.7887450000000003 1.6253450000000003 1.9393950000000002 195.08367200000004 947.87972550000006 1.1902550000000003 1368.9256720000003 572.95197200000018 0 1 2.2448150000000004 6004.0237970000007 2 46.500000000000007 557.30846000000008 1.2010850000000002 2491.5576895000008 3 4 5 1.5360550000000004 6 7 8 34981.500000000007 9 10 64.500000000000014 11 12 13 1.5108450000000002 14 2.1861750000000004 1.6633750000000003 107.50000000000001 15 35330.500000000007 31041.000000000004 16 17 73.500000000000014 2.6570950000000004 18 33221.500000000007 19 21649.500000000004 20 21 1.1686100000000004 32308.500000000004 22 232.06818700000002 23
decision_type=2 2 2 2 2 2 2 2 2 2 2 2 2 2 2 2 9 9 2 2 1 2 2 2 2 9 1 9 2 9 9 9 2 9 1 2 9 9 9 2 9 2 2 2 9 2 2 1 9 2 2 9 2 9 2 9 9 2 2 1 2 1
left_child=1 4 5 7 9 23 16 17 22 11 21 32 33 24 51 47 38 -3 19 -8 46 -5 28 29 25 -7 41 52 -6 44 37 36 -1 34 -9 -11 -31 48 -4 -24 56 -18 -19 -28 -2 -32 -15 -10 49 -26 -36 -12 -23 54 -29 -42 57 -16 -25 -34 -37 -20
right_child=2 3 6 10 8 13 18 12 15 35 14 -13 -14 20 40 -17 26 42 61 -21 -22 27 39 58 30 -27 43 53 -30 31 45 -33 59 -35 50 60 -38 -39 -40 -41 55 -43 -44 -45 -46 -47 -48 -49 -50 -51 -52 -53 -54 -55 -56 -57 -58 -59 -60 -61 -62 -63
leaf_value=-0.016133220982476233 0.004642035415460123 0.00015925851855049466 0.0016050038208894211 -0.0037357600747603063 -0.0055541864731866869 0.0039380450578442635 0.0077513820142878671 -0.0058499658586723471 -0.012200396414480959 -0.019467118046188781 -0.0046629556017677527 -0.008676990272726252 -0.0047943820257996235 0.0015079947644413023 0.00047675529001733392 -0.0085761716852248201 0.0057225988841989603 -0.00141339521181859 0.0059225966956291546 0.010714101129910622 0.0050910386800381994 -0.0033753033592893952 -0.0016189929288509836 0.00072226658059039873 -0.0097789530432136323 0.00073346397170035186 0.005617978549677289 0.0092951342919766304 -0.0085564274390661482 -0.0043775157732106268 0.0027117695428852395 0.00027654568632969197 -0.0064441949789693885 -0.0072470091279802033 0.0038247239930370132 -0.019111729516037582 -0.00078290835221519247 0.0023260930117289416 0.0046433999329585519 -0.0053809583918239855 -0.0026815358418009663 0.0036507487299150968 -0.0038930655369335378 0.0075358876338934375 0.00081211873611878997 0.0044561692921659115 0.0037217847096427063 -0.0094582378693850219 0.0011592321659312196 7.3416307185814806e-05 -0.0041342945327050981 -0.0027491626822882696 -5.4717891942547996e-05 3.1975766530274914e-05 0.0015727763364998685 -0.0013567974116707145 -0.00104832843476934 0.0087961673235235332 0.0025011946045275708 -0.013427064690279635 -0.013629881651752974 0.0087302277482099299
leaf_weight=177 114 359 226 202 384 240 2366 139 509 112 742 590 2316 479 71 1214 1787 330 1080 360 900 237 130 858 35 1368 688 30 504 134 1372 2139 42 1461 40 57 1032 974 2370 673 1858 444 941 1052 519 641 620 305 217 72 39 955 224 899 396 1271 348 30 692 72 250 180
leaf_count=177 114 359 226 202 384 240 2366 139 509 112 742 590 2316 479 71 1214 1787 330 1080 360 900 237 130 858 35 1368 688 30 504 134 1372 2139 42 1461 40 57 1032 974 2370 673 1858 444 941 1052 519 641 620 305 217 72 39 955 224 899 396 1271 348 30 692 72 250 180
internal_value=2.41211e-06 -0.00480907 0.0037552 -0.00312667 -0.00912772 0.00168636 0.00618692 -0.00474225 -0.00802008 -0.0122878 -0.00187497 -0.0104956 -0.00565659 0.0026615 -0.00246161 -0.00962862 0.00534394 -0.00249919 0.00757407 0.00814643 0.00381105 -0.000317925 -0.00608641 0.000456858 0.00219367 0.00124294 0.00594241 7.05124e-05 -0.00726587 3.90803e-05 0.00265487 -0.000258365 -0.0141404 -0.00684235 -0.00361377 -0.0160223 -0.00123306 0.00168741 0.00438677 -0.00477469 -0.00190571 0.00531209 -0.00322551 0.0067812 0.00156937 0.00325302 0.00275915 -0.0111858 -0.000245904 -0.00293799 -0.000106976 -0.00363186 -0.00172804 0.00070482 0.0020882 -0.00215007 -0.000150744 0.00274114 0.00151757 -0.0109328 -0.0147064 0.00633029
internal_weight=40866 17907 22959 12888 5019 12406 10553 5625 3719 1300 7263 881 3995 6918 5275 2028 6567 1630 3986 2726 1999 1988 1691 5488 4919 1608 3971 1786 888 3938 3311 3305 291 1679 218 419 1166 1298 2596 803 3578 2231 1271 1740 633 2013 1099 814 324 107 79 1697 461 1325 426 3129 449 101 1550 114 307 1260
internal_count=40866 17907 22959 12888 5019 12406 10553 5625 3719 1300 7263 881 3995 6918 5275 2028 6567 1630 3986 2726 1999 1988 1691 5488 4919 1608 3971 1786 888 3938 3311 3305 291 1679 218 419 1166 1298 2596 803 3578 2231 1271 1740 633 2013 1099 814 324 107 79 1697 461 1325 426 3129 449 101 1550 114 307 1260
cat_boundaries=0 2 4 5 7 8 10 12 14 16 18 19 21 23 25 27 29 30 32 34 36 38 40 41 42
cat_threshold=3503727651 1293683810 8626184 184549528 1 939524738 7424 1 290196493 2483044608 32896 69207299 3775321805 2583761274 1410622473 2928427392 142645536 1073881088 1 167772160 2147553408 16811594 1411387584 12648448 67183008 1207960344 536870994 339739652 67633152 1 1028 268501264 33775116 336202090 1141903370 19014801 1205345474 2483746209 8389632 136323584 4 1
is_linear=0
shrinkage=0.05


Tree=37
num_leaves=63
num_cat=20
split_feature=3 3 3 3 3 3 3 3 3 0 0 2 0 0 3 4 9 9 6 2 0 4 2 4 3 2 2 4 9 0 6 11 2 2 6 4 11 6 11 3 3 0 4 4 2 4 4 3 3 9 0 9 2 4 2 9 4 0 6 2 4 6
split_gain=267.348 56.7719 38.1168 11.4324 9.05521 4.93303 4.51238 2.05672 1.90582 1.773 1.34618 1.29598 1.28398 1.17673 1.12486 0.952985 0.946689 0.911282 0.940027 0.900914 0.876119 0.827086 0.809585 0.775933 0.770869 0.757141 0.675801 0.600687 0.594048 0.5902 0.56465 0.530387 0.509981 0.493735 0.477686 0.476122 0.429081 0.422017 0.848006 0.421121 0.409499 0.409359 0.407029 0.406409 0.403829 1.02676 0.400733 0.394698 0.394454 0.393032 0.500419 0.390518 0.384241 0.384053 0.380195 0.375288 0.373585 0.363636 0.355939 0.352761 0.621026 0.347688
threshold=872.45000000000016 349.45000000000005 1601.8500000000001 610.25000000000011 161.75000000000003 2286.9500000000003 1154.7500000000002 462.35000000000008 239.05000000000004 0 1 2 3 4 112.45000000000002 25602.500000000004 60.500000000000007 77.500000000000014 1.8897250000000001 5 6 30561.500000000004 7 32793.500000000007 1887.2500000000002 8 9 29550.500000000004 54.500000000000007 10 1.3753550000000001 1617.4260130000002 11 12 1.5791600000000001 25602.500000000004 1085.1081925000001 1.9393950000000002 2790.0131180000003 2939.9500000000003 313.35000000000008 13 30396.500000000004 43243.000000000007 14 34464.500000000007 47497.500000000007 1935.6000000000001 742.85000000000002 103.50000000000001 15 75.500000000000014 16 32719.500000000004 17 81.500000000000014 23096.500000000004 18 2.1973750000000005 19 28637.500000000004 2.0901650000000003
decision_type=2 2 2 2 2 2 2 2 2 1 1 9 1 1 2 2 2 2 2 9 1 2 9 2 2 9 9 2 2 1 2 2 9 9 2 2 2 2 2 2 2 1 2 2 9 2 2 2 2 2 1 2 9 2 9 2 2 1 2 9 2 2
left_child=1 4 6 7 14 9 13 19 20 24 26 30 48 21 49 55 36 18 -11 -3 34 32 41 39 33 42 -8 -16 61 -21 -10 51 -2 -4 -6 -19 -9 -17 -39 -7 -32 53 -18 -28 45 -31 -13 -37 59 -1 -51 -24 -23 -14 -30 -12 -53 -25 -35 60 -5 -15
right_child=2 3 5 12 8 23 10 16 11 17 15 46 22 28 27 37 25 35 -20 29 -22 52 31 57 -26 -27 43 -29 54 44 40 -33 -34 58 -36 47 -38 38 -40 -41 -42 -43 -44 -45 -46 -47 -48 -49 -50 50 -52 56 -54 -55 -56 -57 -58 -59 -60 -61 -62 -63
leaf_value=-0.01892521267005226 -0.0017198639374955802 -0.0065791418885413309 0.0048150310041091869 -0.0060578690849153608 -0.008774721031317689 0.00640205846701122 0.0012013358538855788 -0.0071230349394886252 -0.0021246018441161141 -0.00060137185806524945 -9.8744184267191622e-05 -0.0063468036884358594 -0.0021005438372028108 -0.0021560154316092517 -0.014586660645977415 0.0054085771873179939 -0.0029924314618968769 0.0051752811042599083 0.0051289849460889134 -0.0052900879116108022 -0.0082193146841632765 -5.1727954430236173e-05 -0.0039380673277145083 0.0096478593404716855 0.0050197240415173032 -0.0035727856486274892 0.0024916844502033634 -0.010841843002628894 0.00089683551372974875 -0.0045789748372044416 -0.0098322775400069597 -0.0012984118751627177 0.00011831375632834184 0.0034036899194710962 -0.011722661718467758 0.0061506517771841955 -0.0043593681453961142 0.0019342924879705771 0.0047007384465772148 0.0083612110689922879 -0.0077637616776125538 5.6057514038805264e-05 -0.0008241959490589458 0.0051889910273673068 -0.0039477988098119074 0.0052148571839611777 -0.0009044734243717459 0.0076712946486221989 0.00052182782555623014 -0.01013079951159083 -0.016254694237367914 -0.0044045179102392201 0.0014200239092171604 -0.00062835603593509274 0.0023805125911016993 0.0026994465557124161 -0.0020366516105232075 0.0078102060677116489 0.0012841762481857035 -0.0003494142238677551 -0.00061130904961513935 0.0008409010385864639
leaf_weight=113 673 965 609 86 212 1589 1357 186 31 79 165 1451 1011 137 197 543 387 520 740 1169 577 723 547 390 2348 2229 1743 291 674 63 673 841 846 823 518 884 620 432 782 348 418 596 492 152 806 45 35 904 906 51 158 193 1156 790 1455 436 1229 1115 263 639 132 323
leaf_count=113 673 965 609 86 212 1589 1357 186 31 79 165 1451 1011 137 197 543 387 520 740 1169 577 723 547 390 2348 2229 1743 291 674 63 673 841 846 823 518 884 620 432 782 348 418 596 492 152 806 45 35 904 906 51 158 193 1156 790 1455 436 1229 1115 263 639 132 323
internal_value=2.12605e-06 -0.00441011 0.00370872 -0.0028035 -0.00914572 0.005874 0.00172701 -0.0042365 -0.00814605 0.0051255 0.00274579 -0.00735764 -0.00137173 0.000772093 -0.0139615 0.00365568 -0.00347627 0.0060213 0.00457618 -0.00521127 -0.00971242 0.000160108 -0.00176655 0.00743126 0.00443133 -0.0030783 0.0020851 -0.0123803 0.00157494 -0.00452145 -0.00878019 -0.00234345 -0.000707232 0.00361379 -0.0108797 0.00653191 -0.00500517 0.00424374 0.00371871 0.00675817 -0.00904759 -0.0010753 -0.00176111 0.00269644 -0.00358308 -0.000446815 -0.00617777 0.00692334 -0.000205306 -0.016312 -0.0148157 -0.00280082 0.000861276 -0.00145548 0.00192684 0.00193234 -0.0023609 0.0082925 0.00286569 -0.000973727 -0.0026565 -5.43996e-05
internal_weight=40866 18657 22209 13932 4725 10612 11597 6962 3915 7170 5610 2608 6970 5987 810 2358 3914 3127 819 3048 1307 3398 5207 3442 4043 3108 3252 488 2589 2083 1122 2810 1519 1695 730 2308 806 1757 1214 1937 1091 2397 879 1895 914 108 1486 1788 1763 322 209 1969 1879 1801 2129 601 1422 1505 1086 857 218 460
internal_count=40866 18657 22209 13932 4725 10612 11597 6962 3915 7170 5610 2608 6970 5987 810 2358 3914 3127 819 3048 1307 3398 5207 3442 4043 3108 3252 488 2589 2083 1122 2810 1519 1695 730 2308 806 1757 1214 1937 1091 2397 879 1895 914 108 1486 1788 1763 322 209 1969 1879 1801 2129 601 1422 1505 1086 857 218 460
cat_boundaries=0 1 2 4 5 6 8 9 11 13 15 16 18 20 21 23 24 26 28 29 31
cat_threshold=1 1 1440362016 2216383136 4 1 638651425 371867660 1 674863614 1663086147 142836372 1235223702 1993488141 780261088 1 76706433 772299457 220250629 1092727312 1 2 402 4 13409032 2676016360 612372866 271372550 4 1104171136 75497472
is_linear=0
shrinkage=0.05


Tree=38
num_leaves=63
num_cat=27
split_feature=3 3 3 3 3 3 3 1 3 0 0 3 1 1 5 3 4 4 9 4 1 5 1 1 2 2 5 0 1 5 3 2 2 9 4 2 2 2 4 4 2 4 4 9 5 1 4 1 11 7 2 3 11 9 2 1 1 0 2 9 5 1
split_gain=241.362 51.2472 34.4404 10.3385 8.18316 4.69029 4.00536 1.95758 1.95268 1.63338 1.3911 1.30998 1.28592 1.20921 1.05955 1.01771 0.985793 0.884764 0.813239 0.807661 0.796341 0.781322 0.771205 0.692294 0.679762 0.658502 0.683368 0.645971 0.626691 0.626248 0.601742 0.596552 0.591016 0.603298 0.589778 0.57516 0.571029 0.549771 0.543767 0.523281 0.515348 1.04616 0.510713 0.508111 0.504816 0.592198 0.504508 0.490414 0.489365 0.48523 0.480838 0.443753 0.44061 0.428858 0.428582 0.427975 0.426108 0.441477 0.426006 0.422081 0.466869 0.419292
threshold=872.45000000000016 349.45000000000005 1648.7500000000002 616.55000000000007 161.75000000000003 1244.0000000000002 2286.9500000000003 0 462.35000000000008 1 2 229.30000000000004 3 4 1.1533650000000002 112.45000000000002 34381.500000000007 31821.500000000004 60.500000000000007 28544.500000000004 5 1.2010850000000002 6 7 8 9 1.3715450000000002 10 11 1.1206450000000003 208.35000000000005 12 13 147.50000000000003 27838.500000000004 14 15 16 29389.500000000004 30561.500000000004 17 34556.500000000007 30795.500000000004 48.500000000000007 1.2191450000000001 18 41206.500000000007 19 5054.6436320000012 2.5000000000000004 20 313.35000000000008 1132.6360200000004 261.50000000000006 21 22 23 24 25 261.50000000000006 0.94720500000000019 26
decision_type=2 2 2 2 2 2 2 9 2 1 1 2 9 9 2 2 2 2 2 2 9 2 9 9 9 9 2 1 9 2 2 9 9 2 2 9 9 9 2 2 9 2 2 2 2 9 2 9 2 2 9 2 2 2 9 9 9 1 9 2 2 9
left_child=1 4 5 8 15 10 9 11 13 22 20 -6 17 40 50 -1 29 36 52 35 37 34 -4 -18 -20 26 -16 -9 -12 54 -29 -19 33 -24 -8 -11 42 59 -17 -22 41 -3 -5 -30 45 46 -25 -31 -36 -15 53 -13 -10 -14 -7 -51 -26 -58 -41 -2 -61 -56
right_child=2 3 6 12 7 16 21 27 18 19 28 51 14 49 25 38 23 31 24 -21 39 -23 32 44 56 -27 -28 30 43 47 -32 -33 -34 -35 48 -37 -38 -39 -40 58 -42 -43 -44 -45 -46 -47 -48 -49 -50 55 -52 -53 -54 -55 61 -57 57 -59 -60 60 -62 -63
leaf_value=-0.01550340288010175 -0.0010447067440383189 -0.0029782072433994877 0.0030915389876585739 -0.0036763039076297419 -0.010786085584429086 0.0028968815999407859 0.0054271679570054368 -0.0046848217709005461 -0.0061750715039670468 0.0010927687590343081 0.0034772343924123561 -0.0087242904745833457 -0.0024523219269656882 -0.0071167289817619123 0.0018994076506939741 -0.013899300489382647 0.0059700565345660074 -0.002592034772233803 -0.0016824533751755542 0.0064699008049698848 0.00017713852716976953 0.0082938093968520036 0.0046116702104956834 0.0014813059202424485 -0.0048266557178734126 -8.6509855202513577e-06 0.0098583509216950919 -0.0089715641749830086 -0.00013805573285569328 -2.7564280938704387e-05 -0.0063676298919828692 -0.00044597479987115669 0.0041782824573203831 0.0074107665394511184 0.0060616255338511449 0.0051309901466472067 -0.002055378834759744 0.00021330093922518825 -0.010324612306037642 0.0034779688820722274 -0.0036266877866675627 0.0080080244111858552 -0.0085800079713711352 0.0017355014682762324 0.0050780006814961729 0.0032050215613251727 -0.00564771244664573 0.0036856612167583732 0.0078164825768168075 -0.0066547514082192886 -0.00051593865736193633 -0.0068582202733929194 -0.0037777829399118501 -0.00014864687357798447 -0.0016436859512931037 -0.0045662710386526681 -0.0016888584558585513 -0.0034491996461275469 0.0011778940878533369 -0.0012405216229358215 -0.008210955039063033 0.0015403777352592011
leaf_weight=322 540 71 1179 522 648 623 778 435 309 122 449 929 974 429 177 193 373 475 903 1880 1084 949 365 79 469 1152 31 289 426 107 1086 1015 1808 427 694 912 1014 1309 295 254 705 30 59 2398 315 810 35 1017 1021 515 1128 528 528 255 108 1298 483 1390 1052 50 46 999
leaf_count=322 540 71 1179 522 648 623 778 435 309 122 449 929 974 429 177 193 373 475 903 1880 1084 949 365 79 469 1152 31 289 426 107 1086 1015 1808 427 694 912 1014 1309 295 254 705 30 59 2398 315 810 35 1017 1021 515 1128 528 528 255 108 1298 483 1390 1052 50 46 999
internal_value=1.84883e-06 -0.00419048 0.0035237 -0.00266404 -0.00868977 0.00171953 0.00567267 -0.00773946 -0.00399429 0.00495818 0.000964278 -0.00885716 -0.00126926 -0.00495268 -0.000636594 -0.0132678 0.00300561 -0.00202247 -0.00327762 0.00584944 0.000376648 0.00706017 0.00426955 0.00399483 -0.00291738 0.000472815 0.0029843 -0.00635143 0.00174223 0.00244568 -0.00692105 -0.00115178 0.00477211 0.0060519 0.00658743 0.00471618 -0.00284729 -0.000374648 -0.0117639 0.000985405 -0.00313695 0.000301945 -0.00411741 0.0014478 0.00332093 0.00275298 -0.000678505 0.00336498 0.0071103 -0.00556495 -0.00127936 -0.00805322 -0.00466912 -0.00195893 0.0018468 -0.00522472 -0.00337103 -0.00298049 0.00166317 -0.0015678 -0.00463074 0.00121662
internal_weight=40866 18657 22209 13932 4725 12074 10135 3915 7130 6693 7608 2105 6802 3048 3717 810 4466 3085 4082 2914 4335 3442 3779 1612 3245 1360 208 1810 3273 2854 1375 1490 2600 792 2493 1034 1595 1945 488 2390 806 101 581 2824 1239 924 114 1124 1715 2242 2357 1457 837 1229 1730 1813 2342 1873 1306 636 96 1107
internal_count=40866 18657 22209 13932 4725 12074 10135 3915 7130 6693 7608 2105 6802 3048 3717 810 4466 3085 4082 2914 4335 3442 3779 1612 3245 1360 208 1810 3273 2854 1375 1490 2600 792 2493 1034 1595 1945 488 2390 806 101 581 2824 1239 924 114 1124 1715 2242 2357 1457 837 1229 1730 1813 2342 1873 1306 636 96 1107
cat_boundaries=0 2 3 4 6 8 10 12 14 16 18 19 21 23 25 27 29 31 33 35 37 39 41 43 45 46 48 50
cat_threshold=1475505992 613028009 1 1 1162624075 3020607652 2290129174 1663183152 1340005953 243617796 3537277953 3491105899 507512834 539001344 142836628 1233142930 8654978 33562690 4 151520896 527362 1128539139 344522808 86000165 545330944 549978112 33555072 1632637060 117969352 5300809 234887328 2 524434 128 67174720 1074003968 135790592 516080736 2391440770 336135904 22585616 18875521 201347202 33559553 2215117858 4 33587269 2621696 32768 285229056
is_linear=0
shrinkage=0.05


Tree=39
num_leaves=63
num_cat=30
split_feature=3 3 3 3 3 3 3 0 1 2 0 1 3 0 3 3 5 1 2 1 1 6 11 2 6 2 0 0 0 2 1 6 6 0 6 5 2 0 9 9 9 2 2 9 1 2 1 3 5 6 5 1 0 11 5 2 2 5 5 5 9 1
split_gain=218.442 46.7038 33.4539 6.62012 6.37628 5.45094 4.74884 1.61607 1.608 1.32041 1.2566 1.18188 1.13515 1.0931 1.02314 0.951795 0.832597 0.820262 1.16709 0.809145 0.785122 0.782459 0.737625 0.713141 0.804211 0.707309 0.688304 0.665384 0.661064 0.652751 0.651602 0.631756 0.690539 0.631552 0.619518 0.613019 0.612247 0.608542 0.600632 0.551725 0.541569 0.541475 0.528812 0.642711 0.503016 0.502184 0.497103 0.466165 0.679037 0.461466 0.453442 0.449942 0.433701 0.429725 0.42685 0.414915 0.411127 0.755124 0.430865 0.409761 0.629004 0.402545
threshold=742.85000000000002 1405.9000000000003 332.25000000000006 161.75000000000003 2071.7500000000005 512.95000000000016 978.10000000000014 0 1 2 3 4 2484.4500000000003 5 229.30000000000004 87.250000000000014 1.1206450000000003 6 7 8 9 2.0609250000000006 2302.7165150000005 10 2.1591750000000007 11 12 13 14 15 16 1.4833100000000001 2.4552850000000004 17 2.2284850000000005 1.2010850000000002 18 19 105.50000000000001 48.500000000000007 214.50000000000003 20 21 126.50000000000001 22 23 24 1648.7500000000002 0.98485000000000011 1.4513500000000004 1.1142700000000001 25 26 974.29649600000005 1.1020050000000003 27 28 0.98660792168674705 0.90379500000000013 1.0433550000000003 231.50000000000003 29
decision_type=2 2 2 2 2 2 2 1 9 9 1 9 2 1 2 2 2 9 9 9 9 2 2 9 2 9 1 1 1 9 9 2 2 1 2 2 9 1 2 2 2 9 9 2 9 9 9 2 2 2 2 9 1 2 2 9 9 2 2 2 2 9
left_child=2 6 3 15 7 9 13 20 14 30 25 29 28 45 52 -1 41 18 21 54 23 22 -12 24 -3 -8 -13 31 -6 53 -4 -17 40 -11 -26 -14 -28 -10 -22 -19 -33 -9 -21 -44 -27 51 47 48 -43 -16 56 -2 -5 -7 -15 -40 57 58 -31 -39 -61 -35
right_child=1 4 5 8 12 11 10 16 37 33 17 26 35 19 49 27 -18 39 -20 42 38 -23 -24 -25 34 44 36 -29 -30 50 -32 32 -34 61 -36 -37 -38 59 55 -41 -42 46 43 -45 -46 -47 -48 -49 -50 -51 -52 -53 -54 -55 -56 -57 -58 -59 -60 60 -62 -63
leaf_value=-0.016146493605945385 0.0047439919050115339 0.0019903250795736223 -0.0067792055072857646 -0.011397872876127563 0.006888563442814139 0.0029340192060862218 0.0002848562192009419 0.00047214795602485544 -0.0043501211151706527 -0.0025155902258853619 0.0061776120452240353 -0.0023418012584676823 0.0065807689402217519 -0.00064543359994625278 -0.0047280562212848563 -0.010047646518796683 0.0058654155575533851 -0.00038732177035341576 0.0025624382311696956 -0.00015129197929652848 0.0027956137967611316 0.0040068115846007167 0.014651008264233193 0.0030214808649662518 -0.0067992515125396575 0.00074252460171108845 0.0006224097981529787 -0.0096536623076714859 0.00519871509345408 -0.0091500228246194169 -0.0046459426187279535 -0.021806490041461648 -0.012425702286972887 -0.0029176095234839834 0.00028805736514647874 0.0084278943084379193 -0.0015485235124539211 -0.0077894167515359216 0.0053333102263086489 0.0020213692829545646 -0.013378445075994189 0.0031035353655282124 -0.0030019761639592203 -0.0010173589025767938 0.0022760194187147393 -2.179812775683881e-05 0.004817231607892148 0.0037697406411999501 -0.0047855313285253944 -0.0080908418628656258 -0.0028035547102170234 0.0012091841710797204 -0.0087247840954258696 -0.0023217311162997936 0.00078693792751056621 0.0035244598597050461 -0.0040134047572811657 -0.013391166646033527 -0.0012519594746041359 -0.006199208678113138 0.00098310242773908571 -0.0047161261245844931
leaf_weight=160 102 281 843 374 785 40 1869 109 366 721 61 2117 1706 1184 117 131 1219 283 1029 655 880 116 47 1041 54 988 438 259 2362 32 1198 50 167 588 70 636 1220 506 800 1476 43 64 703 974 1252 838 1441 221 46 1193 548 601 298 819 926 951 731 45 37 550 32 1473
leaf_count=160 102 281 843 374 785 40 1869 109 366 721 61 2117 1706 1184 117 131 1219 283 1029 655 880 116 47 1041 54 988 438 259 2362 32 1198 50 167 588 70 636 1220 506 800 1476 43 64 703 974 1252 838 1441 221 46 1193 548 601 298 819 926 951 731 45 37 550 32 1473
internal_value=1.81426e-06 0.00279968 -0.00477422 -0.00853649 0.00496462 -0.00330125 0.000706878 0.00398244 -0.00757356 -0.00455411 0.00157926 -0.00229808 0.00624789 -0.000331524 -0.00858068 -0.0126068 0.00484385 0.00235498 0.0033386 -0.000729557 0.00332642 0.00661727 0.00996569 0.0023242 0.000499435 0.0010102 -0.00173975 -0.011712 0.00562229 -0.00321084 -0.00555867 -0.0130474 -0.0145146 -0.00378182 -0.00282805 0.00708576 -0.000980573 -0.00609491 0.00385268 0.00162461 -0.0180934 0.00417905 -0.00136836 -0.00183964 0.00160657 0.000815555 0.00437931 0.00237922 -0.00020892 -0.00779434 -0.003905 0.00178724 -0.0102272 -0.00205003 -1.66654e-05 0.00440402 -0.00466131 -0.00772415 -0.00499322 -0.00673329 -0.0058033 -0.0042417
internal_weight=40866 25770 15096 4246 12666 10850 13104 7177 3436 4823 7121 6027 5489 5983 1982 810 3100 3012 1253 4442 4077 224 108 1446 405 4109 3775 650 3147 2252 2041 391 260 2782 124 2342 1658 1454 2631 1759 93 1881 2332 1677 2240 1541 1772 331 110 1310 1393 703 672 859 2110 1751 845 114 69 1088 582 2061
internal_count=40866 25770 15096 4246 12666 10850 13104 7177 3436 4823 7121 6027 5489 5983 1982 810 3100 3012 1253 4442 4077 224 108 1446 405 4109 3775 650 3147 2252 2041 391 260 2782 124 2342 1658 1454 2631 1759 93 1881 2332 1677 2240 1541 1772 331 110 1310 1393 703 672 859 2110 1751 845 114 69 1088 582 2061
cat_boundaries=0 1 3 5 6 8 9 11 13 15 17 19 21 22 23 24 26 28 29 31 32 34 36 38 40 42 44 45 47 49 51
cat_threshold=1 1475505736 881463721 1716862561 503996428 1 1147012713 3021975588 4 164105910 1091218950 537141829 1090520112 1786810780 1772400090 3588153347 18500648 478871560 541327616 1184314200 2928695264 1 1 4 671820585 1237321382 86012929 67653830 4 150999184 721952771 4 20971520 1073742400 671186968 1210131818 1096210025 1535857288 1506331093 67118928 297927808 335937664 537952256 67109377 1 69861477 1630902032 128 131336 698386708 1912612925
is_linear=0
shrinkage=0.05


Tree=40
num_leaves=63
num_cat=30
split_feature=3 3 3 3 3 11 3 2 3 1 0 1 1 2 0 0 2 2 4 4 2 11 2 1 4 2 1 4 2 0 3 0 0 9 5 2 1 5 4 2 1 4 5 0 1 1 4 1 11 9 7 2 4 9 9 3 6 4 2 4 0 6
split_gain=195.352 40.9034 29.9017 5.53726 5.45952 5.43387 4.10825 2.01817 1.73977 1.49735 1.35922 1.1471 1.09326 1.05095 1.04741 1.04441 0.964114 0.936757 0.890376 0.828252 0.787972 0.761627 0.757443 0.743756 0.71203 0.750957 0.679578 1.0543 0.665477 0.654318 0.65211 0.648375 0.618108 0.61793 0.614605 0.599435 0.594957 0.656105 0.826047 0.591796 0.580675 0.569586 0.555849 0.544953 0.542095 0.540422 0.523385 0.514822 0.511891 0.489683 0.545114 0.485289 0.793199 0.704684 0.469363 0.438829 0.437228 0.434318 0.432532 0.430861 0.423778 0.423081
threshold=742.85000000000002 1405.9000000000003 313.35000000000008 141.25000000000003 523.75000000000011 3950.4352030000005 978.10000000000014 0 2766.0500000000006 1 2 3 4 5 6 7 8 9 32308.500000000004 23946.500000000004 10 798.15376500000013 11 12 32719.500000000004 13 14 23219.500000000004 15 16 161.75000000000003 17 18 84.500000000000014 1.1142700000000001 19 20 0.98660792168674705 28367.500000000004 21 22 30396.500000000004 1.2191450000000001 23 24 25 35236.500000000007 26 343.15739200000002 133.50000000000003 6.5000000000000009 27 28544.500000000004 193.50000000000003 127.50000000000001 1315.4500000000003 1.9958200000000004 25894.500000000004 28 32460.500000000004 29 1.5360550000000004
decision_type=2 2 2 2 2 2 2 9 2 9 1 9 9 9 1 1 9 9 2 2 9 2 9 9 2 9 9 2 9 1 2 1 1 2 2 9 9 2 2 9 9 2 2 1 9 9 2 9 2 2 2 9 2 2 2 2 2 2 9 2 1 2
left_child=2 6 3 46 9 14 15 30 11 22 24 31 20 26 -3 47 41 19 32 -13 34 45 -4 51 28 -26 27 -12 44 58 -5 -7 -11 -21 36 -20 57 -38 -39 -33 -18 -17 -25 -19 -8 61 48 -2 -1 -15 -51 52 53 -16 59 -52 -44 -6 -14 -32 -10 -9
right_child=1 5 4 7 12 8 10 21 60 18 13 17 29 49 23 16 40 43 35 33 -22 -23 -24 42 25 -27 -28 -29 -30 -31 54 39 -34 -35 -36 -37 37 38 -40 -41 -42 -43 56 -45 -46 -47 -48 -49 -50 50 55 -53 -54 -55 -56 -57 -58 -59 -60 -61 -62 -63
leaf_value=-0.014503111875529499 -0.00060072413755106946 0.0047578218428736118 -0.0063836835293631031 -0.014821018535515358 -0.0073424083396258655 0.0071503211829729157 -0.0027066441646738859 0.0010245032333345576 0.0088449741132331627 -0.0028714340795722897 -0.0093986822603790866 -0.0034675846954448234 -0.0033115916446782266 0.0021554178478531377 -0.0072929775399513484 -0.0023566358673974427 0.001802244482323738 0.0060224934858102604 -0.001005857110527965 -0.0028832420467948304 -0.002351268887537632 -0.0019834050486519281 -0.0041605411513668273 0.0031765897565331348 0.0036714710694279677 0.0010902613213873691 0.0017204878283674546 9.1605466184696248e-05 0.001101163616129238 -0.00077351836091307693 -0.012141839642775114 0.0064222924996102763 -0.0049579067115575592 0.0039716921029596328 -0.0027057663095928189 -0.0033743417970570331 -0.0053285487281909353 -0.0053515788631297518 -0.014819962435787351 0.0044958093247635658 -0.00033151496666476135 -0.00073258508628194264 0.0068293181063736833 0.0042603407286396829 -1.6460495545447516e-05 -0.0069604603539971874 -0.010530890742907438 0.0014008064557305866 -0.0090853094348105883 0.0058426576879128337 0.0026159089213970855 0.0024851702715958253 0.0020621878089760021 0.0021447914922910353 -0.0083231260727345945 0.0062085895709024048 0.0040149386418092872 -0.0021161774646798331 -0.0016108325070700023 -0.0087136122606139878 0.0067130822919942478 -0.0049421854198296025
leaf_weight=365 452 1321 1208 57 52 815 230 43 329 477 33 62 600 761 55 965 375 611 379 38 1667 90 868 2713 349 1477 1054 210 1175 1443 218 1098 1449 216 300 1236 117 41 57 1151 1822 1227 186 1643 851 1752 204 1076 57 255 601 768 147 30 624 99 569 165 1222 187 946 93
leaf_count=365 452 1321 1208 57 52 815 230 43 329 477 33 62 600 761 55 965 375 611 379 38 1667 90 868 2713 349 1477 1054 210 1175 1443 218 1098 1449 216 300 1236 117 41 57 1151 1822 1227 186 1643 851 1752 204 1076 57 255 601 768 147 30 624 99 569 165 1222 187 946 93
internal_value=-1.24029e-05 0.00263155 -0.00455279 -0.00845949 -0.00327427 0.00465028 0.000661325 -0.00757914 0.00559739 -0.00437886 0.00147258 0.00521772 -0.00217827 0.002278 0.00351916 -0.000311521 -0.000703445 0.00434743 -0.00370541 0.00162371 -0.00299311 -0.00647123 -0.00548099 0.00315196 0.00087767 0.00161141 0.00117132 -0.00118199 0.000283336 -0.00156487 -0.00944284 0.00591256 -0.00444292 0.00293887 -0.00439833 -0.00284659 -0.00566634 -0.00758006 -0.0109528 0.00548731 3.98548e-05 -0.00144173 0.00350298 0.00471954 -0.000610339 -0.00671825 -0.0127495 0.000813958 -0.0137945 0.00308847 0.00386125 0.00187857 -0.000151088 -0.00397579 -0.0092225 0.00313215 0.0047164 -0.00324751 -0.00219942 -0.0105843 0.00726969 -0.00285366
internal_weight=40681 25710 14971 3690 11281 12698 13012 3064 6909 5617 7095 5634 5664 3013 5789 5917 4389 2570 3541 316 2399 1978 2076 4468 4082 1826 1297 243 2256 3265 1086 3064 1926 254 732 1615 432 215 98 2249 2197 2192 3468 2254 1081 1888 626 1528 422 1716 955 1000 232 85 1029 700 755 217 1822 405 1275 136
internal_count=40681 25710 14971 3690 11281 12698 13012 3064 6909 5617 7095 5634 5664 3013 5789 5917 4389 2570 3541 316 2399 1978 2076 4468 4082 1826 1297 243 2256 3265 1086 3064 1926 254 732 1615 432 215 98 2249 2197 2192 3468 2254 1081 1888 626 1528 422 1716 955 1000 232 85 1029 700 755 217 1822 405 1275 136
cat_boundaries=0 2 4 5 7 9 11 12 13 15 17 19 21 23 25 27 29 30 31 32 34 36 38 40 41 43 45 47 49 51 52
cat_threshold=1112419904 269161129 108295169 3021492386 1 120080591 606704532 1449006699 2484973620 1451513737 2516799695 4 4 1423722017 2509035667 549462148 262656 55840800 67639560 1180053089 369651788 3516793856 1838088 1207975940 532487 4243968 134217937 1318466073 1862824576 1 4 4 176162968 150995024 39194632 2415919104 2640547 684967233 553705496 268435720 4 1208745986 1191194626 553648144 134219776 230951497 2449490944 272793600 2367776 38073352 2617769986 4
is_linear=0
shrinkage=0.05


Tree=41
num_leaves=63
num_cat=18
split_feature=3 11 3 3 3 3 3 2 0 0 0 5 0 2 2 2 2 3 2 11 4 5 6 2 5 4 9 5 9 3 4 9 5 4 2 2 2 11 4 11 11 4 4 0 2 4 9 4 4 4 9 2 5 9 11 6 9 9 0 9 6 4
split_gain=176.411 36.9865 26.996 4.99871 4.97337 4.53765 4.20828 1.9995 1.2921 1.25414 1.1911 1.16426 1.11544 0.992053 0.948401 0.912701 0.909422 0.900455 0.813617 0.7064 0.699822 0.694018 0.677641 0.665295 0.661821 0.651348 0.628035 0.627788 0.600324 0.597854 0.578346 0.557353 0.508946 0.611045 0.50287 0.486012 0.480813 0.477372 0.472403 0.464463 0.460747 0.442966 0.413632 0.412369 0.405327 0.404724 0.399972 0.686567 0.382183 0.369746 0.367692 0.397818 0.40064 0.607368 0.365077 0.40503 0.364937 0.353977 0.39548 0.401553 0.352864 0.349966
threshold=742.85000000000002 2986.4424890000005 313.35000000000008 141.25000000000003 451.55000000000007 1064.1500000000003 2071.7500000000005 0 1 2 3 1.2029950000000003 4 5 6 7 8 2561.5000000000005 9 798.15376500000013 23595.500000000004 1.2092850000000002 2.1973750000000005 10 1.1657500000000003 33541.500000000007 77.500000000000014 1.1763100000000002 64.500000000000014 1360.6500000000003 35416.500000000007 83.500000000000014 0.95265500000000014 32308.500000000004 11 12 13 1145.5261150000003 35236.500000000007 3564.3860135000004 343.15739200000002 28985.000000000004 28186.000000000004 14 15 30561.500000000004 64.500000000000014 38919.500000000007 43243.000000000007 32154.500000000004 56.500000000000007 16 1.3107700000000002 147.50000000000003 5120.5068640000009 1.9048100000000001 237.50000000000003 136.50000000000003 17 169.50000000000003 2.2738450000000001 27374.500000000004
decision_type=2 2 2 2 2 2 2 9 1 1 1 2 1 9 9 9 9 2 9 2 2 2 2 9 2 2 2 2 2 2 2 2 2 2 9 9 9 2 2 2 2 2 2 1 9 2 2 2 2 2 2 9 2 2 2 2 2 2 1 2 2 2
left_child=2 5 3 38 14 9 12 31 26 28 16 13 22 -7 43 25 49 41 -12 32 -16 37 39 -24 44 -11 54 61 -2 34 -15 42 33 -9 57 46 -30 -18 40 -3 -1 -10 -5 -4 -14 -28 -32 56 -31 -6 -20 52 -52 -54 55 -8 -48 -13 -59 -60 -29 -17
right_child=1 6 4 7 10 11 8 19 17 15 18 29 24 30 20 27 21 -19 50 -21 -22 -23 23 -25 -26 -27 45 60 36 48 35 -33 -34 -35 -36 -37 -38 -39 -40 -41 -42 -43 -44 -45 -46 -47 47 -49 -50 -51 51 -53 53 -55 -56 -57 -58 58 59 -61 -62 -63
leaf_value=-0.013779937578212532 -0.00067799320603488858 0.0029319855231928547 -0.0041671731103008662 -0.014067725395572554 -0.002691222561502091 0.0004746707163089186 -0.00055803450387577672 -0.009309192540948405 0.0036730310161782738 -0.0021738310852673711 -0.0026960094167609774 0.0021449257504557156 0.0027454355105646137 0.0015153355176296898 -0.005950318854808628 -0.0013093594761795779 -0.0051071884218076569 0.006042743850553145 -0.0025569054532260296 -0.0019037526488081434 -0.0034300593672467032 -0.0022137369438974086 -0.00056460016466449564 0.0026080129138482677 0.0054537513578931489 -0.00020076386921840774 0.0063622753810967164 0.00060313447661861411 0.00047475828465574129 0.0042516866234761138 0.0021091391166779571 -0.008567592801032347 -0.0059449218762910126 -0.0058597420264027561 0.0019155753950442827 0.0022286146204377462 0.0022330977305207128 -0.0034253918496518136 -0.010006914753466845 0.0042968893193139884 -0.0086388760326622897 0.0050319442943496618 -0.0096896455772680998 -0.0060602005194001574 0.00444305104270795 0.0084171306473755213 0.014833729625153806 0.0039370504044861513 0.0094382098873232526 -0.0012679275479325024 -0.0001132299465748232 -0.0011591366243162851 -0.0010480906636289814 0.0080365806569561091 0.0072847850953902662 0.0048306186050176628 0.0068118838499878738 0.0039022985529141886 0.013282412432524707 0.0053135634641971836 0.0035188898946409961 -8.2084051707618773e-05
leaf_weight=365 416 1566 389 96 1029 1846 42 295 986 1055 1205 89 723 1726 330 845 712 1567 339 91 1726 677 213 745 974 693 457 1281 728 239 64 693 1486 242 977 541 875 1069 204 1052 57 1601 161 1235 1209 564 30 87 42 825 318 1354 33 40 122 199 32 91 30 37 112 1854
leaf_count=365 416 1566 389 96 1029 1846 42 295 986 1055 1205 89 723 1726 330 845 712 1567 339 91 1726 677 213 745 974 693 457 1281 728 239 64 693 1486 242 977 541 875 1069 204 1052 57 1601 161 1235 1209 564 30 87 42 825 318 1354 33 40 122 199 32 91 30 37 112 1854
internal_value=-1.19971e-05 0.00250051 -0.00432665 -0.00803869 -0.00311184 0.000723396 0.00452429 -0.00720225 0.00553696 -6.07352e-05 -0.00238081 0.00178007 0.00365839 0.0013628 -0.00462072 -0.000432122 -0.00292761 0.00509302 -0.00166327 -0.00620926 -0.00381871 -0.00356724 0.0030652 0.00192407 0.00438702 -0.00138425 0.00686481 -2.17234e-05 0.00101319 0.0029778 0.0020134 -0.00924058 -0.00643258 -0.00776847 0.00249658 0.00317667 0.00145223 -0.00410022 -0.0121147 0.00348188 -0.0131076 0.00451563 -0.0113732 -0.00557529 0.0038467 0.0075045 0.00521514 0.00687399 0.00505762 -0.00204786 -0.00104717 -0.000758578 0.000641155 0.00397114 0.00504988 0.00389309 0.0108673 0.00451831 0.00611749 0.00902456 0.000839923 -0.000466661
internal_weight=40681 25710 14971 3690 11281 13690 12020 3064 5538 7859 7601 5831 6482 4326 3680 5840 4312 4154 3289 2114 2056 2458 3576 958 2906 1748 1384 4092 2019 1505 2480 950 2023 537 1224 754 1603 1781 626 2618 422 2587 257 1624 1932 1021 213 149 281 1854 2084 1745 391 73 363 241 62 247 158 67 1393 2699
internal_count=40681 25710 14971 3690 11281 13690 12020 3064 5538 7859 7601 5831 6482 4326 3680 5840 4312 4154 3289 2114 2056 2458 3576 958 2906 1748 1384 4092 2019 1505 2480 950 2023 537 1224 754 1603 1781 626 2618 422 2587 257 1624 1932 1021 213 149 281 1854 2084 1745 391 73 363 241 62 247 158 67 1393 2699
cat_boundaries=0 2 3 4 5 6 8 10 12 14 16 18 20 22 24 25 27 29 30
cat_threshold=1112411712 269161129 4 4 1 1 1132506889 1561810658 1716806689 908607628 1343488545 2274154624 2089353628 1675781372 1127289953 370096200 8389640 608446496 8197 1092617472 134479892 536879104 647378434 1470910497 4 1371680023 3661497060 134357504 687865858 1
is_linear=0
shrinkage=0.05


Tree=42
num_leaves=63
num_cat=15
split_feature=11 11 11 11 11 11 11 6 6 6 6 11 11 5 2 2 5 2 2 2 0 0 11 4 6 11 2 0 4 6 6 6 4 4 2 5 4 4 11 8 6 9 6 11 6 9 5 2 5 4 5 11 5 0 5 2 5 2 6 9 2 4
split_gain=158.367 28.8046 24.6982 4.57676 4.14437 3.8051 3.12074 2.90642 2.42941 1.8331 1.67706 1.31875 1.16711 1.06172 0.907389 0.896362 0.887394 0.900444 0.859714 0.842646 0.80447 0.76511 0.715292 0.681179 0.646079 0.778356 0.625828 0.60744 0.587653 0.587526 0.55768 0.526813 0.510505 0.499512 0.696625 0.492495 0.439916 0.430878 0.418912 0.415968 0.414811 0.409351 0.480195 0.388162 0.384738 0.378722 0.373879 0.355233 0.378181 0.351258 0.350982 0.349906 0.528685 0.348391 0.340392 0.339925 0.357841 0.336933 0.556886 0.335733 0.317164 0.312841
threshold=1642.8415800000005 2986.4424890000005 744.77454200000011 1145.5261150000003 367.87794900000006 3950.4352030000005 2170.1537155000001 1.7887450000000003 1.8219950000000003 1.6253450000000003 1.8866950000000002 5120.5068640000009 144.35875949999999 1.2071750000000001 0 1 1.1902550000000003 2 3 4 5 6 572.95197200000018 30233.500000000004 1.5360550000000004 526.60665450000022 7 8 28275.500000000004 2.1507850000000004 2.2960300000000005 2.3152450000000004 27918.500000000004 34723.500000000007 9 1.2446550000000001 22113.500000000004 32154.500000000004 947.87972550000006 3.5000000000000004 1.8686350000000003 60.500000000000007 1.9471700000000001 1418.8731810000002 1.3291550000000003 126.50000000000001 0.93401500000000015 10 0.8797950000000001 35236.500000000007 1.3743200000000002 2741.0889115000004 1.3526850000000004 11 1.0665150000000001 12 1.1335100000000002 13 2.0586300000000004 226.50000000000003 14 33701.500000000007
decision_type=2 2 2 2 2 2 2 2 2 2 2 2 2 2 9 9 2 9 9 9 1 1 2 2 2 2 9 1 2 2 2 2 2 2 9 2 2 2 2 2 2 2 2 2 2 2 2 9 2 2 2 2 2 1 2 9 2 9 2 2 9 2
left_child=2 6 4 8 9 21 13 24 14 12 28 18 49 26 39 38 17 36 35 43 -13 -3 -9 -17 -6 50 37 -15 -5 46 54 -22 -11 34 -18 -7 -8 -2 -10 -4 -28 -21 59 -12 -14 -45 -23 48 -19 -1 -26 -35 -53 -32 -20 56 -27 58 -36 -43 -25 -61
right_child=1 5 3 10 7 11 16 22 15 32 19 20 44 27 -16 23 33 47 30 41 31 29 -24 60 25 55 40 -29 -30 -31 53 -33 -34 51 57 -37 -38 -39 -40 -41 -42 42 -44 45 -46 -47 -48 -49 -50 -51 -52 52 -54 -55 -56 -57 -58 -59 -60 61 -62 -63
leaf_value=-0.013963999449797322 -0.0015205259269858275 0.004362285174730772 0.0029026654217035532 -0.001726684289225056 -0.002877951914169727 0.0050129304004354301 -0.001749838207526765 -0.0083302396524948721 -0.0059683185658411138 -0.014232493945938385 -0.0033631924443482206 0.0076562803952854031 -0.0055722025653506682 0.0028693564479469122 -0.0023176574392495238 -0.0044209199503975165 -0.00045062706105864522 0.008152438220817463 0.0035388142209225315 -0.0024776256419640763 0.0060586197926639183 0.002299900124322355 -0.0063828835545442957 -0.0034157052257057191 -0.006378920121596166 0.002367078501265496 0.0022859318240599741 0.00059818572407257988 0.00063309048701591479 0.0017719155905767305 0.00064280744649709929 0.004065685935402602 -0.010424536448718691 0.0030086667215660514 0.0098799902173872731 0.006924402924335521 0.00067391232334900689 -0.00017631954804252453 -0.0043751901509874796 -0.001436597126878921 3.7906702330010819e-05 -0.0002249493930157108 -0.0013927139369056985 -0.0030896600334749179 -0.0079969244893245434 -0.0011795288779163531 0.0035773150892552102 0.0016408329859883268 0.0029197762541819964 -0.0087814625803954334 -0.012078490955454688 0.0041634945431724196 0.011093650383150412 0.0053707727126549101 0.0047539210584691691 -0.0044830802071935396 -0.0034409707815016262 0.0021398703199066076 0.0027191806581270484 0.0067161124249105336 -0.0016183011687115692 0.00028313839980369639
leaf_weight=90 1293 1212 140 367 529 1638 212 811 854 166 1261 591 284 388 950 1102 242 41 1179 723 1179 779 1204 658 346 43 230 1214 931 870 192 475 236 476 45 436 1547 1106 837 90 1838 202 1816 480 433 568 2250 2339 211 64 30 129 35 48 1171 611 66 774 69 39 505 36
leaf_count=90 1293 1212 140 367 529 1638 212 811 854 166 1261 591 284 388 950 1102 242 41 1179 723 1179 779 1204 658 346 43 230 1214 931 870 192 475 236 476 45 436 1547 1106 837 90 1838 202 1816 480 433 568 2250 2339 211 64 30 129 35 48 1171 611 66 774 69 39 505 36
internal_value=-1.12216e-05 0.00256205 -0.0037931 -0.00253048 -0.00676258 0.00429873 0.000849238 -0.00590048 -0.00364307 -0.00922112 -0.0016404 0.00506422 -0.00791314 4.57973e-05 -0.00165006 -0.00423698 0.00164585 0.00126129 0.00458238 -0.00204692 0.00606276 0.00326316 -0.0071704 -0.00351337 -0.00432233 -0.00501622 -0.000350265 0.0011497 -3.49342e-05 0.00292046 0.00389643 0.00548909 -0.0120284 0.00258971 0.00195456 0.00539192 0.000378814 -0.000897405 -0.00515236 0.00115579 0.000287523 -0.00144708 -0.00109699 -0.00275932 -0.0070456 -0.00205651 0.00324966 0.0018514 0.00365549 -0.0118808 -0.00686451 0.00370633 0.00570076 0.00160676 0.00414606 -0.00404281 -0.00105328 0.00258578 0.00515858 0.000839769 -0.00268054 0.00367264
internal_weight=40681 24209 16472 11559 4913 12020 12189 3640 5136 1273 6423 6909 871 6069 1180 3956 6120 4350 4664 5125 2245 5111 2015 2265 1625 1096 4467 1602 1298 3899 2590 1654 402 1770 1130 2074 1759 2399 1691 230 2068 2816 2093 2309 717 1048 3029 2591 252 154 376 640 164 240 2350 720 109 888 114 277 1163 75
internal_count=40681 24209 16472 11559 4913 12020 12189 3640 5136 1273 6423 6909 871 6069 1180 3956 6120 4350 4664 5125 2245 5111 2015 2265 1625 1096 4467 1602 1298 3899 2590 1654 402 1770 1130 2074 1759 2399 1691 230 2068 2816 2093 2309 717 1048 3029 2591 252 154 376 640 164 240 2350 720 109 888 114 277 1163 75
cat_boundaries=0 2 4 6 8 10 11 12 14 15 17 18 19 21 23 25
cat_threshold=204828 16777360 1683240545 2483570188 1728100105 1561546914 606752331 13362496 323460099 2484984602 4 4 1150837481 260891888 4 1225015809 82437 136593472 1 2052 67248448 8192 18875520 321536012 588415105
is_linear=0
shrinkage=0.05


Tree=43
num_leaves=63
num_cat=27
split_feature=3 3 11 3 3 3 3 2 1 1 3 9 1 2 9 2 1 2 9 1 1 2 1 11 2 2 6 9 2 3 5 2 9 2 1 2 6 1 2 6 11 2 1 6 6 2 6 8 2 1 3 11 9 11 8 6 11 1 5 5 11 6
split_gain=144.007 26.6276 24.5396 5.1569 4.84621 3.30406 2.96156 1.64144 1.2624 1.17335 0.996056 0.943655 0.912202 0.904461 0.854985 0.837898 0.783715 0.770754 0.763989 0.76309 0.753327 0.752439 0.741961 0.725357 0.684784 0.676918 0.676159 0.67326 0.620466 0.6099 0.530052 0.510187 0.505584 0.502681 0.497575 0.493808 0.471715 0.51893 0.470587 0.465783 0.434035 0.430207 0.438156 0.424264 0.418191 0.413499 0.410304 0.379239 0.368791 0.389673 0.606996 0.360906 0.359948 0.342998 0.342893 0.536559 0.518802 0.346723 0.340545 0.33604 0.33871 0.401144
threshold=813.6500000000002 349.45000000000005 3159.4156770000004 161.75000000000003 561.95000000000016 1097.8000000000004 2326.6500000000001 0 1 2 239.05000000000004 105.50000000000001 3 4 64.500000000000014 5 6 7 81.500000000000014 8 9 10 11 3981.2034465000006 12 13 2.5661400000000003 71.500000000000014 14 3071.9000000000001 1.1686100000000004 15 255.50000000000003 16 17 18 2.0427750000000002 19 20 2.1776650000000006 2059.8218050000009 21 22 1.6522650000000001 2.3304050000000003 23 1.9934400000000003 1.0000000180025095e-35 24 25 841.45000000000016 1240.7627865000002 64.500000000000014 717.98283600000002 1.0000000180025095e-35 2.0853700000000006 1332.8560490000002 26 1.0470950000000003 0.89057000000000008 1555.3679450000002 1.9834900000000002
decision_type=2 2 2 2 2 2 2 9 9 9 2 2 9 9 2 9 9 9 2 9 9 9 9 2 9 9 2 2 9 2 2 9 2 9 9 9 2 9 9 2 2 9 9 2 2 9 2 2 9 9 2 2 2 2 2 2 2 9 2 2 2 2
left_child=1 3 5 21 8 12 9 -5 15 38 -9 19 28 -11 34 -3 17 54 40 33 -12 52 41 -15 -24 26 -18 -8 -2 39 32 43 -17 -7 51 -21 37 46 -4 58 45 42 -13 53 -38 -14 -26 -41 -20 50 -50 -6 -1 -10 55 56 -16 -56 -29 -59 61 -61
right_child=2 4 6 7 14 11 27 10 31 13 20 22 18 23 16 30 25 -19 48 35 -22 -23 24 -25 36 -27 -28 29 -30 -31 -32 -33 -34 -35 -36 -37 44 -39 -40 47 -42 -43 -44 -45 -46 -47 -48 -49 49 -51 -52 -53 -54 -55 57 -57 -58 59 -60 60 -62 -63
leaf_value=-0.018352079251781107 -0.0015127090859401373 -0.0031514869496084043 0.0020966506733605043 -0.008423859679630101 -0.0080047374740242951 -0.0034516284845479577 0.0042186655626641574 -0.0067325264880767708 -0.00076567211985497535 0.0030842951839553478 -0.0035251178538114078 -0.0026571557015594065 0.0017460459640850396 0.0039776833293634272 -0.003206570654780277 -0.0065277117216304085 0.00018249987024300697 -0.00092729479329322533 0.00044378755964167801 0.0032235513921477833 -0.0056657994606048199 -0.0086726319944210317 0.0016882299699293305 0.0054997498641511239 0.0051005255216322529 -0.0010983357713244231 0.0060327034654059954 0.0053364985715360696 0.00017253012091315905 0.0082690557670288198 -0.0037576359640384971 -0.0030192941985921757 -0.0036921273522471823 0.0001904175837756814 -0.0017598772578097763 0.0011079005442320045 0.0022310689405327308 0.0029780571126690556 0.0034192573513845341 0.001840415964065825 0.00092662476525769751 0.0018900353923198684 0.0010544674818037864 -0.0019783635643370839 0.0070064765503630045 -0.0015709867243171229 0.0091640392703647242 0.0051143280533017879 0.0085205028032677623 0.0010945287569962996 0.0022793671724781364 -0.0034540026367533613 -0.013005883599887242 0.00488405320847537 -0.0010737692621172708 -0.0010015944285229085 -0.011381347867686097 -0.0082872364162044094 0.0070000948258301266 -0.0021726079690246127 -0.00070032327697111465 -0.0054952183053266317
leaf_weight=47 1014 1180 1216 660 49 109 775 1070 71 1393 855 105 101 1574 36 687 986 1139 1486 348 1277 543 818 1594 274 2006 51 588 1171 253 457 2552 210 451 911 1419 597 421 2104 102 377 1240 242 585 49 679 83 747 43 1332 357 390 192 42 308 46 44 32 708 190 118 177
leaf_count=47 1014 1180 1216 660 49 109 775 1070 71 1393 855 105 101 1574 36 687 986 1139 1486 348 1277 543 818 1594 274 2006 51 588 1171 253 457 2552 210 451 911 1419 597 421 2104 102 377 1240 242 585 49 679 83 747 43 1332 357 390 192 42 308 46 44 32 708 190 118 177
internal_value=-1.07954e-05 -0.0035376 0.00249837 -0.00676188 -0.00231652 0.00100037 0.00422135 -0.00600912 -0.00336861 0.00370104 -0.00546556 0.00183227 0.000219549 0.00423607 -0.00137748 -0.00422182 -0.00108264 -0.00182615 0.000635444 0.00103751 -0.00485246 -0.010467 0.00231488 0.00473009 0.00290412 -0.000563692 0.00047121 0.00551209 -0.000613204 0.00592817 -0.00512169 -0.00268104 -0.00586871 -0.000571318 -0.00249693 0.00154193 0.00358428 0.00444024 0.00294336 0.00564834 -0.000464732 0.00145368 -0.000115782 -0.00141669 0.00260356 -0.00113755 0.00590333 0.00472362 0.001033 0.0015266 0.0028976 -0.00389056 -0.0135641 0.00135865 -0.00287978 -0.00533763 -0.0077877 -0.00253325 0.00625001 -0.00331427 -0.00303797 -0.00378564
internal_weight=40681 16911 23770 4644 12267 12716 11054 3862 5784 7881 3202 6156 6560 4561 6483 2534 5133 2090 4375 2327 2132 782 3829 3168 2242 3043 1037 3173 2185 2398 1354 3250 897 560 1350 1767 1424 778 3320 2145 1157 1587 347 698 646 780 357 849 3218 1732 400 439 239 113 951 126 80 825 1296 517 485 367
internal_count=40681 16911 23770 4644 12267 12716 11054 3862 5784 7881 3202 6156 6560 4561 6483 2534 5133 2090 4375 2327 2132 782 3829 3168 2242 3043 1037 3173 2185 2398 1354 3250 897 560 1350 1767 1424 778 3320 2145 1157 1587 347 698 646 780 357 849 3218 1732 400 439 239 113 951 126 80 825 1296 517 485 367
cat_boundaries=0 2 4 6 8 10 12 14 16 18 20 22 24 26 28 30 32 34 36 38 40 42 44 46 48 50 52 54
cat_threshold=1112148480 336269312 1463572067 471617698 3503727138 1553751139 507661921 2987233312 1271366786 3734767656 296370574 3787687843 1180570121 2484858908 299241600 76175708 138437641 1225064609 3946877056 1477454178 80740416 268484612 4070461765 2391097818 1133663755 3733396064 164823696 553787715 1153852097 461953176 100794498 16929112 33921 2105408 893398016 2357338368 402735236 8256 134253698 1092650528 2127832080 1729375146 419430913 1090535444 1074282500 67108928 570432512 4096 697899809 221240609 554205212 16 68682248 268566536
is_linear=0
shrinkage=0.05


Tree=44
num_leaves=63
num_cat=21
split_feature=3 3 3 3 3 3 3 2 3 4 1 1 4 1 5 2 2 9 1 1 4 2 4 1 1 9 5 4 1 5 4 5 2 11 4 2 9 5 2 4 5 2 2 2 4 4 2 5 5 4 11 1 4 5 9 9 4 11 9 5 3 1
split_gain=130.268 27.3828 20.0019 4.19726 3.95596 3.58809 2.33772 1.4897 1.29762 1.07678 1.01994 1.00427 0.967003 0.869112 0.812679 0.810576 0.806949 0.740782 0.710098 0.699774 0.645002 0.59757 0.582905 0.724647 0.567641 0.55069 0.54623 0.542851 0.53071 0.523078 0.521472 0.589215 0.500089 0.770997 0.494367 0.605297 0.493577 0.493068 0.484428 0.478652 0.52006 0.48534 0.473356 0.45493 0.429222 0.420104 0.525618 0.729447 0.419991 0.418232 0.417296 0.511743 1.02534 0.612115 0.409172 0.400827 0.400678 0.419043 0.394624 0.381178 0.375889 0.374678
threshold=742.85000000000002 1344.0000000000002 306.55000000000007 1935.6000000000001 451.55000000000007 141.25000000000003 978.10000000000014 0 2766.0500000000006 31821.500000000004 1 2 31576.500000000004 3 1.2446550000000001 4 5 105.50000000000001 6 7 28005.500000000004 8 34113.500000000007 9 10 83.500000000000014 1.3655950000000001 31124.500000000004 11 1.3076450000000002 26004.500000000004 0.91271000000000002 12 882.46887200000003 32308.500000000004 13 50.500000000000007 1.2418750000000003 14 32958.500000000007 0.95265500000000014 15 16 17 25703.500000000004 27374.500000000004 18 1.1020050000000003 0.9579850000000002 28186.000000000004 3251.2874640000005 19 27739.500000000004 0.98660792168674705 69.500000000000014 136.50000000000003 35236.500000000007 320.52579500000007 97.500000000000014 1.1533650000000002 631.55000000000007 20
decision_type=2 2 2 2 2 2 2 9 2 2 9 9 2 9 2 9 9 2 9 9 2 9 2 9 9 2 2 2 9 2 2 2 9 2 2 9 2 2 9 2 2 9 9 9 2 2 9 2 2 2 2 9 2 2 2 2 2 2 2 2 2 9
left_child=2 6 5 17 10 56 15 25 11 18 20 30 21 32 38 27 -14 50 42 37 -4 28 23 26 48 49 -19 -2 36 60 31 -5 33 -11 -12 -36 -8 -17 -13 40 -9 -41 -6 59 -16 -21 47 -47 -23 -7 51 52 53 -3 -18 -34 57 58 -1 -15 -20 -29
right_child=1 3 4 8 9 7 12 39 -10 13 34 14 16 43 44 19 54 22 29 45 -22 24 -24 -25 -26 -27 -28 61 -30 -31 -32 -33 55 -35 35 -37 -38 -39 -40 41 -42 -43 -44 -45 -46 46 -48 -49 -50 -51 -52 -53 -54 -55 -56 -57 -58 -59 -60 -61 -62 -63
leaf_value=-0.015343511246499561 -0.0019319999523934783 -0.00038079014409811716 -0.0064771115415694445 -0.0032671262217142311 -0.0021163403546447727 -0.013210060884959476 -0.00840366031423459 -0.0079104859542274333 0.0059955786049094486 0.0085856224951003837 -0.0039546718980702153 0.0022728620255817824 0.0030604197759288992 -0.0041927103589590392 0.0040133893828231335 -0.0010519073464599902 2.7886732339565913e-05 0.0014233047291838594 -0.0028798777895215387 -0.00031296886157839636 -0.0043280867412775811 -0.00066026691968242327 0.0039551205845922222 0.0031300517922564844 0.00078591193410986544 -0.0074260737598107326 -0.0049637490592431277 0.00080474032072089079 0.00017137018151451699 -0.00020510364261685187 0.0035170489119703214 0.0022134393743989574 -0.0019689775600851738 0.00032714319218736271 4.3714142861130378e-05 -0.0030473312148701168 -0.0015710936483436834 0.00097554845337108386 0.0044591391485069957 -0.0012646226404720675 -0.0054698542064546413 -0.005008200313889012 -0.0042003666414435377 -0.0015280731255993541 0.0065061835181198001 0.0012341038660628357 0.00080876139648267055 0.007113927903132704 0.0048067168623385764 -0.008625037815199783 0.0027530825178698547 0.0018615934865256806 0.0017951930280716199 -0.0090966826439556753 0.0015950217689384913 -0.00033714159901933674 -0.0085198781521449284 -0.0081430218210008908 -0.011094846713356674 -0.0016747060885145947 -0.001558342336612055 -0.0010608600001399862
leaf_weight=83 963 36 529 59 496 85 30 301 1275 30 1218 360 836 433 235 1321 537 481 1350 635 1071 44 1490 2012 1452 620 35 445 1351 325 1021 269 670 321 205 819 185 387 3197 127 874 745 950 1033 728 133 1297 87 169 150 1026 928 136 45 1856 858 204 90 249 233 902 649
leaf_count=83 963 36 529 59 496 85 30 301 1275 30 1218 360 836 433 235 1321 537 481 1350 635 1071 44 1490 2012 1452 620 35 445 1351 325 1021 269 670 321 205 819 185 387 3197 127 874 745 950 1033 728 133 1297 87 169 150 1026 928 136 45 1856 858 204 90 249 233 902 649
internal_value=-1.05708e-05 0.00214848 -0.00371825 0.00372057 -0.00270304 -0.00700935 0.000454796 -0.0062645 0.00454649 -0.00204162 -0.00401071 0.00423072 0.00111237 -0.00140992 0.00459905 -0.000263189 0.00172419 0.00276662 -0.00260296 0.000164841 -0.00501091 0.000500584 0.00316908 0.0027044 0.00115586 -0.00814092 0.000962691 -0.00106173 -0.000202493 -0.00207294 0.00293825 0.00122067 -0.000655711 0.00102623 -0.00325814 -0.00245838 -0.00244574 -0.000588778 0.00425749 -0.00541098 -0.00610127 -0.0045369 -0.00350689 -0.00222621 0.00590266 0.000762925 0.00121822 0.00342595 0.00351531 -0.0103324 0.00202065 0.00136251 -0.0008184 -0.00527484 0.00123834 -0.00104665 -0.0104468 -0.011356 -0.0121999 -0.00326664 -0.00235149 -0.000304298
internal_weight=40681 25710 14971 13333 11443 3528 12377 2902 7144 7601 3842 5869 6460 3578 4520 5917 3229 6189 4023 3860 1600 3231 4018 2528 1665 855 516 2057 1566 2577 1349 328 1879 351 2242 1024 215 1708 3557 2047 1175 872 1446 1699 963 2152 1517 220 213 235 2171 1145 217 81 2393 1528 626 422 332 666 2252 1094
internal_count=40681 25710 14971 13333 11443 3528 12377 2902 7144 7601 3842 5869 6460 3578 4520 5917 3229 6189 4023 3860 1600 3231 4018 2528 1665 855 516 2057 1566 2577 1349 328 1879 351 2242 1024 215 1708 3557 2047 1175 872 1446 1699 963 2152 1517 220 213 235 2171 1145 217 81 2393 1528 626 422 332 666 2252 1094
cat_boundaries=0 2 4 6 8 10 12 14 16 18 20 22 24 26 28 30 32 34 36 38 40 42
cat_threshold=1112411712 269160617 1182033033 2752008322 3503563264 436617377 2030107036 3898737624 613680673 2542585984 676595716 554180868 1448088073 2485006386 350101347 2760610885 1519653843 705262214 1103888388 1590272 16778776 35 272891912 1778388994 143654920 537002384 134228096 134220114 1350565904 266784 134303744 8192 1778657544 1224869538 1079391784 68092168 33669440 74 134251520 287571984 5249288 1091187552
is_linear=0
shrinkage=0.05


Tree=45
num_leaves=63
num_cat=34
split_feature=3 3 3 3 3 3 3 1 1 0 1 2 3 0 0 0 1 1 2 1 9 11 2 0 4 4 1 2 2 2 4 1 4 1 1 9 2 4 2 1 4 4 2 4 4 2 2 4 9 0 1 8 11 9 0 0 11 1 11 9 1 0
split_gain=118.454 25.7404 16.0077 6.37622 3.56932 2.0062 1.85644 1.64465 1.50369 1.21295 1.16451 1.08013 1.04806 1.04048 0.814277 0.781661 0.770938 0.696907 0.657396 0.639194 0.636332 0.631768 0.627069 0.626198 0.621099 0.608159 0.595018 0.697614 0.58715 0.542623 0.710364 0.513746 0.511855 0.571168 0.509097 0.503998 0.48378 0.481213 0.478072 0.433169 1.04453 0.431961 0.430545 0.429302 0.410346 0.409123 0.399665 0.39828 0.391324 0.390493 0.390314 0.387079 0.794991 0.378612 0.372868 0.367512 0.428844 0.366949 0.363769 0.352573 0.35118 0.342607
threshold=902.45000000000016 421.85000000000008 1601.8500000000001 200.90000000000003 644.75000000000011 2384.9000000000005 1154.7500000000002 0 1 2 3 4 313.35000000000008 5 6 7 8 9 10 11 108.50000000000001 1431.1157645000001 12 13 28186.000000000004 30956.500000000004 14 15 16 17 43485.500000000007 18 29245.500000000004 19 20 118.50000000000001 21 25187.500000000004 22 23 26490.500000000004 32867.500000000007 24 32081.500000000004 34981.500000000007 25 26 44832.500000000007 26.500000000000004 27 28 1.5000000000000002 1617.4260130000002 77.500000000000014 29 30 3251.2874640000005 31 4988.5522200000005 261.50000000000006 32 33
decision_type=2 2 2 2 2 2 2 9 9 1 9 9 2 1 1 1 9 9 9 9 2 2 9 1 2 2 9 9 9 9 2 9 2 9 9 2 9 2 9 9 2 2 9 2 2 9 9 2 2 1 9 2 2 2 1 1 2 9 2 2 9 1
left_child=1 3 6 7 14 10 15 -1 37 16 11 44 43 19 34 17 18 -2 21 38 -13 -6 48 41 57 31 27 -16 59 30 -21 -15 39 -34 -3 -20 -18 -5 -8 40 -24 -9 -12 -10 58 -17 47 -28 -11 -26 51 52 -50 -29 -44 56 -22 -7 -4 -19 -27 -14
right_child=2 4 5 8 9 24 13 23 12 22 42 20 61 25 26 45 36 28 35 29 55 -23 32 -25 49 60 46 53 -30 -31 -32 -33 33 -35 -36 -37 -38 -39 -40 -41 -42 -43 54 -45 -46 -47 -48 -49 50 -51 -52 -53 -54 -55 -56 -57 -58 -59 -60 -61 -62 -63
leaf_value=-0.011728636689528277 0.0007868116513753715 -0.00045341104786617405 0.0022096906354772332 -0.0048376280317156631 -0.0085046048317495414 0.0019739066428838322 -0.0017516318121867395 -0.0094587255354438519 -0.006991268517847299 -0.0043271703243676933 0.0036527013296663645 0.0035956749774724616 -0.0032640848562183163 -0.00035354438833117891 -0.0050726809938322045 0.0040327971537364648 -0.0016847600936790231 -0.0023138211794813206 -0.0029389910177003483 0.0027209687630602277 0.01029454228191753 -0.003175102376711108 -0.00058404472159209698 -0.0058228988600147122 0.0068584640648714796 0.0053844802145225313 -0.0011720828881431663 -0.0041129967787013957 -0.00033753027880441538 0.0012674409431780429 0.010429173756710952 0.0023154017880032888 0.0027360740199987997 0.00039932044466220662 -0.0023167573662903618 -0.00084688672449541823 -0.0001607639091218261 -0.0027186093116779528 0.00078590837106430915 -2.7198359295805116e-05 -0.011384343920696167 -0.0067500798413431262 0.0018919390229334072 -0.0052741201443912457 0.0039686648127639536 0.0010480378056791312 -0.0025009085874868903 0.0047246875428226635 -0.011010524882668897 0.0051729320118554332 -0.00014094216426266981 -0.001279111964558979 -1.4721976526743674e-05 -0.0023982402535631174 0.0031344130283856696 0.0059085207644175384 0.0043713079907110623 0.0045938971232234709 -0.0019204299206356124 -0.0077155059795021201 0.0029086837830043307 -0.0048032308276090372
leaf_weight=337 1440 719 574 350 69 232 229 349 795 83 1200 1064 489 225 518 114 846 175 464 495 31 285 81 477 477 214 377 444 1357 1671 31 963 362 916 777 759 1350 1173 811 635 30 282 1414 715 349 2190 1891 30 34 1374 683 159 31 1200 1064 859 1162 716 58 36 966 1507
leaf_count=337 1440 719 574 350 69 232 229 349 795 83 1200 1064 489 225 518 114 846 175 464 495 31 285 81 477 477 214 377 444 1357 1671 31 963 362 916 777 759 1350 1173 811 635 30 282 1414 715 349 2190 1891 30 34 1374 683 159 31 1200 1064 859 1162 716 58 36 966 1507
internal_value=-1.0702e-05 -0.00286289 0.00253971 -0.00543002 -0.00155835 0.00392619 0.00119655 -0.00835805 -0.00458721 -0.000774271 0.00351195 0.00410669 -0.00517031 0.00183123 -0.00245156 0.000526642 -0.00137157 -4.24858e-06 -0.00221264 0.00124793 0.00458074 -0.00411891 -2.63497e-05 -0.00715297 0.0050752 0.00262772 -0.00279026 -0.00340268 -0.000731126 0.00172788 0.0031347 0.00182655 0.000477813 0.00108735 -0.00144061 -0.00162906 -0.000753348 -0.00318752 0.000214677 -0.000560076 -0.0032853 -0.0082608 0.00282967 -0.00618221 0.00256683 0.00121945 -0.00218853 -0.000709526 -0.00105074 0.00561076 -0.000758052 -0.00251275 -0.00584605 -0.00284627 0.00241673 0.00511183 0.00453372 0.00402468 0.00182823 -0.0031203 0.00343208 -0.00442798
internal_weight=40708 19217 21491 6474 12743 10574 10917 1445 5029 6787 7775 4097 3506 5605 5956 5312 3773 3008 1577 3237 3116 354 3014 1108 2799 2368 4460 2162 1568 2197 526 1188 2024 1278 1496 1223 2196 1523 1040 746 111 631 3678 1510 981 2304 2298 407 990 1851 907 224 65 1644 2478 2052 1193 948 632 211 1180 1996
internal_count=40708 19217 21491 6474 12743 10574 10917 1445 5029 6787 7775 4097 3506 5605 5956 5312 3773 3008 1577 3237 3116 354 3014 1108 2799 2368 4460 2162 1568 2197 526 1188 2024 1278 1496 1223 2196 1523 1040 746 111 631 3678 1510 981 2304 2298 407 990 1851 907 224 65 1644 2478 2052 1193 948 632 211 1180 1996
cat_boundaries=0 2 4 5 7 9 10 11 12 14 16 18 20 22 23 25 27 29 31 33 35 37 39 41 43 45 47 49 50 52 53 54 56 58 59
cat_threshold=340787200 276873228 2818871446 1499540304 1 757651807 2210522012 1355236480 2652112928 1 4 1 391011402 2248593441 1611161630 3225053146 1279557632 8913200 3238416399 118047624 663093312 395005960 1 1129871011 479599232 55713953 2490368 1064960 167858208 134479969 1076887632 17409 136401424 17858564 1075978945 1215477000 1235234712 852038691 3492172562 1207960072 1075920960 25169920 2147622912 19036559 415302224 34603008 1090519040 33751040 125965328 4 1181704 268959872 1 1 32 2215002112 234881542 536887808 4
is_linear=0
shrinkage=0.05


Tree=46
num_leaves=63
num_cat=17
split_feature=11 11 11 11 1 6 11 11 6 11 6 9 6 6 5 0 11 1 1 11 1 1 5 11 1 0 1 4 0 6 9 1 1 1 11 5 1 5 9 6 1 9 11 1 9 5 1 8 11 4 4 6 6 4 5 9 5 4 4 6 11 6
split_gain=106.568 21.2206 14.2821 5.21667 2.79439 2.23898 2.22919 1.9686 1.65999 1.49846 0.973455 0.910524 0.903778 0.901912 0.839613 0.827884 0.738945 0.706838 0.700436 0.656647 0.644434 0.630986 0.624487 0.587613 0.585025 0.554675 0.546336 0.536218 0.530884 0.824654 0.513489 0.512778 0.50721 0.506728 0.504643 0.501192 0.488546 0.484648 0.614128 0.479944 0.478384 0.474824 0.585781 0.454206 0.427826 0.392243 0.384505 0.476429 0.373166 0.370289 0.364601 0.364466 0.364398 0.363359 0.359227 0.450372 0.390294 0.355577 0.351602 0.430117 0.466764 0.350099
threshold=1864.5490160000002 947.87972550000006 3343.6869775000009 526.60665450000022 0 1.8259550000000002 1368.9256720000003 2491.5576895000008 1.8835450000000002 4295.1002685000012 1.6743900000000003 105.50000000000001 2.2003850000000003 1.9393950000000002 1.2169150000000004 1 6004.0237970000007 2 3 320.52579500000007 4 5 1.22374 258.39811300000002 6 7 8 23946.500000000004 9 1.9110350000000003 127.50000000000001 10 11 12 744.77454200000011 1.1400950000000003 13 1.0546200000000001 236.50000000000003 2.1333050000000005 14 136.50000000000003 2268.4441775000009 15 164.50000000000003 1.2048900000000002 16 1.5000000000000002 2152.5213760000001 35143.000000000007 32793.500000000007 1.6522650000000001 2.3250850000000005 25602.500000000004 0.99460000000000004 126.50000000000001 1.0216050000000003 31576.500000000004 27033.500000000004 2.2914700000000008 4225.969223000001 1.5607050000000002
decision_type=2 2 2 2 9 2 2 2 2 2 2 2 2 2 2 1 2 9 9 2 9 9 2 2 9 1 9 2 1 2 2 9 9 9 2 2 9 2 2 2 9 2 2 9 2 2 9 2 2 2 2 2 2 2 2 2 2 2 2 2 2 2
left_child=1 3 7 4 15 17 8 14 24 18 19 43 16 46 20 23 35 -5 58 -6 48 27 49 -1 37 -12 45 -7 39 -30 -25 -14 41 -31 -23 -11 -15 38 -3 40 44 -16 -43 -8 -9 -10 47 -13 -2 -17 -34 -19 -35 -20 -55 -56 -57 -22 59 60 -4 -26
right_child=2 6 9 5 10 21 11 28 26 12 25 13 31 36 32 22 -18 51 53 -21 57 34 -24 30 61 -27 -28 -29 29 33 -32 -33 50 52 -36 -37 -38 -39 -40 -41 -42 42 -44 -45 -46 -47 -48 -49 -50 -51 -52 -53 -54 54 55 56 -58 -59 -60 -61 -62 -63
leaf_value=-0.013679570390550949 -0.0010866000053864229 -0.011466934117743223 0.0021824640757962962 -0.0035811103032742098 -0.0058718062034227546 -0.0075189842832611604 -0.0023136502093948903 0.0019630510917890182 -0.0036919503558064935 0.0041759035861681252 -0.0079036956680564509 -0.0066114672218965422 0.0022557650817867907 -0.0014476252855088806 0.00083067687845932387 -0.010400139446084212 0.0074144525731480492 -0.00051009588031902667 0.0026513692513210423 -0.0034146146280010833 0.00021470866246461231 -0.0048936078728924115 -0.0043780962739491088 -0.012067271707471738 0.0046285405334156862 -0.0048455327493856599 -0.0020672043608920298 -0.0050417617263180314 0.0046864093389337993 0.00037706391072501186 -0.0076637112315981089 0.0041381601213056505 0.00049761612144160622 0.0021861957488069762 -0.0032159122105958463 0.0055605545128571852 -0.00010548940607274171 -0.0012436418244204915 -0.002205292241232264 0.00039943295361685331 0.0012987259250505118 0.0034456187390369945 0.010172879944079893 -0.00088235799742027567 0.0044196529023734542 -0.0018927456035431143 0.0011759809970440351 0.00030313451451497537 0.00028467762077285006 -0.0057758839239421137 0.002181546231329701 -0.0023940418879237037 0.0044414238942460426 0.0031721566986578015 0.0034986337483288023 0.0092930191835798957 0.0049988077643401191 0.0013446673769436077 0.0028683404911839586 -0.0032489293016907243 -0.0036242349740319155 -0.00019974076752036262
leaf_weight=133 1000 31 559 754 500 281 1004 452 1387 1849 472 36 652 1325 85 152 272 476 620 610 1405 794 113 120 38 226 2399 1076 366 369 170 1252 762 1241 1056 1037 1394 143 42 750 1432 110 46 1329 294 392 1071 76 983 67 556 558 210 785 609 58 706 1380 1558 44 36 1005
leaf_count=133 1000 31 559 754 500 281 1004 452 1387 1849 472 36 652 1325 85 152 272 476 620 610 1405 794 113 120 38 226 2399 1076 366 369 170 1252 762 1241 1056 1037 1394 143 42 750 1432 110 46 1329 294 392 1071 76 983 67 556 558 210 785 609 58 706 1380 1558 44 36 1005
internal_value=-1.01539e-05 -0.00271373 0.00241046 -0.00477767 -0.00661204 -0.00383529 -0.00137697 0.00120266 -0.00211687 0.00378696 -0.00542413 -0.000731531 0.00439334 -0.000264184 0.000612853 -0.00925167 0.0049134 -0.00241539 0.00316922 -0.00452575 0.000283351 -0.00462593 -0.00745671 -0.0108578 -0.000524825 -0.00692187 -0.00259637 -0.00551925 0.0019321 0.00252199 -0.00952108 0.00352864 0.00161976 0.00208439 -0.00391705 0.00467519 -0.000765529 -0.00282314 -0.00624013 0.00149099 0.00186651 0.00369852 0.00548146 -0.00151273 0.00289704 -0.00327837 0.000887777 -0.00179905 -0.000404997 -0.0090181 0.0012 -0.00151348 0.00249822 0.00371331 0.00403424 0.00452446 0.00533653 0.000772127 0.00245182 0.00147169 0.00182564 -1.93796e-05
internal_weight=40708 19230 21478 7558 2563 4995 11672 11441 5437 10037 1808 6235 5062 3902 6327 755 3158 1788 4975 1110 4768 3207 332 423 1259 698 4178 1357 5114 2186 290 1904 1559 1820 1850 2886 2719 216 73 2928 2178 241 156 2333 746 1779 1183 112 1983 219 1318 1034 1451 2778 2158 1373 764 2785 2197 639 595 1043
internal_count=40708 19230 21478 7558 2563 4995 11672 11441 5437 10037 1808 6235 5062 3902 6327 755 3158 1788 4975 1110 4768 3207 332 423 1259 698 4178 1357 5114 2186 290 1904 1559 1820 1850 2886 2719 216 73 2928 2178 241 156 2333 746 1779 1183 112 1983 219 1318 1034 1451 2778 2158 1373 764 2785 2197 639 595 1043
cat_boundaries=0 2 3 5 7 9 11 13 14 16 17 19 21 23 25 27 29 31
cat_threshold=374349920 813748236 1 114443425 881459431 3554028578 1301961831 1846334784 4127559917 1092642313 2886258854 1073744898 2215134208 1 1394345579 2644246576 1 3234885896 2416231905 537405056 268436000 536889025 402657633 639006795 402814081 138938401 1881719552 314604609 2617787937 526337 67109120
is_linear=0
shrinkage=0.05


Tree=47
num_leaves=63
num_cat=6
split_feature=3 3 3 3 3 3 0 0 3 4 3 4 3 3 7 0 5 4 6 4 0 0 0 6 5 5 5 6 4 6 5 4 9 9 4 4 6 6 5 9 11 11 6 4 5 6 9 5 6 11 4 6 6 9 5 6 6 6 11 11 4 9
split_gain=96.6985 21.0676 13.0473 4.75656 3.51987 1.69542 1.53889 1.10954 0.946506 0.924806 0.889311 0.84256 0.835389 0.768293 0.699443 0.65564 0.622457 0.571081 0.54068 0.537719 0.529056 0.517887 0.500446 0.489948 0.485454 0.466573 0.446263 0.441904 0.440687 0.432293 0.416874 0.40797 0.404104 0.398455 0.375981 0.36287 0.357333 0.342324 0.328721 0.325771 0.323326 0.320693 0.320643 0.320312 0.31706 0.306331 0.303581 0.300261 0.343212 0.296633 0.336007 0.296049 0.30864 0.295185 0.292215 0.379977 0.289644 0.282141 0.28484 0.279541 0.277578 0.292689
threshold=902.45000000000016 396.35000000000008 1601.8500000000001 193.35000000000005 623.75000000000011 2135.5500000000006 0 1 87.250000000000014 32386.500000000004 1106.6500000000003 30233.500000000004 306.55000000000007 1219.4500000000003 2.5000000000000004 2 1.1947650000000003 28367.500000000004 2.6570950000000004 31821.500000000004 3 4 5 1.4833100000000001 1.3526850000000004 1.0314800000000004 1.3107700000000002 2.1725850000000002 41694.000000000007 2.2380750000000007 1.1880550000000001 29319.500000000004 189.50000000000003 152.50000000000003 37523.500000000007 31286.500000000004 1.5968400000000003 1.9110350000000003 1.3173550000000003 8.5000000000000018 232.06818700000002 1517.3595280000002 1.9306150000000002 34556.500000000007 1.0105850000000001 2.4552850000000004 149.50000000000003 1.0025850000000003 2.2826850000000003 1406.4376095000005 30956.500000000004 2.4660000000000006 1.7930600000000003 148.50000000000003 0.98660792168674705 1.9626400000000002 2.2151950000000005 2.7933000000000003 433.86843749999997 3046.1211400000007 29466.500000000004 292.50000000000006
decision_type=2 2 2 2 2 2 1 1 2 2 2 2 2 2 2 1 2 2 2 2 1 1 1 2 2 2 2 2 2 2 2 2 2 2 2 2 2 2 2 2 2 2 2 2 2 2 2 2 2 2 2 2 2 2 2 2 2 2 2 2 2 2
left_child=1 3 6 8 14 15 10 36 40 18 34 25 20 35 27 47 19 -12 23 49 28 41 54 -10 37 -7 -19 -3 44 60 -21 42 -28 -24 39 -8 -6 -15 43 -2 -1 -16 -14 -23 45 -5 -18 -4 -49 50 -9 52 -37 -26 -13 -56 -41 58 -33 -39 -17 -62
right_child=2 4 5 12 7 11 13 16 9 -11 17 22 31 24 21 29 46 26 -20 30 -22 38 33 -25 53 -27 32 -29 -30 -31 -32 57 -34 -35 -36 51 -38 59 -40 56 -42 -43 -44 -45 -46 -47 -48 48 -50 -51 -52 -53 -54 -55 55 -57 -58 -59 -60 -61 61 -63
leaf_value=-0.012671475469945901 -0.0040765063260819337 -0.0045747432773914588 0.001875709692035708 -0.0077565603379832638 0.0036855986808926296 0.0026163780620006918 0.00066491833404583084 -0.002739514141766348 -0.0075141700846008477 -0.0057158143300893574 0.00019924865513463899 0.0045471055122713244 -0.0033461228501366577 0.0037779690856282345 -0.0013744775074278342 0.0027160991556775117 -0.00096575941102419694 0.0012573339755834027 -0.0063148007095656933 -0.0007301813274480924 -0.0041333250258758494 -0.0029851776485136094 0.0037312564321633161 -0.011131315559334281 0.0030415179479258282 0.0041597775012107803 0.0026173828745021904 -0.002635041251061284 -0.0027026885269402431 0.0056386056430811227 -0.0060943339985946345 0.0013698035445431191 0.0082231161675441113 0.0051588435124076543 0.00095122745722328063 0.0034384554483706483 0.00016232988191492085 0.0014500447839567606 -0.0012458888988709272 -0.00019221458367195797 -0.0068073097563215671 0.0032359052622781843 -0.0052842597645104007 -0.0019289868205506222 -0.0053045887217789307 -0.004612826455936388 0.00040045746879608149 0.0030923603389506125 0.0010658394889228495 -0.0017029236081424104 -0.00762786275247494 0.0049352206238028086 0.0013129801643668234 0.0079031108240955154 0.010023681953167305 0.0060869035428415428 -0.0025705803335016675 0.00045842292677628359 -0.0033691699410730645 0.0029018794638868027 0.0036785106979791409 0.00740586902580357
leaf_weight=123 60 510 1184 348 74 884 1384 404 172 526 1252 230 372 331 1217 959 825 2124 186 1773 980 2004 1006 240 64 1121 266 707 115 234 36 32 36 986 598 201 1782 898 522 1772 34 38 528 1132 715 107 800 1917 236 1531 38 71 1130 64 77 364 137 53 1293 529 1321 55
leaf_count=123 60 510 1184 348 74 884 1384 404 172 526 1252 230 372 331 1217 959 825 2124 186 1773 980 2004 1006 240 64 1121 266 707 115 234 36 32 36 986 598 201 1782 898 522 1772 34 38 528 1132 715 107 800 1917 236 1531 38 71 1130 64 77 364 137 53 1293 529 1321 55
internal_value=-9.71954e-06 -0.00258672 0.00229461 -0.00509701 -0.00149481 0.00354634 0.001082 -0.000749972 -0.00778878 -0.00726729 0.000568391 0.00425913 -0.00433645 0.00176826 -0.00237704 0.00298235 -0.00111199 0.00106675 -0.00862014 -0.00146357 -0.00501836 -0.00211037 0.00484351 -0.0096431 0.00254757 0.00348094 0.00151419 -0.00345099 -0.0056896 0.00358375 -0.000840239 -0.00365653 0.00331055 0.00444012 -0.000145801 0.00123997 0.000304714 0.00232852 -0.00241116 -0.000479291 -0.0114527 -0.00123242 -0.00448777 -0.00260466 -0.00598062 -0.007029 -0.000293328 0.00251841 0.00287082 -0.00203438 -0.00317605 0.00180676 0.0016363 0.00551474 0.00603266 0.0067954 -0.000364155 -0.00311077 -0.00325377 0.00198991 0.0033755 0.00383277
internal_weight=40708 19217 21491 5824 13393 10574 10917 7263 1281 1124 6245 4668 4543 4672 6130 5906 5407 3678 598 3782 2265 4913 2663 412 1886 2005 2426 1217 1285 2569 1809 2278 302 1992 2567 2786 1856 1758 3658 1969 157 1255 900 3136 1170 455 1625 3337 2153 1973 442 1402 1331 128 671 441 1909 1378 1325 1427 2335 1376
internal_count=40708 19217 21491 5824 13393 10574 10917 7263 1281 1124 6245 4668 4543 4672 6130 5906 5407 3678 598 3782 2265 4913 2663 412 1886 2005 2426 1217 1285 2569 1809 2278 302 1992 2567 2786 1856 1758 3658 1969 157 1255 900 3136 1170 455 1625 3337 2153 1973 442 1402 1331 128 671 441 1909 1378 1325 1427 2335 1376
cat_boundaries=0 1 2 3 4 5 6
cat_threshold=1 4 1 1 4 4
is_linear=0
shrinkage=0.05


Tree=48
num_leaves=63
num_cat=19
split_feature=3 3 3 3 3 3 2 3 0 2 2 0 0 5 9 2 2 11 5 3 4 4 2 0 2 4 6 2 0 2 2 5 4 4 2 4 5 4 7 11 9 9 3 6 9 4 6 4 9 9 4 2 6 2 7 11 9 4 2 4 4 11
split_gain=87.29 19.0717 11.7765 4.8012 2.6161 1.56904 1.52249 1.39954 0.995032 0.960805 0.946734 0.815527 0.806457 0.803622 0.721216 0.719149 0.553151 0.531187 0.530455 0.520575 0.583429 0.513277 0.510121 0.490899 0.476653 0.46027 0.451913 0.446968 0.444647 0.448538 0.442049 0.438301 0.434727 0.431248 0.426044 0.4252 0.546008 0.420791 0.409375 0.403057 0.379898 0.373787 0.373089 0.369265 0.363399 0.358519 0.352932 0.350928 0.346974 0.33939 0.338995 0.479757 0.338312 0.327698 0.576399 0.325592 0.324183 0.323165 0.344954 0.320365 0.319379 0.398139
threshold=902.45000000000016 421.85000000000008 1601.8500000000001 229.30000000000004 631.55000000000007 2384.9000000000005 0 1154.7500000000002 1 2 3 4 5 1.0314800000000004 108.50000000000001 6 7 922.2894 1.2010850000000002 87.250000000000014 31496.500000000004 30956.500000000004 8 9 10 28005.500000000004 2.1430500000000006 11 12 13 14 1.2787050000000002 26396.500000000004 27647.500000000004 15 46986.500000000007 1.0169550000000003 24543.500000000004 9.5000000000000018 1823.8852990000003 73.500000000000014 118.50000000000001 1992.9500000000003 2.2350250000000007 69.500000000000014 43485.500000000007 2.0472100000000002 29245.500000000004 77.500000000000014 26.500000000000004 32636.500000000004 16 2.2246650000000003 17 4.5000000000000009 1905.9521690000001 28.500000000000004 37119.500000000007 18 27294.000000000004 23350.500000000004 882.46887200000003
decision_type=2 2 2 2 2 2 9 2 1 9 9 1 1 2 2 9 9 2 2 2 2 2 9 1 9 2 2 9 1 9 9 2 2 2 9 2 2 2 2 2 2 2 2 2 2 2 2 2 2 2 2 9 2 9 2 2 2 2 9 2 2 2
left_child=1 3 7 6 15 10 33 13 16 32 42 19 24 27 -12 23 31 44 25 -8 40 53 49 38 45 -7 -20 -2 29 -16 -15 55 -5 37 -13 48 -37 -1 -3 -33 -21 -18 57 -31 60 -9 -47 -24 -25 -10 51 -32 -26 54 -14 -6 -17 58 -4 -29 -11 -62
right_child=2 4 5 9 8 18 11 12 22 17 14 34 21 30 28 56 41 -19 26 20 -22 -23 47 35 52 -27 -28 59 -30 43 50 39 -34 -35 -36 36 -38 -39 -40 -41 -42 -43 -44 -45 -46 46 -48 -49 -50 -51 -52 -53 -54 -55 -56 -57 -58 -59 -60 -61 61 -63
leaf_value=-0.010178291903280502 -0.0011159556749570693 -0.00078582583551074596 4.1946453182364181e-05 -0.0041164106209294902 -0.0022386996262788363 0.002860535843558892 -0.011935696822519486 0.0016446111986173899 -0.0031948540267652879 -0.0087244274662580442 0.0026127483277295278 -0.0011680706280917097 -0.0049707125079853894 0.0029378699072286005 0.0047365883067014758 -0.004344119283559717 -0.0015412666379981462 -0.0022041753543171872 0.006770467344591375 -0.010558124723951373 -0.0053648552606764145 0.0030191757638581055 -0.00035836606931332482 -0.0031861646728518359 0.00080657053107009008 0.0044800428820971142 0.0043288677271145085 -0.00079582873411580954 0.00466330965522625 0.0033091842536778319 -0.0012734943789847223 -0.00085368564047877795 -0.0023991416953691256 -0.0090057994790927135 -0.0051876367302659421 -0.0026736451998658596 0.0064398708541001035 -0.016866098465802875 0.0034378701693582579 0.0051520885272111627 -0.0070727440105243164 -0.00027560460063820539 0.0029256557825419159 0.0012629173629676318 -0.0043138529754248372 0.0084346546122105789 0.0015073395723852123 0.00119834914463276 -0.001680311915025128 -0.00045035926449943836 0.0014233278035676142 0.00078887017018475886 -0.001344765229719468 0.0018204664183174375 0.0018629708088395234 -0.0068975053311218148 -0.0025357401608047409 0.0031023196536788958 0.001907477460129486 0.00081344562909641991 -0.0057185241643558536 -0.00048786291352859363
leaf_weight=66 899 642 334 507 1192 659 51 1123 121 81 1584 100 51 257 513 276 942 247 371 112 432 1180 577 514 1838 1362 407 452 1242 964 360 219 1379 215 596 31 33 45 62 31 318 1531 1403 288 1861 39 35 969 1515 1478 1198 1172 202 1062 75 38 2572 391 1056 974 424 40
leaf_count=66 899 642 334 507 1192 659 51 1123 121 81 1584 100 51 257 513 276 942 247 371 112 432 1180 577 514 1838 1362 407 452 1242 964 360 219 1379 215 596 31 33 45 62 31 318 1531 1403 288 1861 39 35 969 1515 1478 1198 1172 202 1062 75 38 2572 391 1056 974 424 40
internal_value=-9.25115e-06 -0.00245767 0.00218011 -0.00466738 -0.00133477 0.00336932 -0.00675336 0.00102806 -0.000695724 -0.00377682 0.00300302 -0.00597004 0.00157913 0.000446408 0.00347197 -0.00213803 -0.00122366 -0.00440871 0.00438537 -0.00699443 -0.00668859 0.00228034 -3.19741e-05 -0.00154684 0.00106562 0.00395364 0.00550037 -0.000250611 0.00393511 0.00342034 0.000988851 -0.00198707 -0.00284763 -0.010098 -0.0047038 -0.0019364 0.00205229 -0.0130159 -0.000409504 -9.14104e-05 -0.00800295 -0.000755089 0.00230782 0.00281738 -0.00465234 0.00185446 0.00522201 0.000613528 -0.00206317 -0.00065581 0.00079071 0.000300566 0.0005901 0.00154455 -0.000853221 -0.00238812 -0.00270297 0.00183269 0.00147358 0.000301043 -0.00579813 -0.00526962
internal_weight=40708 19217 21491 6474 12743 10574 1935 10917 7098 4539 7775 1609 5605 5312 4591 5645 3953 2653 2799 913 862 2368 3145 2797 3237 2021 778 2325 3007 1765 2987 1480 1886 326 696 2093 64 111 704 250 430 2473 3184 1252 2406 1197 74 1546 2029 1599 2730 1532 2040 1188 126 1230 2848 1781 1390 1426 545 464
internal_count=40708 19217 21491 6474 12743 10574 1935 10917 7098 4539 7775 1609 5605 5312 4591 5645 3953 2653 2799 913 862 2368 3145 2797 3237 2021 778 2325 3007 1765 2987 1480 1886 326 696 2093 64 111 704 250 430 2473 3184 1252 2406 1197 74 1546 2029 1599 2730 1532 2040 1188 126 1230 2848 1781 1390 1426 545 464
cat_boundaries=0 2 3 5 7 8 9 11 13 15 16 18 20 21 23 25 27 29 31 33
cat_threshold=79691840 302043136 1 134590878 1231072595 1356825744 3188985004 1 1 2013447070 1267734457 2051310595 281924400 667340360 516903048 4 153995376 1098514457 550769289 167859360 1 85983241 25236224 33588228 1090519040 136446208 67109456 1048897 610752 34816 1073905668 13303824 160
is_linear=0
shrinkage=0.05


Tree=49
num_leaves=63
num_cat=24
split_feature=3 3 3 3 1 3 11 3 5 1 4 1 2 1 2 1 4 2 4 2 3 2 1 9 2 6 2 6 9 2 1 5 5 1 6 9 9 3 2 6 9 1 4 7 1 1 5 2 2 3 6 5 6 2 4 6 6 5 6 5 4 1
split_gain=78.8801 17.5638 12.0183 2.33343 2.22545 2.20306 1.79782 1.23792 0.970987 0.914716 0.795747 0.785538 0.765101 0.781129 0.70847 0.686492 0.68079 1.11022 0.636322 0.623828 0.59499 0.588965 0.580748 0.619602 0.560445 0.683604 0.553045 0.53595 0.515582 0.513115 0.498531 0.5833 0.516263 0.491008 0.48168 0.613157 0.865899 0.475311 0.467953 0.460562 0.460113 0.444063 0.667365 0.624507 0.434389 0.432038 1.24375 0.42366 0.418874 0.432711 0.417106 0.405328 0.396127 0.394319 0.390907 0.39006 0.419688 0.382795 0.424056 0.379325 0.37527 0.372255
threshold=737.1500000000002 1405.9000000000003 306.55000000000007 523.75000000000011 0 2106.8500000000008 2170.1537155000001 161.75000000000003 1.2418750000000003 1 30233.500000000004 2 3 4 5 6 34113.500000000007 7 32793.500000000007 8 229.30000000000004 9 10 127.50000000000001 11 1.9447200000000002 12 1.9252850000000004 192.50000000000003 13 14 1.0933850000000003 1.0686550000000004 15 1.9934400000000003 226.50000000000003 61.500000000000007 2766.0500000000006 16 2.6570950000000004 108.50000000000001 17 21331.000000000004 4.5000000000000009 18 19 1.1596850000000003 20 21 410.35000000000008 1.9278950000000001 0.96279500000000018 2.4254250000000002 22 36344.500000000007 1.8063900000000002 2.3598700000000004 1.3107700000000002 1.8990450000000003 1.2169150000000004 33221.500000000007 23
decision_type=2 2 2 2 9 2 2 2 2 9 2 9 9 9 9 9 2 9 2 9 2 9 9 2 9 2 9 2 2 9 9 2 2 9 2 2 2 2 9 2 2 9 2 2 9 9 2 9 9 2 2 2 2 9 2 2 2 2 2 2 2 9
left_child=2 6 4 9 7 12 8 54 11 19 44 24 13 38 -5 -6 48 28 20 -4 39 45 -14 -24 -2 27 55 53 -18 41 31 32 34 47 35 36 -16 40 57 -17 -12 -8 43 -43 -7 46 -13 -31 49 -11 -32 -25 -49 -26 -1 -10 -57 58 -3 -15 -47 -53
right_child=1 5 3 14 15 10 29 -9 26 16 37 21 22 59 30 18 17 -19 -20 -21 -22 -23 23 51 25 -27 -28 -29 -30 33 50 -33 -34 -35 -36 -37 -38 -39 -40 -41 -42 42 -44 -45 -46 60 -48 52 -50 -51 -52 61 -54 -55 -56 56 -58 -59 -60 -61 -62 -63
leaf_value=-0.011679559385967117 -0.00049036953681086447 -0.0045632294784008999 -0.0024557125981364454 -0.00067403978407676356 -0.0033639924452677113 0.0018161584038764646 0.0013095060218040763 -0.0064133664322626634 0.005152447918211395 0.00226292926961855 0.0030299410414512682 -0.0018466981795868566 0.0021754511373596971 0.0019818781420896403 -0.0042966776459220923 -0.0082014911100717486 0.0074306804684628903 -0.0015926977419871706 -0.0042799510806045661 -0.0039398280055369652 -0.0048899369791570281 -0.00013779590625838468 0.0025494774031959442 0.0028460320529757398 0.00430386572157751 0.00016038877644627855 0.00032500061513983337 0.0072884417282134215 0.00034000318718608474 0.0011208460041956679 -0.00020812205470768753 -0.0014391095678208006 -0.0087323950072706134 0.00098284916018588175 -0.0023424110310310679 -0.0025921894310014602 -0.014237247835813292 0.0055305415121583573 0.0013301216123636551 -0.0048797320944583972 0.0045570111701456559 -0.0085936328749604794 0.0002413702257546155 -0.0010157223900668086 0.0035313942472344111 -0.0018487334946546378 -0.011222611807623052 0.0028295238077660784 -0.0030604677734784791 -0.0021351072706349032 -0.0018014707941871524 0.0062366193009872149 0.0082355315396044817 0.0007630665790697293 -0.0073986646436046957 0.0012154911927152682 0.0070843309474488102 -0.0063172469522352476 0.00069000014784294944 0.003248262843590732 -0.00021888979154373146 0.0037247898482683076
leaf_weight=214 1570 49 1354 2231 848 592 923 500 97 80 789 168 1535 2259 57 393 53 840 849 2013 511 1237 943 376 107 1022 1190 51 49 526 573 532 46 2032 436 100 36 675 549 150 1362 41 1153 78 1570 981 44 689 1293 180 1452 354 35 283 81 409 32 32 165 806 552 561
leaf_count=214 1570 49 1354 2231 848 592 923 500 97 80 789 168 1535 2259 57 393 53 840 849 2013 511 1237 943 376 107 1022 1190 51 49 526 573 532 46 2032 436 100 36 675 549 150 1362 41 1153 78 1570 981 44 689 1293 180 1452 354 35 283 81 409 32 32 165 806 552 561
internal_value=-8.82133e-06 0.00166096 -0.00290982 -0.00211412 -0.00544979 0.00299531 0.000387336 -0.00785471 -0.000103071 -0.00280699 0.00381274 -0.000403188 0.00246042 0.00194347 -0.00137026 -0.00470655 -0.00204754 -0.000993774 -0.00528204 -0.00335295 -0.00613448 -0.000977474 0.00297615 0.00351297 0.000164258 0.000865179 0.000941238 0.00251402 0.00370139 0.00108053 -0.00184271 -0.00265919 -0.00365659 0.00147546 -0.00327211 -0.00534947 -0.00825516 0.00436629 0.000524538 -0.00729454 0.00399854 0.00048071 -0.00012676 -0.00367646 0.00308751 -0.00156812 -0.00366417 0.0022607 -0.00269885 -0.000749657 -0.0013443 0.00424141 0.00305966 0.00187263 -0.0105331 0.00225332 0.00165641 -0.00125327 -0.000528472 0.00230832 -0.00125421 0.00481108
internal_weight=40708 25837 14871 11325 3546 12617 13220 795 7743 5862 4988 6015 7629 3860 5463 2751 2495 942 1903 3367 1054 2982 3769 2234 3033 1463 1728 441 102 5477 3232 1207 675 3282 629 193 93 2826 795 543 2151 2195 1272 119 2162 1745 212 1250 1553 260 2025 1291 724 390 295 538 441 246 214 3065 1533 915
internal_count=40708 25837 14871 11325 3546 12617 13220 795 7743 5862 4988 6015 7629 3860 5463 2751 2495 942 1903 3367 1054 2982 3769 2234 3033 1463 1728 441 102 5477 3232 1207 675 3282 629 193 93 2826 795 543 2151 2195 1272 119 2162 1745 212 1250 1553 260 2025 1291 724 390 295 538 441 246 214 3065 1533 915
cat_boundaries=0 2 4 6 8 10 12 14 16 18 20 22 24 26 28 30 32 34 36 38 40 42 44 46 48
cat_threshold=382732288 343986188 1182557897 3038401766 1620095263 1101573914 1524597918 1980501165 3235513354 2148532352 2080482196 3953157713 2819391618 1228024386 33562624 671088784 828543390 1100188979 1859449481 327730321 2157078435 386800747 282993184 4262392622 4292736 1143481234 1375999771 2618546916 558257667 2216440848 729843356 554209697 281706624 4 206057750 1074294342 9838600 2617639685 268959744 2986606720 30116000 34087170 268437762 524608 3086 1153 1346895940 2151686532
is_linear=0
shrinkage=0.05


Tree=50
num_leaves=63
num_cat=29
split_feature=3 3 3 11 3 3 0 2 1 3 1 1 1 1 2 2 1 1 1 9 2 1 3 1 2 2 6 2 9 9 11 0 1 0 4 2 2 9 9 9 2 4 4 2 9 9 4 2 11 4 2 9 0 9 6 9 9 6 9 9 4 0
split_gain=71.9273 15.8119 11.2542 2.54046 2.43479 2.22664 1.28028 1.08261 0.992616 0.926902 0.904744 0.841646 0.798292 0.712333 0.700309 0.625542 0.652912 0.619897 0.613551 0.600279 0.548038 0.68346 0.547393 0.532314 0.50441 0.488501 0.479057 0.478756 1.20596 0.659736 0.474855 0.452995 0.450227 0.427291 0.418968 0.571964 0.521289 0.487948 1.10146 0.417649 0.493863 0.405923 0.405018 0.663175 0.429949 0.397237 0.4425 0.604718 0.569151 0.38878 0.384468 0.377575 0.39845 0.365528 0.365443 0.537785 0.361519 0.448392 0.360543 0.384917 0.356977 0.339505
threshold=742.85000000000002 1315.4500000000003 313.35000000000008 3950.4352030000005 176.45000000000002 523.75000000000011 0 1 2 1039.7500000000002 3 4 5 6 7 8 9 10 11 54.500000000000007 12 13 2153.6500000000005 14 15 16 2.0586300000000004 17 208.50000000000003 248.50000000000003 798.15376500000013 18 19 20 28275.500000000004 21 22 176.50000000000003 81.500000000000014 26.500000000000004 23 25498.500000000004 34204.500000000007 24 143.50000000000003 106.50000000000001 34822.500000000007 25 2900.2578380000004 28091.500000000004 26 154.50000000000003 27 155.50000000000003 1.9471700000000001 92.500000000000014 107.50000000000001 2.4254250000000002 291.50000000000006 298.50000000000006 32867.500000000007 28
decision_type=2 2 2 2 2 2 1 9 9 2 9 9 9 9 9 9 9 9 9 2 9 9 2 9 9 9 2 9 2 2 2 1 9 1 2 9 9 2 2 2 9 2 2 9 2 2 2 9 2 2 9 2 1 2 2 2 2 2 2 2 2 1
left_child=2 6 4 15 11 10 17 8 -5 13 42 56 53 50 49 16 24 -2 19 -9 21 26 60 27 -3 -19 -11 28 -7 -30 -14 -13 -17 -20 36 -36 37 38 -15 -25 -41 -10 61 44 -44 -34 -47 -48 -49 -12 54 52 -43 -6 55 -8 57 -1 -55 -60 -21 -4
right_child=1 3 5 7 12 23 9 18 41 20 14 31 30 34 -16 32 -18 25 33 22 -22 -23 -24 39 -26 -27 -28 -29 29 -31 -32 -33 45 -35 35 -37 -38 -39 -40 40 -42 51 43 -45 -46 46 47 48 -50 -51 -52 -53 -54 58 -56 -57 -58 -59 59 -61 -62 -63
leaf_value=-0.016265093635868384 -0.00012060776489194615 -0.0010045209410867219 -0.00099154073245954566 0.0029091646434326098 -0.0059719366058601942 -0.0015601268446378239 0.0091232823673635718 -0.0061052285309415311 0.0034700971671061242 0.0050033525051804478 -0.0033974432817055751 -0.0026026338468323178 -0.0035820483760047785 -0.00086041908411841304 -0.0037619884674956285 0.0017814364783862336 0.002109431969211028 0.00067717981531100499 0.0023658782830391807 0.00095803650831592028 0.00015709503076563104 0.00066951194535841928 0.0038281456405868837 -0.0026021448563759413 0.0012650170853868623 0.0021575384896048324 0.0014585699882348352 -0.0016277950577721575 -0.014756375717479387 -0.0054438247518912661 0.00070848028370929189 -0.0063337643473748888 0.0021568268224997455 0.0036180921105940047 -0.002156363708813753 -3.6812299545096537e-05 -0.0013135356571599974 -0.0004292150356276479 -0.012993313249344716 0.00035736060800067664 -0.0010715988811284076 0.0033389648760086856 0.006851487560197711 -0.0014912399770088099 0.00034525459170040186 0.0028772028676328589 0.0024921198607085727 0.011189485763510934 0.0054011401868542886 -0.0016740711308477988 -0.00019663999876645685 0.0057473749738387861 0.0054339986564158355 -0.0040351758226034795 0.00053865858362873683 0.0018502268519788685 -0.0081525535476489365 -0.0096700061971549053 -0.011689556956373375 -0.0039277429620543603 -0.0046914060971175791 -0.0028349575957126254
leaf_weight=36 720 338 338 1433 795 150 30 31 539 197 502 106 1149 34 2102 1346 1999 972 1500 76 2207 872 105 335 826 1407 186 1601 31 52 68 380 844 1265 397 1461 919 35 41 776 2711 499 40 696 67 902 230 55 200 950 1880 953 429 661 582 146 292 126 33 33 43 972
leaf_count=36 720 338 338 1433 795 150 30 31 539 197 502 106 1149 34 2102 1346 1999 972 1500 76 2207 872 105 335 826 1407 186 1601 31 52 68 380 844 1265 397 1461 919 35 41 776 2711 499 40 696 67 902 230 55 200 950 1880 953 429 661 582 146 292 126 33 33 43 972
internal_value=7.39396e-06 0.00161332 -0.00274355 0.00278187 -0.00514583 -0.00196263 0.000297019 0.00345843 0.00402789 -5.21015e-06 -0.00266311 -0.00734351 -0.0043892 -0.000407141 -0.00315569 0.00209154 0.00155898 0.00117319 0.0027085 0.000292342 0.000636163 0.00146493 0.00121391 -0.00126044 0.000602759 0.0015586 0.00320664 -0.00196223 -0.00408322 -0.00905627 -0.00331472 -0.00541579 0.00255041 0.00292928 -0.000947846 -0.000502412 -0.00176007 -0.00488666 -0.00757676 -0.000915724 -0.000755633 0.00467419 -0.00181001 -0.000932734 0.00257956 0.00300333 0.00353815 0.00475893 0.00643699 -0.00225629 0.000187617 0.00504203 0.00431227 -0.00518978 0.00112983 0.00313449 -0.00907225 -0.0112264 -0.00439873 -0.0079252 -0.00110544 -0.00236045
internal_weight=40701 25699 15002 13613 3679 11323 12086 6873 3853 8987 5667 940 2739 5525 3554 6740 3163 3099 3020 255 3462 1255 224 5656 1164 2379 383 1834 233 83 1217 486 3577 2765 2887 1858 1029 110 75 3822 3487 2420 2113 803 107 2231 1387 485 255 1452 2638 1881 928 1522 758 176 454 162 727 66 119 1310
internal_count=40701 25699 15002 13613 3679 11323 12086 6873 3853 8987 5667 940 2739 5525 3554 6740 3163 3099 3020 255 3462 1255 224 5656 1164 2379 383 1834 233 83 1217 486 3577 2765 2887 1858 1029 110 75 3822 3487 2420 2113 803 107 2231 1387 485 255 1452 2638 1881 928 1522 758 176 454 162 727 66 119 1310
cat_boundaries=0 1 3 5 7 9 11 13 15 17 19 21 23 25 27 29 31 33 35 36 38 39 41 43 45 47 49 51 52 53
cat_threshold=4 606735083 214165313 3000415536 2651071849 2575468862 1130570520 106176584 335598612 1475504744 545919393 1786941454 1504718298 811604252 1234407227 198872859 4269837132 3235284102 70472720 369363465 3187671232 1078468608 9568448 675293221 1361724613 310912657 536872195 1079902817 2493493268 17303576 1073774912 637645890 378329581 1310720 135424 4 3776345681 486972131 1 1209303049 34144784 8388736 16795648 201492 2743206210 33562624 553648272 69230752 2884737 1107405128 27273408 1 4
is_linear=0
shrinkage=0.05


Tree=51
num_leaves=63
num_cat=29
split_feature=3 3 3 11 3 3 4 2 1 2 2 11 2 1 1 2 1 9 2 0 6 2 4 2 1 0 6 1 1 2 7 11 4 1 0 1 4 1 9 6 9 4 10 1 4 11 7 2 11 2 6 9 6 2 4 11 2 3 1 4 1 9
split_gain=64.9423 14.2766 10.1602 2.29156 2.20018 2.00979 1.21775 0.987142 0.945944 0.837032 0.81967 0.807842 0.803414 0.687578 0.662961 0.954503 0.608025 0.606657 0.592374 0.582141 0.618272 0.573858 0.547245 0.542637 0.630992 0.517526 0.512334 0.509802 0.50949 0.534781 1.49933 0.704612 0.508582 0.542501 0.493465 0.481373 0.870308 0.474483 1.15045 0.469034 0.462223 0.449792 0.439302 0.432509 0.443724 0.556014 0.432497 0.428509 0.425743 0.411692 0.40749 0.403372 0.397567 0.385137 0.375286 0.362131 0.349736 0.348242 0.342358 0.398028 0.341076 0.452912
threshold=742.85000000000002 1315.4500000000003 313.35000000000008 3950.4352030000005 176.45000000000002 523.75000000000011 32636.500000000004 0 1 2 3 2170.1537155000001 4 5 6 7 8 36.500000000000007 9 10 1.9420900000000001 11 27918.500000000004 12 13 14 1.6743900000000003 15 16 17 7.5000000000000009 1319.863599 33038.500000000007 18 19 20 44547.500000000007 21 250.50000000000003 2.4552850000000004 169.50000000000003 35330.500000000007 1.0000000180025095e-35 22 23350.500000000004 1707.4121380000004 1.5000000000000002 23 1604.1152730000001 24 2.2960300000000005 124.50000000000001 2.5307100000000005 25 17711.500000000004 798.15376500000013 26 1583.7500000000002 27 32081.500000000004 28 169.50000000000003
decision_type=2 2 2 2 2 2 2 9 9 9 9 2 9 9 9 9 9 2 9 1 2 9 2 9 9 1 2 9 9 9 2 2 2 9 1 9 2 9 2 2 2 2 2 9 2 2 2 9 2 9 2 2 2 9 2 2 9 2 9 2 9 2
left_child=2 6 4 19 10 9 11 8 -5 34 -1 16 55 17 47 32 21 -9 60 20 -3 43 -11 37 40 -15 -7 49 29 30 -28 -32 -16 42 -4 36 39 38 46 -24 -25 57 -34 44 -2 -46 -21 -8 56 -20 58 -36 -41 -18 -45 -6 -30 -42 -19 -60 61 -13
right_child=1 3 5 7 12 26 14 13 -10 22 -12 18 -14 25 15 -17 53 50 27 23 -22 -23 35 24 -26 -27 28 -29 48 -31 31 -33 33 -35 51 -37 -38 -39 -40 52 41 -43 -44 54 45 -47 -48 -49 -50 -51 -52 -53 -54 -55 -56 -57 -58 -59 59 -61 -62 -63
leaf_value=-0.0090441678696996288 -0.0004880274369967201 0.0042523516936263566 -0.0042124923439525929 0.0026258839469097545 -0.0032404437057348234 0.00075316625022292419 -0.00054606600183208429 -0.0053188128750834215 0.0044905353380123693 -0.0029413196349888137 -0.0053969764940114302 -0.005928725609180307 -0.0048695083214020003 0.0023399001426519339 0.0081391451145971707 0.00076336433700503054 -0.00072806101896548978 0.0029912681972635974 0.005380740452691055 -0.0042475200646406031 0.0021380630957828473 -0.00076286773733175064 -0.0017770260860035048 0.0025393971775180767 0.0018245432981431619 0.0036827516798744334 -0.001600253461746273 0.00065607274190787818 -0.00053693159805623413 -0.0016344601334976295 -0.0049951656437262383 -0.014285212160672906 0.0058479940243135369 0.0015591232102137797 -0.0039006906666863394 -0.0020793417271728894 0.0056505113737772127 0.001389887368934575 -0.0088430597425963823 0.005903409730863611 0.0019155784809616596 0.0088917460019165701 0.00070782070238651208 -0.0067283913178471273 -0.0035561539308276977 -0.011486856305402601 0.0016837052117327448 0.00075940685060275394 0.00066366268226464482 0.0015455469887138674 -0.001933180269481501 -0.0015239161433505399 -0.00012874326842263276 0.00068772166461745696 -0.00095141166398379827 0.0004758648664123235 -0.0015849704777148534 0.0066729211132873657 0.0025029747271089167 -0.0035427716191647192 4.9762604709923602e-06 0.00027003116270510905
leaf_weight=366 30 514 992 1136 978 317 1000 36 2347 1319 574 61 1691 1606 42 1956 836 253 110 37 1068 1951 469 290 2281 1311 169 988 1392 1369 42 42 184 544 303 1960 52 2125 38 37 88 70 54 31 46 44 160 1657 354 241 77 438 97 1099 236 70 1971 69 55 52 920 56
leaf_count=366 30 514 992 1136 978 317 1000 36 2347 1319 574 61 1691 1606 42 1956 836 253 110 37 1068 1951 469 290 2281 1311 169 988 1392 1369 42 42 184 544 303 1960 52 2125 38 37 88 70 54 31 46 44 160 1657 354 241 77 438 97 1099 236 70 1971 69 55 52 920 56
internal_value=6.9818e-06 0.00153294 -0.00260697 0.0026433 -0.00488951 -0.00186498 0.000282176 0.00328587 0.00389255 -0.00253048 -0.00697862 -0.00017167 -0.00417026 0.00264231 0.00083712 0.00137501 -0.000582595 0.000815104 0.000567273 0.00198767 0.00282726 -0.00112248 -0.00210518 0.00172966 0.00220353 0.00293442 -0.00119786 0.00125627 -0.00131382 -0.00205551 -0.00417083 -0.0097536 0.00279773 0.00253655 -0.00346205 -0.00169052 -0.000486505 0.00115293 -0.000956132 -0.00103227 0.00380278 0.00556537 0.00450124 -0.00286425 -0.00533723 -0.00751701 0.000553893 0.000267848 -0.000981525 0.00287444 0.00135001 -0.00249974 0.00156824 7.53871e-05 -0.00158559 -0.00296375 -0.00115777 0.00403539 0.00205566 -0.000403392 -0.000331638 -0.00275148
internal_weight=40701 25699 15002 13613 3679 11323 12086 6873 3483 5667 940 6649 2739 3390 5437 2780 4273 473 2376 6740 1582 2338 3934 5158 2798 2917 5656 1339 5339 1622 253 84 824 782 1733 2615 655 2360 235 603 517 227 238 387 120 90 197 2657 3717 351 437 741 134 1935 267 1048 3363 157 360 107 1037 117
internal_count=40701 25699 15002 13613 3679 11323 12086 6873 3483 5667 940 6649 2739 3390 5437 2780 4273 473 2376 6740 1582 2338 3934 5158 2798 2917 5656 1339 5339 1622 253 84 824 782 1733 2615 655 2360 235 603 517 227 238 387 120 90 197 2657 3717 351 437 741 134 1935 267 1048 3363 157 360 107 1037 117
cat_boundaries=0 2 4 6 8 10 12 14 16 18 20 21 23 25 27 28 30 32 34 36 37 39 41 43 45 47 49 51 53 55
cat_threshold=69339883 214165312 2463544624 2650809705 1154819681 2517123076 79701056 269012997 673305040 1612754194 1615339520 9830592 1464786371 2659205856 708872325 621289542 357592660 2484040037 2059800579 605158316 4 276824128 42060288 718440207 4269853516 4751362 2187411968 1 122193432 4257 1616773729 2216636436 1310848 133378 671088644 536903955 1 8523824 1745510684 2148533248 83200 71303168 2148016129 1317463041 2634613792 16960 1090520080 118665991 2920158467 363922196 3955402585 524288 9830400 276824584 134217856
is_linear=0
shrinkage=0.05


Tree=52
num_leaves=63
num_cat=30
split_feature=11 11 11 11 1 11 11 1 2 9 2 9 0 2 5 9 2 2 1 2 1 1 5 1 2 0 1 4 4 11 4 2 1 9 1 9 2 1 11 9 5 9 5 2 8 7 4 11 11 5 1 5 1 5 2 9 1 11 2 1 2 2
split_gain=58.562 11.9645 7.6982 2.88219 1.98187 1.47955 1.23494 1.19394 1.19869 1.07011 1.05569 1.02909 0.960727 0.916011 0.80565 0.748863 0.711084 0.65413 0.64722 0.786823 0.622033 0.60999 1.39795 0.586792 0.781753 0.584167 0.57142 0.58953 0.57126 0.531215 0.583506 0.530901 0.575324 0.566137 0.451048 0.442611 0.441051 0.459751 0.468789 0.568683 0.655967 0.562852 0.427117 0.404523 0.586833 1.01552 0.40305 0.397517 0.396057 0.388136 0.4723 0.385821 0.782763 0.994258 0.514184 0.384251 0.368916 0.373093 0.367534 0.574575 0.361858 0.358389
threshold=1864.5490160000002 717.98283600000002 3343.6869775000009 1215.1089445000002 0 475.45866350000011 2491.5576895000008 1 2 71.500000000000014 3 73.500000000000014 4 5 1.0754000000000004 266.50000000000006 6 7 8 9 10 11 0.98660792168674705 12 13 14 15 38919.500000000007 26581.500000000004 412.82351550000004 26581.500000000004 16 17 131.50000000000003 18 95.500000000000014 19 20 2045.1154740000002 170.50000000000003 1.0216050000000003 28.500000000000004 1.2361400000000002 21 1.5000000000000002 5.5000000000000009 27121.500000000004 412.82351550000004 1085.1081925000001 1.2388600000000001 22 1.0642900000000002 23 1.3449250000000001 24 127.50000000000001 25 2529.5107705000005 26 27 28 29
decision_type=2 2 2 2 9 2 2 9 9 2 9 2 1 9 2 2 9 9 9 9 9 9 2 9 9 1 9 2 2 2 2 9 9 2 9 2 9 9 2 2 2 2 2 9 2 2 2 2 2 2 9 2 9 2 9 2 9 2 9 9 9 9
left_child=1 4 6 9 5 35 23 13 46 26 18 47 -13 25 15 17 56 21 19 28 42 22 -5 36 49 -4 27 -3 -11 30 -14 33 43 -16 -19 -1 37 -2 39 -39 -41 -40 -12 44 45 -33 -9 -6 -28 50 -25 54 53 -53 -10 -7 57 -8 -17 -60 -49 -34
right_child=2 3 7 14 11 55 16 8 51 10 20 12 29 -15 31 58 -18 34 -20 -21 -22 -23 -24 24 -26 -27 48 -29 -30 -31 -32 32 61 -35 -36 -37 -38 38 41 40 -42 -43 -44 -45 -46 -47 -48 60 -50 -51 -52 52 -54 -55 -56 -57 -58 -59 59 -61 -62 -63
leaf_value=-0.011081731913248655 9.0649586273611519e-05 -0.0020424122027953729 0.0057341000453488174 -0.0014890574114448806 -0.0085096008691055297 -0.0061547483183499998 0.0090422315886385298 0.0021842406843298082 -0.0016637020164056719 0.0077170901161360168 -0.0037232478354662125 -0.0017819964317353724 -0.007179442463940618 0.0027428980353824809 -0.00066085499255796485 0.0014217839617665297 0.0011588062301790627 0.00059669455575861224 -0.0013214502178312988 -0.0008866056272527203 -0.0016210675504685632 -0.0019649090564823946 -0.01313432810621129 0.0032880087831272326 0.00015994732987569015 0.0037638355563734574 -0.0041399063950587579 0.00421970570237039 0.0016665648264231432 -0.0032283680157026854 -0.0040409634376978292 -0.010475527308321596 0.0013436362866374861 0.0067714984534639798 -0.0012415497978871554 -0.0074011650959519178 0.00034954183846625057 -0.0016159441023548952 -0.0070606128253587032 -0.0034801102808990473 -0.013045212868300658 7.6331757231007751e-06 -0.0017043877768438806 -0.0004695898299504466 -0.0012590329539638864 4.6878960537945943e-05 0.0038522049306651974 -0.0017578224652982904 -0.0022854259107084039 0.0031735089362263757 0.00078093730111480409 0.0010491465292393398 0.0026487305160566316 -0.0073507858000338338 0.0014777658930066242 -0.0033274752922682962 0.0018475485727610025 0.0034575625649232314 -0.0038128841666005896 0.00012845713317476891 -0.0056808041302470408 -0.00011505672295251645
leaf_weight=112 511 187 506 61 97 197 32 511 134 52 932 803 201 2552 45 341 3906 404 1337 289 1647 1249 44 230 1659 1530 986 46 151 1451 589 51 619 58 1835 372 2177 96 31 45 30 235 368 1287 287 41 1286 108 413 359 968 194 1633 42 1673 321 753 384 103 493 376 1271
leaf_count=112 511 187 506 61 97 197 32 511 134 52 932 803 201 2552 45 341 3906 404 1337 289 1647 1249 44 230 1659 1530 986 46 151 1451 589 51 619 58 1835 372 2177 96 31 45 30 235 368 1287 287 41 1286 108 413 359 968 194 1633 42 1673 321 753 384 103 493 376 1271
internal_value=6.5662e-06 -0.00199804 0.00180089 -0.00129559 -0.00421333 -0.00622207 0.000912096 0.0028092 0.00229148 -0.00208977 -0.00171141 -0.00362935 -0.00326921 0.00341371 -0.000673952 -0.00111959 0.00149333 -0.00144781 -0.000752703 0.000787956 -0.00229562 -0.0023144 -0.00589109 0.000446747 0.000919282 0.00423528 -0.00319529 -0.00076085 0.00309497 -0.00380107 -0.00484755 -0.000122071 -0.000228735 0.00323789 -0.000908566 -0.00827396 -4.2492e-05 -0.000936447 -0.0021102 -0.00419322 -0.00742746 -0.000839469 -0.00312945 -0.000903332 -0.00232144 -0.00583611 0.00336069 -0.00556975 -0.00356897 0.00172156 0.00129854 0.00176033 0.00226899 -0.000451418 0.00124299 -0.0044125 0.00257719 0.00381629 0.00013917 -0.000609434 -0.00496423 0.000367695
internal_weight=40701 19224 21477 14597 4627 1002 11416 10061 5473 6408 4776 3625 3044 4588 8189 4530 5075 3593 1829 492 2947 1354 105 6341 3216 2036 1632 233 203 2241 790 3659 3556 103 2239 484 3125 948 437 171 75 266 1300 1666 379 92 1797 581 1399 1557 1198 3676 1869 236 1807 518 1169 416 937 596 484 1890
internal_count=40701 19224 21477 14597 4627 1002 11416 10061 5473 6408 4776 3625 3044 4588 8189 4530 5075 3593 1829 492 2947 1354 105 6341 3216 2036 1632 233 203 2241 790 3659 3556 103 2239 484 3125 948 437 171 75 266 1300 1666 379 92 1797 581 1399 1557 1198 3676 1869 236 1807 518 1169 416 937 596 484 1890
cat_boundaries=0 2 4 6 8 9 11 13 15 17 19 21 23 25 27 28 30 32 34 36 38 40 42 44 46 48 50 52 54 56 58
cat_threshold=382730816 2759872516 757090893 2185863956 69226183 4931585 671338782 3953145883 4 606079592 679720724 134283360 18096179 345130689 2248555272 554713124 3229615425 131082 2843746304 1118852137 2634554528 131072 532496 1464127580 4270190732 952673413 4112559297 4 8523776 1879181332 66112 2 628890829 2651439300 1107296264 2152210696 428113993 788646024 1157632084 612450440 1644302344 287309936 142606467 3072 1074036738 1050625 4456464 12352 47712403 1627938816 743966728 52585496 1140853768 135168 134221960 1073750080 42233992 67788880
is_linear=0
shrinkage=0.05


Tree=53
num_leaves=63
num_cat=26
split_feature=11 11 11 11 11 2 6 11 6 2 1 0 1 0 1 5 11 1 2 4 1 1 5 1 6 2 1 6 5 6 11 5 2 2 4 2 2 2 6 6 4 7 5 7 5 4 1 1 11 1 7 6 2 0 11 4 2 5 5 11 2 11
split_gain=52.8997 9.23768 8.98913 1.87274 1.84983 1.84286 1.16095 1.01199 0.885607 0.883011 0.899107 0.850825 0.791858 0.741108 0.67224 0.671784 0.665876 0.651457 0.616426 0.610313 0.599508 0.596273 0.592717 0.583102 0.562066 0.561722 0.568487 0.88383 0.559321 0.556562 0.643679 0.548797 0.541338 0.534156 0.504572 0.532823 0.51998 0.485577 0.467794 0.458319 0.447933 0.435245 0.432775 0.422963 0.411704 0.408556 0.406261 0.394236 0.387058 0.379624 0.4289 0.420455 0.37914 0.377787 0.375079 0.366865 0.357122 0.365134 0.63753 0.357087 0.33903 0.337433
threshold=1707.4121380000004 717.98283600000002 2741.0889115000004 1109.2778770000002 3950.4352030000005 0 1.7887450000000003 258.39811300000002 1.7679250000000002 1 2 3 4 5 6 0.9977950000000001 367.87794900000006 7 8 44547.500000000007 9 10 0.98485000000000011 11 1.8515850000000003 12 13 1.8515850000000003 1.0564050000000003 1.4513500000000004 475.45866350000011 1.1271550000000004 14 15 28275.500000000004 16 17 18 2.2211650000000005 1.6253450000000003 24318.500000000004 8.5000000000000018 1.2632300000000003 4.5000000000000009 1.3886900000000002 17711.500000000004 19 20 869.79633850000016 21 8.5000000000000018 2.1133350000000006 22 23 3441.8592645000003 25498.500000000004 24 1.1628850000000004 0.99303500000000011 1368.9256720000003 25 1458.4260740000002
decision_type=2 2 2 2 2 9 2 2 2 9 9 1 9 1 9 2 2 9 9 2 9 9 2 9 2 9 9 2 2 2 2 2 9 9 2 9 9 9 2 2 2 2 2 2 2 2 9 9 2 9 2 2 9 1 2 2 9 2 2 2 9 2
left_child=1 5 11 6 15 7 18 43 -5 10 28 14 44 46 56 20 39 48 31 -19 41 34 -14 52 -18 55 27 -27 -6 -9 42 -3 -16 -23 35 38 -36 47 45 -15 -24 -4 -31 -1 -11 -13 -7 -25 -8 50 -22 -52 59 -45 -43 -17 57 58 -2 -10 -42 -39
right_child=2 3 4 8 9 13 17 29 23 12 -12 21 22 16 32 25 24 19 -20 -21 49 33 40 37 -26 26 -28 -29 -30 30 -32 -33 -34 -35 36 -37 -38 61 -40 -41 60 54 -44 53 -46 -47 -48 -49 -50 -51 51 -53 -54 -55 -56 -57 -58 -59 -60 -61 -62 -63
leaf_value=-0.011689652260137748 -0.00055923297524798751 0.0086197301092624922 0.00032538176127850087 0.00092033373651738632 -0.0066198021869492184 -0.0045537082217913657 -0.0040024053424972542 -0.001139026632280666 -0.0035965942673072474 0.0023202722125105005 0.0022543434607814055 -0.0067768831729699752 0.0027595600387359731 -0.0043501782612957165 0.0032434802362110784 0.0001988272114051619 -0.0023647304811236897 -0.0019989035914409858 -0.0010398150674059289 0.00229947565300069 0.0013985728303148324 0.0013486112527340613 0.0027688659874435806 -0.0030661025548216173 -0.0041573661631566436 0.011186879917811386 0.0022534849923607886 0.0036763743259709994 0.00048838640950099729 -0.0077693478044335894 -0.0043959131805414546 0.00068636108156559729 0.0011824515042701518 9.1439453002176694e-05 -0.0013347216490980902 -0.00045737319217373619 0.00048754242928308682 -0.00072996136791590315 -0.0076147411182649772 -0.0075818087945088725 0.0032122411317843016 -0.0012259628330260361 -0.0032541206606444628 -0.0034439007403456014 -0.0033515360887218836 -0.001334716863758761 -0.0013988708598378758 -0.0009884405328779509 -0.0026200673879903484 0.0011010905880736183 0.006950546431816639 0.0019118007670185762 -0.0012063662015379042 -0.0085263297623896506 -0.0080397865014169342 0.0019078762312006747 0.00029579867096417637 0.001357361746554756 -0.0094512516218319687 -0.001586565182344191 0.004867813617816223 0.00041997576110059244
leaf_weight=72 42 31 148 612 46 120 807 91 408 1235 1602 39 1212 429 401 411 900 1695 896 86 210 1478 519 280 861 42 1716 484 67 299 784 69 1677 1971 469 1087 2116 1588 43 151 641 47 67 54 32 257 672 1283 1393 1926 96 74 1951 127 35 1333 377 33 38 487 1519 1065
leaf_count=72 42 31 148 612 46 120 807 91 408 1235 1602 39 1212 429 401 411 900 1695 896 86 210 1478 519 280 861 42 1716 484 67 299 784 69 1677 1971 469 1087 2116 1588 43 151 641 47 67 54 32 257 672 1283 1393 1926 96 74 1951 127 35 1333 377 33 38 487 1519 1065
internal_value=6.11383e-06 -0.00209261 0.00155426 -0.00139323 0.00240172 -0.00400411 -0.00214858 -0.00547628 -0.000903123 0.00297423 0.00194573 0.00042213 0.00330558 -0.00327266 0.00120692 0.00179803 -0.00373069 -0.00253049 -0.000621099 -0.00178018 0.0011611 0.000151853 0.00367229 -0.00106125 -0.00324306 0.00220288 0.00273229 0.00421616 -0.00224129 -0.00491761 -0.00521536 0.00291781 0.00159516 0.00063275 -0.000262641 -0.00101799 0.000153262 -0.00068216 -0.00271566 -0.00520312 0.00409774 -0.00124397 -0.00695391 -0.00840208 0.00215748 -0.00207216 -0.00195708 -0.00137946 -0.00311457 0.00140073 0.00284575 0.00478122 -0.00161433 -0.00703728 -0.00419613 0.00149688 -0.000462526 -0.00279432 -0.00484748 -0.0024782 0.00441561 -0.000267348
internal_weight=40701 17278 23423 12651 13395 4627 4977 1494 7674 6873 1715 10028 5158 3133 2568 6522 2341 3981 996 1781 2536 7460 3891 7062 1761 3986 2242 526 113 1241 1150 100 2078 3449 4011 1426 2585 4216 339 580 2679 230 366 253 1267 296 792 1563 2200 2306 380 170 2846 181 82 1744 490 113 80 895 2160 2653
internal_count=40701 17278 23423 12651 13395 4627 4977 1494 7674 6873 1715 10028 5158 3133 2568 6522 2341 3981 996 1781 2536 7460 3891 7062 1761 3986 2242 526 113 1241 1150 100 2078 3449 4011 1426 2585 4216 339 580 2679 230 366 253 1267 296 792 1563 2200 2306 380 170 2846 181 82 1744 490 113 80 895 2160 2653
cat_boundaries=0 2 4 6 7 9 10 12 14 16 18 20 22 24 26 28 30 32 34 36 38 40 42 44 45 47 49
cat_threshold=80621152 2451296292 1372893460 589566138 541589512 9568256 4 3503730960 503587945 4 1392771592 3019899074 1730950665 2366135971 131080 16777344 2156920832 21504 1465170253 3477959168 828262499 2492715060 878675259 2659748204 2504556674 2185240576 6292100 3774881792 973120738 1361751141 411058368 536926848 1124369480 42008672 445109632 2417341192 16777352 144 8388612 532544 710967296 1342243584 1615202313 2148436192 4 67108993 1090600960 33702912 2421702913
is_linear=0
shrinkage=0.05


Tree=54
num_leaves=63
num_cat=28
split_feature=3 3 3 3 3 3 1 1 2 1 2 4 2 2 4 1 1 2 2 1 2 4 9 4 4 1 1 2 3 11 4 9 4 11 9 2 11 9 1 4 2 4 2 8 4 1 4 2 6 11 8 4 1 1 1 2 9 4 2 6 3 1
split_gain=48.2357 10.7463 6.46194 2.62929 1.99737 1.10981 1.03417 0.854497 0.841251 0.834089 0.710274 0.65928 0.657994 0.647378 0.641275 0.622272 0.603448 0.5909 0.579449 0.579184 0.553931 0.524523 0.488898 0.477246 0.466005 0.463096 0.460292 0.802289 0.556055 0.452058 0.445365 0.439773 0.458506 0.410504 0.397349 0.390193 0.444944 0.389783 0.388978 0.400295 0.446697 0.388396 0.45935 0.462814 0.387608 0.382526 1.23193 0.365124 0.412507 0.35363 0.497154 0.638122 0.349309 0.346741 0.340485 0.335935 0.333859 0.322494 0.416598 0.400298 0.315453 0.314827
threshold=902.45000000000016 337.15000000000003 1703.4500000000003 616.55000000000007 176.45000000000002 1278.2500000000002 0 1 2 3 4 32636.500000000004 5 6 41206.500000000007 7 8 9 10 11 12 26490.500000000004 111.50000000000001 29319.500000000004 25299.000000000004 13 14 15 1145.2500000000002 634.15042300000005 12983.500000000002 141.50000000000003 24769.500000000004 2104.2209790000006 71.500000000000014 16 798.15376500000013 239.50000000000003 17 20339.500000000004 18 31821.500000000004 19 1.5000000000000002 30795.500000000004 20 37523.500000000007 21 2.2211650000000005 1278.8160855000003 3.5000000000000004 34981.500000000007 22 23 24 25 48.500000000000007 28723.500000000004 26 2.0682700000000005 682.35000000000002 27
decision_type=2 2 2 2 2 2 9 9 9 9 9 2 9 9 2 9 9 9 9 9 9 2 2 2 2 9 9 9 2 2 2 2 2 2 2 9 2 2 9 2 9 2 9 2 2 9 2 9 2 2 2 2 9 9 9 9 2 2 9 2 2 9
left_child=1 4 5 13 9 11 8 14 22 34 56 17 45 16 35 41 29 19 38 47 49 25 -4 -22 -9 31 27 28 33 -3 -12 -15 -33 -19 -1 36 -6 -16 39 -7 -41 42 43 60 -45 46 -13 -2 -49 50 51 -17 -20 -26 -23 -43 -8 58 59 -32 -5 -14
right_child=2 3 6 15 7 18 10 24 -10 -11 30 12 61 21 37 20 -18 26 52 -21 23 54 -24 -25 53 -27 -28 -29 -30 -31 57 32 -34 -35 -36 -37 -38 -39 -40 40 -42 55 -44 44 -46 -47 -48 48 -50 -51 -52 -53 -54 -55 -56 -57 -58 -59 -60 -61 -62 -63
leaf_value=-0.011655252576456407 7.6014598579138141e-05 -0.0085899389922482576 0.002879243744230946 -0.00070782066576348087 -0.0016717142654765075 -0.0053792502427269231 0.0012016437073243255 -0.005329768973829095 0.0024795240429791379 -0.0046547791513753085 -0.0037952064345039335 0.00014056383991952647 -0.00029274687256034064 -0.0025311602971972509 -0.00046468770041511483 0.010235601976704103 -0.001875785104360787 0.0072644658735953275 0.0036724525263472467 -0.00016722882579884985 -0.0011376238927959114 -0.001911504208996973 0.0044124047653411698 4.6483948170619915e-05 -0.0048227505780260487 -0.0027413977348755662 0.00030190258520723504 0.00046811876829233753 0.010212513941285657 -0.0032073649512066021 0.00075978677477612491 1.906505666482143e-05 0.00714022360771196 -0.00041154429871732232 -0.00745602198777464 -0.0032311525527248201 0.004538912988253728 0.0060602317840206411 0.001128517224710877 -0.0027808470413171475 0.00097884483277824695 -0.0022142332654961675 -0.00099615054258560937 -0.0013274746630012818 -0.0064508507944992747 0.0017969544607873635 0.01059469940511794 -0.0027284908977221953 -0.0084575897007629179 0.00060257916197792836 -0.0005565882893898425 0.00094080478341701176 0.0016900121433023271 -0.0030647327433045968 -0.00072531539876124595 -0.00013763155284145397 0.0032831813803256824 0.0020531745749905691 0.0012982459914659037 -0.0052003293162740123 -0.006490506787984328 0.00097083803656137526
leaf_weight=79 108 40 822 30 229 40 229 527 2681 615 37 54 641 95 87 40 2136 31 252 1604 1378 862 1459 2222 511 995 1798 229 46 1016 61 77 31 38 246 742 32 30 1124 102 252 222 1074 314 41 457 58 195 37 724 46 34 2837 1244 2153 1217 1266 1893 981 51 114 2115
leaf_count=79 108 40 822 30 229 40 229 527 2681 615 37 54 641 95 87 40 2136 31 252 1604 1378 862 1459 2222 511 995 1798 229 46 1016 61 77 31 38 246 742 32 30 1124 102 252 222 1074 314 41 457 58 195 37 724 46 34 2837 1244 2153 1217 1266 1893 981 51 114 2115
internal_value=5.80966e-06 -0.00181538 0.00163259 -0.00117588 -0.00400336 0.000862563 0.00260857 -0.00343774 0.00311414 -0.00604458 0.00204134 0.000483623 0.00100629 -0.00184318 -0.00222882 -0.000512987 -0.0023857 5.81575e-05 0.0014719 -0.000571459 -0.000135163 -0.00142263 0.00384456 -0.000405829 -0.00400254 -0.00231098 0.000629304 0.00227817 0.00552699 -0.00338714 0.00158505 -6.08278e-05 0.00210986 0.00309161 -0.00825612 -0.00265714 -0.000862905 0.00124555 0.000656323 -0.000684812 -0.000159999 -0.00106622 -0.00161262 -0.00285773 -0.00193565 0.00254102 0.00514486 -0.00241347 -0.00352334 0.00100971 0.0035242 0.0060345 0.0018642 -0.00362398 -0.00107372 -0.000475644 0.00294566 0.00165827 0.00097308 -0.00181553 -0.00529897 0.000676954
internal_weight=40701 19203 21498 14861 4342 12018 9480 3402 4962 940 4518 7411 3325 7405 1120 7456 3192 4086 4607 1944 4444 4213 2281 3600 2282 1198 2142 344 115 1056 3023 203 108 69 325 1003 261 117 1518 394 354 3012 1573 499 355 569 112 340 232 844 120 74 3089 1755 3015 1439 1495 2986 1093 112 144 2756
internal_count=40701 19203 21498 14861 4342 12018 9480 3402 4962 940 4518 7411 3325 7405 1120 7456 3192 4086 4607 1944 4444 4213 2281 3600 2282 1198 2142 344 115 1056 3023 203 108 69 325 1003 261 117 1518 394 354 3012 1573 499 355 569 112 340 232 844 120 74 3089 1755 3015 1439 1495 2986 1093 112 144 2756
cat_boundaries=0 2 4 6 8 10 12 14 16 18 20 22 24 26 28 30 32 34 36 38 40 42 44 46 48 50 52 54 56
cat_threshold=656984655 38396692 2835648690 1243671314 606079595 147040006 72622088 335593492 69357071 273367041 708837380 17309696 1207184481 376301572 1162615923 2517618724 1411388545 68704390 982929733 2853042574 17990927 1451544392 272893960 704712707 8728985 587202626 536872228 132176 63439888 2091 1024 1092616208 538992768 134742274 1094746252 68239441 16778241 1074004288 1888489601 50500552 546308608 536871168 536875009 134217984 134217730 2147549696 351273472 545263776 876871719 165601 1220804609 16777264 549454080 4608 662996992 947913600
is_linear=0
shrinkage=0.05


Tree=55
num_leaves=63
num_cat=34
split_feature=11 11 11 1 11 0 9 6 6 0 6 1 2 1 1 9 2 2 2 4 1 2 1 2 2 1 1 8 9 2 2 2 4 1 0 6 6 4 4 4 2 2 11 9 4 1 2 8 2 9 6 1 9 0 2 4 1 2 6 0 1 9
split_gain=42.1357 7.49987 6.84759 2.15736 1.98228 1.43801 1.23703 1.10874 0.996669 0.97642 0.869811 0.858939 0.888638 0.85441 0.845568 0.815461 0.76324 0.716587 0.689439 0.633478 0.666979 0.854226 0.789275 0.627025 0.607516 0.935613 0.599908 0.834931 0.581405 0.580414 0.573803 0.569259 0.566931 0.541842 0.527835 0.505855 0.486045 0.789659 0.485444 0.930778 0.485349 0.485273 0.451859 0.437646 0.435442 0.639616 0.535266 1.79841 0.435024 0.434005 0.437723 0.425456 0.420924 0.420129 0.41901 0.417141 0.404509 0.403038 0.408796 0.379637 0.401683 1.07992
threshold=1667.7240575000001 2930.4758020000004 947.87972550000006 0 258.39811300000002 1 77.500000000000014 1.9306150000000002 1.9858700000000002 2 1.9393950000000002 3 4 5 6 97.500000000000014 7 8 9 35590.000000000007 10 11 12 13 14 15 16 4.5000000000000009 138.50000000000003 17 18 19 18369.000000000004 20 21 2.0232700000000006 2.3103700000000003 22972.500000000004 28808.500000000004 30720.500000000004 22 23 717.98283600000002 136.50000000000003 33621.500000000007 24 25 2.5000000000000004 26 71.500000000000014 2.1158500000000005 27 77.500000000000014 28 29 16634.500000000004 30 31 2.0130250000000003 32 33 56.500000000000007
decision_type=2 2 2 9 2 1 2 2 2 1 2 9 9 9 9 2 9 9 9 2 9 9 9 9 9 9 9 2 2 9 9 9 2 9 1 2 2 2 2 2 9 9 2 2 2 9 9 2 9 2 2 9 2 1 9 2 9 9 2 1 9 2
left_child=2 9 3 4 -1 14 41 44 13 10 29 16 -13 31 18 42 36 26 38 20 21 22 28 -16 25 -21 27 34 -11 43 32 -8 -12 57 -15 -30 -7 -38 -3 -40 -22 -4 -6 -2 45 -5 47 -46 55 -14 -51 -32 -25 -48 -35 -17 -52 -10 -59 -9 61 -61
right_child=1 5 6 7 15 11 8 59 33 19 30 12 49 17 23 48 -18 -19 -20 24 40 -23 -24 52 -26 -27 -28 -29 35 -31 51 -33 -34 54 -36 -37 37 -39 39 -41 -42 -43 -44 -45 46 -47 53 -49 -50 50 56 -53 -54 -55 -56 -57 -58 58 -60 60 -62 -63
leaf_value=-0.0075856198052583592 0.0014222883729791433 0.003667595321300668 -0.0031579354153395151 0.0012128366975209526 -0.0058665885960515101 0.00046097028569483427 -0.0033124031074566644 -0.0037574254958254796 -0.00080575550116653157 0.0070505048247527366 -0.007335424424150006 0.0014516128292209104 0.0016877197129779949 0.012521211361716978 -0.00013766266560106803 -0.0097723307088017474 0.0017923830005867202 8.5725410845281444e-05 0.0028353040959189944 0.0046492675133365836 4.5139839416653539e-05 -9.3274158870776508e-05 0.00068363570496346665 0.001604150959643044 0.00027251603162525406 0.00087259641847698625 0.0012147056796509847 -0.0010216252085008433 0.0064380991627365977 0.001943038885056548 0.0029881201259663939 -0.00048009935043130837 -0.00043501302414623811 0.00081108562157533029 0.0043824642801895573 -5.3967296268668154e-05 -0.0091128866026540193 0.00022171582353504136 0.013492436212760842 0.0057936386144976206 -0.0012256863999474251 -0.0015205729585166007 -0.0036161638537903999 0.008315251575395451 0.0096230694943811868 -0.002449969924755845 0.00065323911435466919 -0.0028873014217286695 -0.0025861968085745236 0.0036233982365660149 0.0012980727366314105 0.00073544022367867115 0.0032590363615938173 -0.0018306340965627628 -0.000996531352567208 -0.0040178185947368694 0.0030488972914979491 -0.0058846028562540946 -0.0022278100143387504 0.0085509094514793927 -0.0027695617805883511 -0.002301817436091369
leaf_weight=340 33 195 619 130 492 1035 226 1076 578 108 31 2410 815 40 212 33 1880 1498 534 219 1384 2150 498 539 1798 630 373 32 44 770 243 754 429 389 42 90 35 61 45 308 1643 2027 422 79 50 1167 236 65 1685 1434 591 1370 1366 606 1676 562 942 83 910 30 548 87
leaf_count=340 33 195 619 130 492 1035 226 1076 578 108 31 2410 815 40 212 33 1880 1498 534 219 1384 2150 498 539 1798 630 373 32 44 770 243 754 429 389 42 90 35 61 45 308 1643 2027 422 79 50 1167 236 65 1685 1434 591 1370 1366 606 1676 562 942 83 910 30 548 87
internal_value=3.12895e-07 0.0013476 -0.00192076 -0.0030402 -0.00394613 0.00220079 -0.00100908 -0.00222257 -0.000642768 0.000428904 0.00121242 0.00188296 0.00222121 3.76241e-05 0.00311426 -0.00356881 0.00117559 0.000633221 0.0042772 0.000158441 -0.000129199 0.000413552 0.00186588 0.00248621 0.000801226 0.0018938 0.00227821 0.00534482 0.00416327 0.00252672 0.000652284 -0.00116278 -0.000895518 -0.00119746 0.00845561 0.00210966 0.000142949 -0.00324039 0.00559881 0.00681041 -0.000646582 -0.00192234 -0.00483264 0.00580145 -0.001495 -0.00209172 -0.00068493 0.00238266 -0.00306027 0.00270598 0.00299414 0.00109275 0.00277732 -0.00112119 -0.000653523 -0.00428101 0.00240355 -0.00189534 -0.00251379 -0.0031759 -0.00223073 0.000488424
internal_weight=40697 23921 16776 7529 3534 12402 9247 3995 6601 11519 2955 9203 6192 2965 3199 3194 3011 1985 1082 8564 5917 2890 740 2117 2647 849 487 114 242 882 2073 980 460 3636 82 134 1131 96 548 353 3027 2646 914 112 2254 1297 957 115 2280 3782 2967 1613 1905 842 2065 595 1533 1571 993 1741 665 117
internal_count=40697 23921 16776 7529 3534 12402 9247 3995 6601 11519 2955 9203 6192 2965 3199 3194 3011 1985 1082 8564 5917 2890 740 2117 2647 849 487 114 242 882 2073 980 460 3636 82 134 1131 96 548 353 3027 2646 914 112 2254 1297 957 115 2280 3782 2967 1613 1905 842 2065 595 1533 1571 993 1741 665 117
cat_boundaries=0 2 3 4 6 8 10 12 14 16 18 20 22 24 26 28 30 32 34 36 38 40 41 43 45 47 49 51 53 54 56 58 60 61 63
cat_threshold=385504873 881381548 4 4 3633747090 496258147 1524085140 370436587 313269787 2350760968 252189260 9560068 2111366168 1706303746 76750856 2340552706 607652449 608481558 2158519742 3501877470 407160256 1101529224 8414378 10 549454928 1207960208 772804629 549026 872415874 536876801 1097728 513 4194884 1074790400 553911489 1451294848 5245088 27787280 123357249 345149653 1 25794846 3844089682 12784133 2349334792 536872964 1073741824 155680 128 38543881 269553700 4227076 67633664 4 1073750144 201326914 54536460 3256886020 877164804 1099433762 1 0 3221357120
is_linear=0
shrinkage=0.05


Tree=56
num_leaves=63
num_cat=17
split_feature=3 3 3 3 0 0 1 1 9 1 4 1 1 5 1 1 6 9 4 9 0 6 5 4 3 1 6 5 1 6 6 5 5 4 1 5 6 4 9 9 4 9 4 6 0 1 3 6 3 3 4 5 9 9 3 3 3 1 3 0 3 3
split_gain=38.4708 7.65853 6.49989 2.07371 1.31576 1.14591 0.921963 0.915836 0.828762 0.826292 0.811589 0.739743 0.712085 0.686763 0.596484 0.528043 0.494857 0.47787 0.564518 0.461718 0.455797 0.429151 0.427713 0.418988 0.415334 0.395215 0.394329 0.371896 0.39422 0.367761 0.366588 0.526525 0.363155 0.343316 0.367864 0.712895 0.392293 0.334861 0.333066 0.332688 0.468912 0.332291 0.32887 0.32341 0.321035 0.319691 0.306916 0.398942 0.304818 0.293556 0.321799 0.290982 0.289821 0.703446 0.997614 0.287798 0.281307 0.274039 0.581201 0.269399 0.268349 0.264944
threshold=759.1500000000002 1499.9500000000003 421.85000000000008 218.80000000000004 0 1 2 3 62.500000000000007 4 35143.000000000007 5 6 1.2010850000000002 7 8 2.1725850000000002 71.500000000000014 41206.500000000007 83.500000000000014 9 2.1355100000000005 0.99136500000000016 23946.500000000004 544.75000000000011 10 2.4552850000000004 1.0710950000000004 11 2.1232550000000008 2.0657300000000003 0.92828500000000014 0.87531500000000018 28637.500000000004 12 1.0398100000000003 2.2914700000000008 28637.500000000004 163.50000000000003 73.500000000000014 22113.500000000004 79.500000000000014 30651.500000000004 2.3250850000000005 13 14 128.25000000000003 3.0430500000000005 3071.9000000000001 1202.8500000000001 19174.000000000004 1.0009750000000002 126.50000000000001 110.50000000000001 886.25000000000011 313.35000000000008 1017.2500000000001 15 1106.6500000000003 16 1004.6500000000002 2840.0500000000006
decision_type=2 2 2 2 1 1 9 9 2 9 2 9 9 2 9 9 2 2 2 2 1 2 2 2 2 9 2 2 9 2 2 2 2 2 9 2 2 2 2 2 2 2 2 2 1 9 2 2 2 2 2 2 2 2 2 2 2 9 2 1 2 2
left_child=2 5 3 6 14 19 46 23 16 33 11 -7 24 48 37 -12 -4 26 32 57 51 38 -13 39 -10 -21 55 28 29 30 31 -16 -19 34 35 -6 -36 -3 -15 40 -5 -17 -39 -38 -14 49 47 -1 -11 52 -51 -8 53 -24 -55 -9 -43 58 -2 -25 -27 -23
right_child=1 4 8 7 9 10 20 17 12 13 15 22 44 21 27 41 -18 18 -20 25 -22 61 45 59 -26 60 -28 -29 -30 -31 -32 -33 -34 -35 36 -37 43 42 -40 -41 -42 56 -44 -45 -46 -47 -48 -49 -50 50 -52 -53 -54 54 -56 -57 -58 -59 -60 -61 -62 -63
leaf_value=-0.0089402137306354816 0.00049571419513085859 0.0028673672824002364 -0.0027848004522396815 -0.0048538508039200684 -0.0043803722692453964 0.00041912462082926386 -0.0059203669822291121 -0.0067381261055298311 -0.0022115026921574561 0.0017593433340826995 0.0016450742225620233 -0.0013537611376221836 -0.00080062466763452926 0.0030392693921153266 -0.0045875368443908304 -0.00069003821135280919 -0.0011560370005577927 -0.0043218129865743001 0.00096501698603991722 0.00073732312673546209 -0.0026025566012477198 0.0019217704293151153 -0.0013179395439820651 -0.0035839152124294976 -0.00099965544463214025 0.0013048554889324951 -0.0017019557075520636 0.0032672328954166672 0.0023156398523926842 0.0028500015216195609 -0.0065257461035564054 0.0028422248357265634 -0.0016213856607368877 0.0015641000795509716 0.0014106538153542455 0.0011908036466929915 -0.004942848639588597 0.0077399855601089614 0.0051698864433741068 -0.0040225241374604306 -0.012438837089575827 -2.5606702309580706e-06 0.0043678508489816796 0.00012233699264195923 0.00010100575260134575 0.00020572383543039502 -0.0055578927743238811 -0.0026795764853886797 0.0039403084239979982 -0.0040236825420038261 0.0013816955790720055 -0.0037824285281211748 -0.00054372680735082532 -0.013464541560279032 -0.0016380845467903696 -0.0033720730179745899 0.0013106613734497213 0.00054350678388123685 -0.0071980811183732984 -0.0023453078147515484 0.0026416801793630196 0.0044795880055039372
leaf_weight=175 69 339 1010 63 104 2906 257 93 1086 3822 1123 1351 2272 446 40 599 870 135 200 1008 515 715 276 1032 2033 677 241 904 882 63 30 56 1539 1975 734 126 44 85 320 303 31 778 548 105 1745 1526 378 31 167 31 197 447 437 31 41 212 856 830 37 781 852 118
leaf_count=175 69 339 1010 63 104 2906 257 93 1086 3822 1123 1351 2272 446 40 599 870 135 200 1008 515 715 276 1032 2033 677 241 904 882 63 30 56 1539 1975 734 126 44 85 320 303 31 778 548 105 1745 1526 378 31 167 31 197 447 437 31 41 212 856 830 37 781 852 118
internal_value=4.14592e-07 0.00120292 -0.00196476 -0.00317882 0.0021457 0.000398562 -0.00461783 -0.00261758 -0.00109826 0.00183524 0.000130322 -0.000183841 -0.000851992 0.00219952 0.00305876 0.000766379 -0.00203208 -0.00191454 -0.00154172 0.00118239 -0.0037113 0.00307947 -0.000633724 -0.00336234 -0.00141764 0.00153246 -0.00322396 0.00250691 0.00188609 -0.000229901 -0.00179827 -0.000268889 -0.00184161 0.00116467 0.000465586 -0.00128094 0.00092547 0.00410834 0.00393492 -0.00485311 -0.00745989 0.00031516 0.00483216 -0.0013964 -0.00040801 -0.000252705 -0.00632885 -0.00801558 0.00185161 -0.000935614 0.000632393 -0.00457019 -0.00140316 -0.00247775 -0.00684472 -0.00441711 0.000685775 0.000232937 -0.00204126 -0.00305194 0.00203769 0.00228904
internal_weight=40697 25248 15449 6433 11623 13625 1803 4630 9016 8676 10152 6796 7136 5588 2947 3356 1880 2420 1874 3473 1219 1599 3890 2210 3119 2537 546 1975 1071 189 126 96 1674 3088 1113 230 883 972 766 397 94 2233 633 149 4017 2539 584 206 3989 1013 228 704 785 348 72 305 1634 936 106 1813 1529 833
internal_count=40697 25248 15449 6433 11623 13625 1803 4630 9016 8676 10152 6796 7136 5588 2947 3356 1880 2420 1874 3473 1219 1599 3890 2210 3119 2537 546 1975 1071 189 126 96 1674 3088 1113 230 883 972 766 397 94 2233 633 149 4017 2539 584 206 3989 1013 228 704 785 348 72 305 1634 936 106 1813 1529 833
cat_boundaries=0 1 2 4 6 8 10 12 14 16 17 19 21 23 24 26 28 29
cat_threshold=4 4 374342728 76071052 1425172009 2760429732 3671504002 1572080747 35702206 1354279130 2258509507 471849006 470293068 9560068 948470402 540055313 1 38166477 2592162915 8352 135168 1082368 136315904 1 828246592 33817345 4194312 4496 1
is_linear=0
shrinkage=0.05


Tree=57
num_leaves=63
num_cat=33
split_feature=11 11 11 1 11 6 5 0 11 4 9 2 1 5 1 9 1 2 2 9 1 2 1 0 5 1 1 9 2 2 5 2 2 2 1 2 11 1 1 4 6 2 6 9 2 11 2 4 4 1 6 11 9 1 2 0 2 11 1 11 6 2
split_gain=34.5422 7.22875 4.57221 1.85653 1.69606 1.17708 1.09513 0.955198 0.880657 0.871963 0.822745 0.767551 0.755801 0.691894 0.686965 0.663082 0.656639 0.63702 0.620815 0.666162 0.635487 0.613453 0.637149 0.593553 0.583599 0.579235 0.56215 0.55328 0.526596 0.519697 0.730108 0.5136 0.479275 0.468212 0.462028 0.571449 0.454075 0.449452 0.442436 0.438444 0.46912 0.436161 0.432768 0.444546 0.429537 0.581101 0.422149 0.429212 0.416892 0.414096 0.50254 0.723984 0.411275 0.411247 0.397346 0.392758 0.532436 0.397815 0.386339 0.445883 0.594817 0.375329
threshold=1864.5490160000002 947.87972550000006 3343.6869775000009 0 258.39811300000002 1.9393950000000002 0.99630500000000011 1 1368.9256720000003 28367.500000000004 42.500000000000007 2 3 1.2048900000000002 4 97.500000000000014 5 6 7 98.500000000000014 8 9 10 11 1.2502550000000003 12 13 268.50000000000006 14 15 1.0364450000000003 16 17 18 19 20 647.30008300000009 21 22 32636.500000000004 2.1405450000000008 23 2.2738450000000001 190.50000000000003 24 2185.5656655000007 25 47497.500000000007 28005.500000000004 26 2.1182450000000004 1604.1152730000001 167.50000000000003 27 28 29 30 786.66750350000018 31 2104.2209790000006 2.1107950000000004 32
decision_type=2 2 2 9 2 2 2 1 2 2 2 9 9 2 9 2 9 9 9 2 9 9 9 1 2 9 9 2 9 9 2 9 9 9 9 9 2 9 9 2 2 9 2 2 9 2 9 2 2 9 2 2 2 9 9 1 9 2 9 2 2 9
left_child=1 3 9 4 -1 10 55 21 54 28 -3 14 -13 17 61 36 -12 25 19 -18 27 -4 -23 29 46 39 41 -21 38 30 -8 -25 49 52 -35 42 -6 44 -2 -11 -41 58 43 -36 45 -30 47 -14 -40 50 -10 -52 -15 -34 -7 56 57 -5 59 -19 -61 -9
right_child=2 5 7 6 15 8 23 11 32 13 16 12 24 33 -16 -17 18 26 -20 20 -22 22 -24 31 -26 -27 -28 -29 37 -31 -32 -33 53 34 35 -37 -38 -39 48 40 -42 -43 -44 -45 -46 -47 -48 -49 -50 -51 51 -53 -54 -55 -56 -57 -58 -59 -60 60 -62 -63
leaf_value=-0.0073189744911509834 0.0006081627727055098 -0.0024825808214588244 0.00082365403300908293 -0.0022584445554918301 -0.0059191182803239352 -0.0022188941205437971 0.007835729974904098 0.0011162828026781352 1.4309097107118079e-05 0.00086560400292406752 -0.00063089093256707689 0.0013650996849820165 0.0016798660954075622 0.00063397097057366579 0.0013888433441987141 -0.0028288529349833947 0.0082095777121816531 0.00031235507331855067 0.00021348596317013568 0.0026126071297981339 0.00031310536321771127 0.0045723701628138909 0.0026536048643096117 0.00042617543184470766 0.0038255301574906756 0.0010071212694948851 0.00092664543087476602 0.0087134656418942202 0.010077101003587493 -0.001169211971863205 0.00042077729550573203 -0.0021765852665775591 -0.0017718710309223983 0.00099869894605686036 0.0027250224154528753 0.0018256145503215014 -0.0035287514763312315 5.3896704548732812e-05 -0.0013217560427369404 0.0059335709456288981 0.0011553221579044869 0.00017369259568816872 0.0080597699608019411 0.0082845972246506673 0.0009401709243917006 0.0021387836620948898 0.0028031869035405462 -0.0041951190636609686 -0.0069267007126472893 -0.0001810666623805564 0.0009072572412800842 0.0092830987857436108 -0.00590921714635832 -0.00055864093306471707 -0.0011601791809324362 -0.0021846482163481724 -0.0043179828813713662 0.0044755178466138823 -0.00072039578981504841 -0.010676067183929973 -0.0018081674550902227 -0.0024362395171345654
leaf_weight=291 338 291 323 74 339 1677 39 110 110 120 1150 2060 1180 76 1543 2057 42 34 1180 186 344 695 1621 213 767 1243 2004 46 33 522 196 1941 942 748 235 761 498 2153 667 177 73 1297 68 42 698 74 1623 31 34 760 55 48 34 2763 2092 581 748 30 346 40 36 198
leaf_count=291 338 291 323 74 339 1677 39 110 110 120 1150 2060 1180 76 1543 2057 42 34 1180 186 344 695 1621 213 767 1243 2004 46 33 522 196 1941 942 748 235 761 498 2153 667 177 73 1297 68 42 698 74 1623 31 34 760 55 48 34 2763 2092 581 748 30 346 40 36 198
internal_value=3.79314e-07 -0.00153979 0.00137802 -0.00274792 -0.00367092 -0.000761257 -0.0020573 0.00214867 -0.00107196 0.000687506 4.91168e-05 0.00186069 0.00215007 0.00101127 0.000958195 -0.00331438 0.00029978 0.000717343 0.000893597 0.00216575 0.00174912 0.00296738 0.00324829 -0.00150415 0.0025936 0.00154516 0.000356558 0.00369585 9.33279e-05 -0.000299298 0.00161107 -0.00192725 -0.000613507 0.00181417 0.00199617 0.00265429 -0.0045028 0.000433225 -0.000869637 0.00327141 0.00454848 -0.000296871 0.00436929 0.00359476 0.00143335 0.00426297 0.00226811 0.00151365 -0.00158057 0.000373642 0.00226458 0.00486229 -0.00130584 -0.000871438 -0.00164068 -0.00319348 -0.00387807 -0.000266455 -0.00160786 -0.00408007 -0.00655352 -0.00117274
internal_weight=40697 19215 21482 7529 3185 11686 4344 10151 8447 11331 3239 7512 5661 7334 1851 2894 2948 5370 1798 618 576 2639 2316 2911 3601 1613 3757 232 3997 757 235 2154 4678 1964 1854 1106 837 2958 1039 370 250 1753 345 277 805 107 2834 1211 701 973 213 103 110 3705 3769 1433 852 104 456 110 76 308
internal_count=40697 19215 21482 7529 3185 11686 4344 10151 8447 11331 3239 7512 5661 7334 1851 2894 2948 5370 1798 618 576 2639 2316 2911 3601 1613 3757 232 3997 757 235 2154 4678 1964 1854 1106 837 2958 1039 370 250 1753 345 277 805 107 2834 1211 701 973 213 103 110 3705 3769 1433 852 104 456 110 76 308
cat_boundaries=0 2 3 5 7 9 11 13 15 17 19 21 22 24 26 28 30 32 34 36 38 40 42 44 46 48 50 52 54 56 57 59 61 63
cat_threshold=385500745 881381548 4 1507262720 637806954 1540764946 1529088879 2161639424 77087744 418135899 2349192198 135088181 2686230534 1175654472 2401371266 638631940 131721 1086587092 134218402 201855564 272748548 4 436207616 539019015 1821688004 3187749163 268722947 808114176 17834248 1346 2293792 167772224 411054360 537397330 17055752 65536 1389780547 2794933378 1615889089 18874706 2426962106 51642514 135289270 671092480 554731016 1115684960 541066304 1073741952 571540 1348490389 25206784 2350907904 96474114 2617381888 1113806413 2484045928 1 134348816 16785408 134217856 201392384 17825792 67371008
is_linear=0
shrinkage=0.05


Tree=58
num_leaves=63
num_cat=28
split_feature=3 3 3 2 3 1 3 1 2 4 1 8 9 1 2 2 1 2 1 1 2 9 5 1 11 4 3 2 9 5 5 5 3 11 4 2 5 2 2 2 1 8 5 2 1 9 9 9 1 9 1 8 11 2 4 5 1 8 9 4 1 2
split_gain=31.4435 6.3511 5.41595 1.55082 1.2227 0.983974 0.86421 0.816032 0.717252 0.67315 0.669552 0.65174 0.649127 0.645393 0.60853 0.596515 0.594259 0.56945 0.536172 0.509875 0.49861 0.4738 0.451291 0.434076 0.438214 0.419189 0.413962 0.408759 0.404661 0.399731 0.462512 0.746696 0.395356 0.379583 0.378909 0.526091 0.386803 0.378296 0.377358 0.354189 0.347988 0.505657 0.346572 0.346461 0.337557 0.337567 0.330883 0.323124 0.410201 0.521104 0.35356 0.549356 0.354494 0.33731 0.313361 0.31141 0.309202 0.615018 0.59188 0.301149 0.296999 0.327452
threshold=759.1500000000002 1703.4500000000003 363.35000000000008 0 1064.1500000000003 1 193.35000000000005 2 3 22113.500000000004 4 4.5000000000000009 69.500000000000014 5 6 7 8 9 10 11 12 42.500000000000007 0.94172000000000011 13 1629.8202150000004 40627.500000000007 229.30000000000004 14 83.500000000000014 1.3602150000000002 1.1335100000000002 1.0185450000000003 492.45000000000005 1306.7213365 27121.500000000004 15 1.2110050000000003 16 17 18 19 4.5000000000000009 1.0584800000000001 20 21 18.500000000000004 122.50000000000001 131.50000000000003 22 187.50000000000003 23 1.5000000000000002 2790.0131180000003 24 24543.500000000004 1.3809850000000001 25 1.5000000000000002 194.50000000000003 26303.000000000004 26 27
decision_type=2 2 2 9 2 9 2 9 9 2 9 2 2 9 9 9 9 9 9 9 9 2 2 9 2 2 2 9 2 2 2 2 2 2 2 9 2 9 9 9 9 2 2 9 9 2 2 2 9 2 9 2 2 9 2 2 9 2 2 2 9 9
left_child=2 4 3 6 10 17 -1 15 34 18 38 -8 33 26 23 -3 20 19 28 29 -11 44 -10 -14 55 -13 -5 -18 -6 30 31 -4 -19 -7 35 36 -9 40 -2 -20 41 -15 -28 -23 45 -12 -24 50 49 -49 51 52 -29 -50 -42 60 57 58 -37 -34 -25 -62
right_child=1 7 5 13 9 12 11 8 22 16 21 25 14 37 -16 -17 27 32 39 -21 -22 43 46 24 -26 -27 42 47 -30 -31 -32 -33 59 -35 -36 56 -38 -39 -40 -41 54 -43 -44 -45 -46 -47 -48 48 53 -51 -52 -53 -54 -55 -56 -57 -58 -59 -60 -61 61 -63
leaf_value=-0.0062660207663063896 -0.0011429206303243216 0.0034966135912093753 -0.0034088289828853821 -0.0040681505670299807 -0.0083680717644959001 -0.0022940536534726752 -0.0028059940431065674 -0.00090806271961097287 0.0011911283249932422 0.0011488276693814926 0.0041165649748720291 -0.0063841298489034724 -0.00054839171113606503 0.003854106406070059 -0.00084414037507001623 0.0021224431347073953 0.00071059428898848 -0.0022476136091270729 0.0026558531294532802 -0.001840969834739207 -0.00011038924354435045 -3.7696736320404279e-05 0.0018926317844759029 -0.00045659449268298203 0.005424305983787318 -0.00029534011987517733 -0.0034663529065834483 0.010759492217743348 -0.0017674569347347156 -0.0099521125309571107 -0.0013457602827471838 -0.010118279202793868 -0.0019588709605159239 -0.00061165852651860709 0.0015492448947459186 -0.00025319643763770512 -0.0071987216091066652 -0.0025408841045044131 -1.9006454055961538e-05 -0.0002654220169689535 -0.00349805304162397 -0.003037697401159676 -0.0017195697440905086 0.00095084485333939628 -0.0015106132067798594 -0.0010125504107289837 0.0031040544011794037 0.011026139253976219 0.0031169074152140258 0.0033065175674710195 0.00071259431787243875 0.0015145190490678745 0.0033262204691611162 0.0014469278173494529 -0.00088374852660075417 0.0052366195816399633 0.0014392379508930604 0.00072470832492770726 -0.0098825030666053106 -0.00069693418749877222 5.7629210858609883e-05 0.0028162394709132029
leaf_weight=492 1471 1499 146 798 32 882 661 73 730 1602 60 248 731 79 3113 2050 1309 964 108 603 1537 1390 952 363 54 32 560 30 81 30 112 58 653 542 2019 33 36 826 1517 801 144 39 583 2459 473 67 1407 32 488 69 944 184 36 990 553 37 544 195 30 1714 217 215
leaf_count=492 1471 1499 146 798 32 882 661 73 730 1602 60 248 731 79 3113 2050 1309 964 108 603 1537 1390 952 363 54 32 560 30 81 30 112 58 653 542 2019 33 36 826 1517 801 144 39 583 2459 473 67 1407 32 488 69 944 184 36 990 553 37 544 195 30 1714 217 215
internal_value=4.6398e-07 0.0010876 -0.00177618 -0.00312642 0.000468083 -0.00112697 -0.00453332 0.00210272 0.00173577 0.000887429 3.23254e-06 -0.00366981 -0.00071786 -0.00254273 -0.000437081 0.00271187 0.0010574 -0.00170923 -0.000313347 -0.00280106 0.000534024 0.00039168 0.00227255 0.000349671 0.00108826 -0.0056918 -0.00317587 0.00145476 -0.00339579 -0.004366 -0.00394368 -0.00535647 -0.00138997 -0.00165458 0.00116347 0.000320509 -0.00277958 -0.00177767 -0.000574475 0.000109265 -0.000980622 0.00144822 -0.00257767 0.000596305 -0.000913277 0.0013207 0.00261618 0.00180185 0.00227787 0.00531535 0.00118605 0.00282299 0.00681514 0.00201727 -0.00140793 0.000813727 0.000769808 -0.000642838 -0.00492135 -0.00104575 0.000601562 0.00146639
internal_weight=40697 25248 15449 5015 15680 10434 1433 9568 6019 8243 7437 941 6154 3582 4730 3549 7221 4280 1022 949 3139 4449 3089 1617 886 280 1941 4082 113 346 316 204 3331 1424 2930 911 109 1641 2988 909 815 118 1143 3849 600 127 2359 2773 1579 101 1194 250 66 1478 697 832 802 258 63 2367 795 432
internal_count=40697 25248 15449 5015 15680 10434 1433 9568 6019 8243 7437 941 6154 3582 4730 3549 7221 4280 1022 949 3139 4449 3089 1617 886 280 1941 4082 113 346 316 204 3331 1424 2930 911 109 1641 2988 909 815 118 1143 3849 600 127 2359 2773 1579 101 1194 250 66 1478 697 832 802 258 63 2367 795 432
cat_boundaries=0 2 4 6 8 10 12 14 16 18 20 22 24 26 28 30 32 34 36 38 40 42 44 46 48 50 52 54 56
cat_threshold=1187917312 2484326404 2264667747 480237606 606653007 34185232 1909760496 582228221 491662961 2517091364 1459255560 327193629 146940034 2868904273 606079586 545497605 1620466253 265378285 1078199905 2147758156 134775808 1073741952 2102275 68177958 672764374 991992451 1493305744 18874760 1663276034 2651164264 549453824 8388736 286347752 143139136 1146488009 395114513 32 1091043393 2147483776 1208485888 269235746 976212013 1073758208 8450 2432696320 2147484672 38273026 537133570 4989041 553668992 9442336 67109985 32780 33555025 146800768 65
is_linear=0
shrinkage=0.05


Tree=59
num_leaves=63
num_cat=21
split_feature=3 3 3 2 0 0 3 0 2 9 2 2 4 5 2 3 5 5 9 2 0 2 6 5 11 2 2 2 6 2 4 5 4 5 2 4 5 2 6 2 4 6 4 5 4 6 0 11 9 8 5 11 5 6 9 9 2 9 6 5 2 4
split_gain=28.4262 6.64182 4.10125 1.54375 1.25065 1.03735 0.813607 0.710245 0.764305 0.661678 0.666705 0.632499 0.624783 0.593248 0.573174 0.562265 0.542034 0.529816 0.511436 0.490918 0.4765 0.454503 0.450289 0.447516 0.427404 0.424265 0.407254 0.379318 0.383558 0.367889 0.404679 0.365115 0.341062 0.388626 0.335858 0.334762 0.33107 0.328739 0.326412 0.467663 1.37686 0.321774 0.318973 0.305281 0.304312 0.303282 0.302039 0.301137 0.293913 0.2935 0.37773 0.281491 0.279741 0.274659 0.270995 0.269823 0.26778 0.350704 0.263012 0.262289 0.352393 0.351931
threshold=706.85000000000002 1330.2500000000002 349.45000000000005 0 1 2 1935.6000000000001 3 4 69.500000000000014 5 6 28275.500000000004 0.99630500000000011 7 176.45000000000002 1.2010850000000002 1.0199650000000002 62.500000000000007 8 9 10 2.1507850000000004 0.93608500000000017 475.45866350000011 11 12 13 2.1355100000000005 14 15701.500000000002 0.93608500000000017 24430.500000000004 1.0025850000000003 15 26876.500000000004 1.0088409615384617 16 2.1507850000000004 17 25498.500000000004 1.8656000000000004 29466.500000000004 1.3809850000000001 40627.500000000007 2.3656400000000004 18 1024.6725900000004 75.500000000000014 5.5000000000000009 1.0433550000000003 5054.6436320000012 0.96620000000000006 2.2211650000000005 105.50000000000001 24.500000000000004 19 98.500000000000014 2.3598700000000004 1.2818200000000002 20 37842.500000000007
decision_type=2 2 2 9 1 1 2 1 9 2 9 9 2 2 9 2 2 2 2 9 1 9 2 2 2 9 9 9 2 9 2 2 2 2 9 2 2 9 2 9 2 2 2 2 2 2 1 2 2 2 2 2 2 2 2 2 9 2 2 2 9 2
left_child=2 5 3 15 11 12 25 14 43 10 22 35 26 20 -4 46 37 21 47 -19 24 55 23 -7 -5 31 -2 28 -18 30 -11 -6 56 -34 42 36 52 45 48 40 -40 -13 -12 -9 -26 -8 -1 -16 -27 -17 -51 -43 -3 -28 -48 -14 57 -15 -29 60 61 -20
right_child=1 4 7 13 6 9 16 8 -10 29 34 41 17 32 18 49 27 19 59 -21 -22 -23 -24 -25 44 38 53 58 -30 -31 -32 -33 33 -35 -36 -37 -38 -39 39 -41 -42 51 -44 -45 -46 -47 54 -49 -50 50 -52 -53 -54 -55 -56 -57 -58 -59 -60 -61 -62 -63
leaf_value=-0.0077610973278398349 -9.5226486570648423e-05 -0.00034007146958174421 -0.0027179005363085484 -0.0058048046841800314 0.00019888821529860299 -0.0024538351646697268 0.0021830403032713891 -0.00010933571561235522 -0.0013797365799068566 -0.0041265922848002191 -0.00034096589141964533 0.0051403521849865417 -0.0035782276159626717 -0.0099403010720076675 -0.0036482291077248965 -0.0035712599191977399 0.0048730115211443404 -0.00025601236727717109 -0.00098134926454747037 0.0010615572155845249 -0.0022431780647007827 6.7529378863117551e-05 -0.00049367037266777943 -0.010862391279079021 -0.0038042917789171678 0.00030773771367381561 -0.001178206300265737 0.002005010997555142 0.0025942993282615425 0.0012975612197101392 0.00048722958581194804 0.002528595359077351 0.0026740546171358619 -0.0018458127629948193 -0.00023625663039221917 0.0020714849878370133 0.0013831509445177896 0.0012741873509008719 -0.011960468290635618 0.00035874740390971939 0.00037473269703929338 0.0025260997869074389 0.0053342862091336311 0.0035735936917701801 -0.00016146928674596199 0.0062341243624081362 -0.0076575961479518036 -0.0017296169527573316 0.0013849176445290218 -0.0085993898531887686 -0.0023279076453316242 0.0038199187682177813 -0.0056626210414025191 -0.003575491968649311 -0.0029911667768222593 -0.0010743920231602153 -0.0023021715717826577 -0.0039422236837665823 -0.0024484291669380452 -0.00018579283927786438 -0.0016782033829701012 0.0014119681518635393
leaf_weight=192 1057 79 951 268 222 31 929 1882 2077 48 43 169 130 35 316 655 311 1187 697 1734 538 1215 48 33 400 957 1402 691 466 2812 1585 695 48 1802 1068 766 191 2856 31 917 77 1609 57 57 67 48 48 588 1875 69 38 577 35 130 92 613 355 84 34 679 1835 196
leaf_count=192 1057 79 951 268 222 31 929 1882 2077 48 43 169 130 35 316 655 311 1187 697 1734 538 1215 48 33 400 957 1402 691 466 2812 1585 695 48 1802 1068 766 191 2856 31 917 77 1609 57 57 67 48 48 588 1875 69 38 577 35 130 92 613 355 84 34 679 1835 196
internal_value=5.48294e-07 0.000955859 -0.00182726 -0.00303205 0.00173398 0.000157492 0.00145391 -0.00121786 -0.000716829 0.000663812 -0.00033768 0.00255971 -0.000230691 -0.00250542 -0.00160003 -0.00469392 0.00187828 0.000102476 -0.00134344 0.000528992 -0.00338074 -0.000533759 -0.00383767 -0.00688991 -0.00420923 0.000979389 -0.000858345 0.00268376 0.0034669 0.000952217 0.000347046 0.00194424 -0.00203549 -0.00172716 3.34734e-05 0.00150031 0.000112761 0.00156202 0.000742588 -2.00665e-05 -0.00297064 0.00302147 0.00265213 7.12452e-07 -0.00328312 0.00236407 -0.00646034 -0.00240357 0.00102115 -0.00397836 -0.00641431 0.0028692 -0.00200922 -0.00137486 -0.00463405 -0.00149658 -0.0032327 -0.00533031 0.00176871 -0.00106547 -0.00128428 -0.000450027
internal_weight=40697 26728 13969 4691 13535 13193 10109 9278 4016 5725 1280 3426 7468 3597 5262 1094 5335 4879 4311 2921 1273 1958 112 64 735 4774 2589 1502 777 4445 1633 917 2324 1850 1168 1071 305 3833 3857 1025 108 2355 100 1939 467 977 332 904 2832 762 107 2186 114 1532 140 743 474 119 725 3407 2728 893
internal_count=40697 26728 13969 4691 13535 13193 10109 9278 4016 5725 1280 3426 7468 3597 5262 1094 5335 4879 4311 2921 1273 1958 112 64 735 4774 2589 1502 777 4445 1633 917 2324 1850 1168 1071 305 3833 3857 1025 108 2355 100 1939 467 977 332 904 2832 762 107 2186 114 1532 140 743 474 119 725 3407 2728 893
cat_boundaries=0 2 3 4 5 7 9 11 13 15 16 18 20 22 24 26 28 30 32 33 35 37
cat_threshold=1187777536 2484326412 4 1 1 960672182 2069892914 17040448 67174400 1506246806 1537216249 5505633 273219622 1381382082 2416935995 1 559166977 2390902497 16867521 8393363 1356170336 1311311469 69340769 4445188 545568523 346346632 671093248 1073741824 538968907 404292352 276955144 67117056 1 16797696 536871425 153744 2172792920
is_linear=0
shrinkage=0.05


Tree=60
num_leaves=63
num_cat=32
split_feature=11 3 3 3 0 0 0 2 11 4 1 1 1 1 2 9 5 2 9 1 2 9 1 2 1 1 2 2 2 11 8 2 1 11 2 2 2 1 9 1 9 4 5 4 1 1 9 5 1 3 11 8 8 4 11 4 5 2 5 1 1 4
split_gain=27.4671 6.31562 3.74671 1.50726 1.04755 0.986678 0.873709 0.866849 0.736959 0.653111 0.649616 0.622082 0.615543 0.575525 0.626114 0.682116 0.772544 0.569466 0.554461 0.619685 0.578851 0.572299 0.568453 0.539836 0.521955 0.516887 0.552148 0.509839 0.499002 1.12181 0.498936 0.605684 0.486644 0.490588 0.477431 0.455609 0.436062 0.775479 0.412175 0.410845 1.15735 0.407834 0.406742 0.394297 0.393174 0.383689 0.372873 0.392616 0.345237 0.350783 0.46641 0.679526 0.324998 0.453778 0.73708 0.322739 0.419617 0.314089 0.306662 0.302207 0.294306 0.618617
threshold=1877.1359760000003 375.45000000000005 1746.5000000000002 128.25000000000003 0 1 2 3 1444.0954635000003 34723.500000000007 4 5 6 7 8 155.50000000000003 1.2169150000000004 9 107.50000000000001 10 11 95.500000000000014 12 13 14 15 16 17 18 3375.6242775000005 5.5000000000000009 19 20 1306.7213365 21 22 23 24 77.500000000000014 25 81.500000000000014 29887.500000000004 0.94720500000000019 25393.500000000004 26 27 248.50000000000003 0.96122180555555559 28 985.25000000000011 2394.3631230000005 4.5000000000000009 3.5000000000000004 28808.500000000004 4487.8026355000011 21331.000000000004 1.0686550000000004 29 1.0933850000000003 30 31 29887.500000000004
decision_type=2 2 2 2 1 1 1 9 2 2 9 9 9 9 9 2 2 9 2 9 9 2 9 9 9 9 9 9 9 2 2 9 9 2 9 9 9 9 2 9 2 2 2 2 9 9 2 2 9 2 2 2 2 2 2 2 2 9 2 9 9 2
left_child=1 3 5 -1 8 9 38 41 17 10 28 23 -9 57 15 -15 46 32 19 21 22 -8 42 -6 -19 27 43 39 29 55 31 -14 33 -3 60 -13 37 -10 -4 40 -7 -5 -20 -27 52 -38 -17 -48 49 -45 -51 -52 53 -40 -55 56 -2 -11 -29 -22 61 -12
right_child=2 4 6 7 11 25 18 12 36 13 34 35 30 14 -16 16 -18 24 20 -21 59 -23 -24 -25 -26 26 -28 58 -30 -31 -32 -33 -34 -35 -36 -37 45 -39 44 -41 -42 -43 -44 48 -46 -47 47 -49 -50 50 51 -53 -54 54 -56 -57 -58 -59 -60 -61 -62 -63
leaf_value=-0.0055095674164265035 -0.00038685530490641085 -0.0037153663623156839 0.0017441056352519566 -0.0051798635935433974 -0.0014919693261881038 -0.010135026790279274 -7.4466693069290816e-05 -0.0027956637813264552 0.0024180057597513824 -0.0023387552419960908 0.0011556335840396061 0.0011637046715148628 0.0004792155172950839 0.0012533108490932281 0.00080602273041431864 0.0016147576959076671 0.011231129786548472 -0.0018431430744122259 0.0017415252322947623 0.0014465725734927179 0.00030280514759909675 -0.0062051764621702567 0.0017473268839595887 -0.00015171468064657345 -0.00060933491453966883 0.00081123629777642842 0.0010105379574056681 0.0004923728443078202 -0.00031230078397685349 -0.011296724970088691 -0.0035306098304767296 -0.001763131111335278 -0.001936928816896827 -0.010204358417532229 2.5789458645641356e-05 -0.00019517190509768734 -0.0027812157886199259 -0.00050599874587651031 0.0033539001928427473 0.00011887450677436896 -0.00014987930122419802 -0.0031056244583101836 0.0041386828510833759 0.0080319601837631881 0.0028625056167405328 -0.00077636410798418332 0.0032591374288045392 0.010209287125617266 0.0020318593267174708 0.00080657493172022409 0.0033072452552113047 0.0097507203007328597 0.0034316919140679678 0.015421638733823784 0.0054728104602545504 -0.00098996284804403934 -0.0078318463515241223 0.00034038636390676743 0.0017109672565129895 0.0017817892501324395 0.001046973851327159 0.0090113597432112634
leaf_weight=480 34 229 616 402 1504 41 332 2102 268 113 63 851 417 238 918 102 41 1709 232 2041 438 42 908 1511 1781 277 1596 1244 1249 31 256 1069 1142 33 2139 2163 288 1200 51 375 94 596 775 53 1402 1360 52 34 554 101 168 54 114 31 49 374 42 918 883 2016 522 41
leaf_count=480 34 229 616 402 1504 41 332 2102 268 113 63 851 417 238 918 102 41 1709 232 2041 438 42 908 1511 1781 277 1596 1244 1249 31 256 1069 1142 33 2139 2163 288 1200 51 375 94 596 775 53 1402 1360 52 34 554 101 168 54 114 31 49 374 42 918 883 2016 522 41
internal_value=-6.67365e-06 -0.00137118 0.00122794 -0.00283775 -0.00081506 0.000661606 0.00200095 -0.0025718 -0.00118974 0.000265049 -9.13295e-05 -0.000317153 -0.00220848 0.00092786 0.0015877 0.00307035 0.00507864 -0.0015724 0.00171667 0.00110793 0.00205282 -0.000757455 0.00271193 -0.000823279 -0.0012174 0.00116525 0.00163776 0.00065388 -0.000848099 -0.0022013 -0.00148685 -0.00114262 -0.00242739 -0.00440103 0.000383978 0.000191342 -0.000588425 4.1825e-05 0.00285204 -0.000756284 -0.00301308 -0.00390639 0.00355343 0.00245052 0.00326511 -0.00114284 0.00368455 0.00609264 0.00296371 0.00416333 0.00363421 0.00491127 0.00521945 0.00713285 0.00947078 -0.00159988 -0.00454947 2.51567e-05 0.000994153 0.00152034 0.0015863 0.00393424
internal_weight=40759 19361 21398 5322 14039 12351 9047 4842 8010 6911 4495 6029 3844 2416 1385 467 229 4894 6784 2415 4369 374 1915 3015 3490 5440 2803 2637 1730 481 1742 1486 1404 262 2765 3014 3116 1468 2263 510 135 998 1007 1207 1647 1648 188 86 930 376 323 222 245 131 80 450 76 1031 2127 2454 626 104
internal_count=40759 19361 21398 5322 14039 12351 9047 4842 8010 6911 4495 6029 3844 2416 1385 467 229 4894 6784 2415 4369 374 1915 3015 3490 5440 2803 2637 1730 481 1742 1486 1404 262 2765 3014 3116 1468 2263 510 135 998 1007 1207 1647 1648 188 86 930 376 323 222 245 131 80 450 76 1031 2127 2454 626 104
cat_boundaries=0 1 2 3 5 7 9 11 13 15 17 19 21 23 25 27 29 31 33 35 37 39 41 43 45 47 49 51 53 55 57 59 61
cat_threshold=1 1 4 1179520608 269615616 4089741954 127685384 2542931691 2526789798 1450859336 109614285 1201033837 1443186734 1745666117 1585232 139497057 273221926 3221750784 212992001 69225039 164337472 1143474825 609874053 66065611 3341477897 282376611 3183251660 1707488589 2661625976 135619297 2769347750 822395969 270630916 143655048 100784512 151085440 671125504 1075975170 67108884 51392 287326529 171978818 1795702801 704669784 1328082156 1082294272 2148024584 541066248 136314880 83886664 4268032 17434624 2148020224 270041218 542209 4227112 134217792 1887436800 541327425 8201 268435616
is_linear=0
shrinkage=0.05


Tree=61
num_leaves=63
num_cat=23
split_feature=11 11 11 5 2 4 0 11 2 5 2 9 11 2 0 0 2 0 11 2 4 2 9 5 2 9 2 9 2 4 2 6 2 4 2 11 2 6 4 6 11 9 8 6 2 4 2 6 5 2 11 0 6 11 4 9 6 8 2 11 5 5
split_gain=24.8053 4.8523 3.31075 1.18496 1.09725 0.859889 0.734699 0.724407 0.677689 0.66792 0.677258 0.653116 0.658374 0.645473 0.556062 0.553165 0.552395 0.543123 0.504794 0.501004 0.556867 0.495373 0.478411 0.454159 0.457082 0.451575 0.430687 0.426511 0.412783 0.398369 0.399191 1.13489 0.385674 0.379947 0.372828 0.368113 0.398081 0.34828 0.335639 0.324806 0.323024 0.322307 0.486093 0.314429 0.363923 0.29702 0.296927 0.290514 0.428584 0.374995 0.470395 0.288068 0.49715 0.285082 0.284723 0.282926 0.279256 0.277868 0.276415 0.388901 0.274556 0.269735
threshold=1877.1359760000003 744.77454200000011 3623.6835940000005 1.0398100000000003 0 28723.500000000004 1 1167.2904705000003 2 1.1500350000000001 3 84.500000000000014 195.08367200000004 4 5 6 7 8 1145.5261150000003 9 29626.500000000004 10 280.50000000000006 1.1988400000000003 11 34.500000000000007 12 36.500000000000007 13 25080.500000000004 14 2.3052800000000002 15 44547.500000000007 16 511.63449500000007 17 1.4513500000000004 40627.500000000007 1.8063900000000002 1517.3595280000002 161.50000000000003 3.5000000000000004 1.9048100000000001 18 42829.500000000007 19 2.0130250000000003 0.9977950000000001 20 2510.3698490000006 21 2.2211650000000005 1680.4708460000004 34381.500000000007 291.50000000000006 1.8181900000000002 2.5000000000000004 22 2875.1543120000006 1.3473700000000002 1.3848450000000001
decision_type=2 2 2 2 9 2 1 2 9 2 9 2 2 9 1 1 9 1 2 9 2 9 2 2 9 2 9 2 9 2 9 2 9 2 9 2 9 2 2 2 2 2 2 2 9 2 9 2 2 9 2 1 2 2 2 2 2 2 9 2 2 2
left_child=1 4 5 7 11 25 16 26 22 10 27 -1 37 -9 19 35 38 -14 -10 20 -7 -11 40 28 60 58 33 -8 -16 30 31 -18 47 -3 54 36 -6 -13 -4 -20 43 -40 45 44 56 -43 53 48 -27 50 -50 52 -34 -42 -17 61 -5 -58 59 -2 -25 -19
right_child=2 3 6 8 15 14 9 13 18 21 -12 12 17 -15 23 34 29 55 39 -21 -22 -23 -24 24 -26 32 -28 -29 -30 -31 -32 -33 51 -35 -36 -37 -38 -39 41 -41 46 42 -44 -45 -46 -47 -48 -49 49 -51 -52 -53 -54 -55 -56 -57 57 -59 -60 -61 -62 -63
leaf_value=-0.0055468936537314828 -0.0016965342419122888 -0.0013954354597172881 0.0019555697294811806 0.00095779695048128278 -0.0015088133275499927 0.0096670487864157044 -0.0052658162661828106 -0.0018004737368892698 -0.0014976445633807654 0.0053537388927091985 0.0021915172397317098 -0.0049522207254054157 -0.0010415708978551133 -0.00047775370654139844 -2.5463969849535165e-05 -0.0010834304900125189 0.00027746540243198803 -0.0029970646289820082 0.0011029318981018602 0.0012207139843340516 0.002711240350225616 0.002763987885960109 0.0038112264588231813 0.0025411227434825527 0.0010645932744650516 4.3216641205843942e-05 -0.0024994501760434683 0.00031967550609766953 0.00095577992130393855 0.0013913663791923509 0.00056831496458726823 -0.010949765891963316 -0.00014430557964113645 0.002762808595591572 -0.001903640336393537 -0.0019884259726034811 -0.004108047895990047 -0.010836756569059457 0.0021568565668309294 -0.00058248192860087722 0.0041910164869204082 0.012241344749054407 0.002056424278345396 -0.00083580981639496679 -0.00023035633368924087 0.0051976627594900919 0.00026090511872480074 0.00036765966873977037 0.0096324643209098008 0.0015740297329470646 0.0029540581267824832 0.00052109856183834343 -0.0027585138189870038 0.00086285783706300297 0.0014811236167244081 -0.0070736707439280899 0.0011168920021825189 0.0073108278239297489 -0.00061815887307838558 -0.0083403886432279247 0.0064582316435858496 -0.0070920088017077821
leaf_weight=374 73 1068 1509 155 249 30 41 1357 1618 259 2292 115 325 2914 2210 300 82 807 322 1536 444 1132 87 171 1471 212 1543 183 2077 2367 559 30 1318 57 936 968 604 33 118 2489 112 31 48 1144 576 33 723 810 44 256 67 1236 210 151 168 50 32 42 457 31 61 42
leaf_count=374 73 1068 1509 155 249 30 41 1357 1618 259 2292 115 325 2914 2210 300 82 807 322 1536 444 1132 87 171 1471 212 1543 183 2077 2367 559 30 1318 57 936 968 604 33 118 2489 112 31 48 1144 576 33 723 810 44 256 67 1236 210 151 168 50 32 42 457 31 61 42
internal_value=-6.30252e-06 -0.00130301 0.00116697 -0.000837667 -0.00264963 0.000652883 0.00191946 -0.0013078 -0.000399728 0.00242822 0.00194069 -0.00367097 -0.00318267 -0.00090367 0.000968498 -0.0020779 0.00150294 -0.00279746 -0.000792527 0.00168803 0.00310553 0.00330801 0.000178058 0.000726811 0.00141738 0.000117171 -0.00195415 -0.000690825 0.000452219 0.00108307 1.12e-05 -0.00257246 0.00029711 -0.00117208 -0.00133705 -0.00265945 -0.00341773 -0.00632824 0.00221645 -0.000389094 6.97076e-05 0.00400811 0.0059222 -0.000303375 0.000453375 0.00874529 0.000806731 0.000972843 0.00183415 0.00286577 0.00519948 -4.60492e-05 -0.000505157 0.00220708 -0.000158252 -0.00343038 0.002086 0.00468297 -0.00121305 -0.00341249 0.00344643 -0.00320775
internal_weight=40759 19361 21398 14390 4971 12714 8684 6939 7451 3907 2516 1746 1372 4271 8000 3225 4777 1224 4429 2010 474 1391 3022 5990 1703 4714 2668 224 4287 3038 671 112 4153 1125 1404 1821 853 148 1739 2811 2935 230 112 1949 805 64 986 1389 579 367 111 2764 1528 263 468 899 229 74 561 104 232 849
internal_count=40759 19361 21398 14390 4971 12714 8684 6939 7451 3907 2516 1746 1372 4271 8000 3225 4777 1224 4429 2010 474 1391 3022 5990 1703 4714 2668 224 4287 3038 671 112 4153 1125 1404 1821 853 148 1739 2811 2935 230 112 1949 805 64 986 1389 579 367 111 2764 1528 263 468 899 229 74 561 104 232 849
cat_boundaries=0 2 3 5 7 9 10 11 13 14 16 18 20 22 24 26 28 30 32 34 36 38 39 41
cat_threshold=114044520 2956120100 1 134636254 3951179984 8396868 262208 17172037 2257271428 4 1 102778439 164300545 4 17826498 2752552966 10752 4285508 1081344 3145810 856342814 765499959 1993487768 3476030942 545783944 67108864 622914689 3817211200 673288448 1141375314 82064 1073750416 131094 2323644560 134218314 536870992 1024 1090782272 1 4227713 2097664
is_linear=0
shrinkage=0.05


Tree=62
num_leaves=63
num_cat=31
split_feature=11 3 3 3 5 0 1 2 0 2 2 1 1 1 6 5 0 1 2 9 5 1 2 1 1 1 2 6 5 2 3 1 2 9 5 5 9 3 9 2 9 1 5 9 0 5 2 9 3 9 2 11 2 9 2 6 1 11 9 9 2 1
split_gain=22.4033 5.25175 3.10539 1.51085 0.942412 0.883462 0.813687 0.773388 0.649239 0.598796 0.562808 0.578521 0.560947 0.538458 0.531562 0.574499 0.51253 0.609548 0.505633 0.494496 0.490681 0.502787 0.512336 0.556333 0.481155 0.477852 0.491696 0.739993 0.4589 0.457673 0.596433 0.439034 0.780587 0.982167 0.542612 0.424469 0.421759 0.395328 0.387493 0.386974 0.503641 0.386006 0.381611 0.379557 0.356723 0.342584 0.357257 0.332476 0.330141 0.329834 0.323865 0.312018 0.310997 0.730836 0.309123 0.416898 0.308048 0.30409 0.295773 0.554101 0.288287 0.345121
threshold=1877.1359760000003 436.45000000000005 1841.8500000000001 141.25000000000003 1.0710950000000004 0 1 2 3 4 5 6 7 8 2.2151950000000005 1.3107700000000002 9 10 11 230.50000000000003 1.0992250000000003 12 13 14 15 16 17 1.9393950000000002 1.1714950000000002 18 313.35000000000008 19 20 136.50000000000003 1.3401550000000002 0.94546500000000011 182.50000000000003 1039.7500000000002 157.50000000000003 21 163.50000000000003 22 1.2169150000000004 154.50000000000003 23 1.0314800000000004 24 250.50000000000003 1145.2500000000002 249.50000000000003 25 1629.8202150000004 26 177.50000000000003 27 1.8219950000000003 28 1771.0298350000003 141.50000000000003 176.50000000000003 29 30
decision_type=2 2 2 2 2 1 9 9 1 9 9 9 9 9 2 2 1 9 9 2 2 9 9 9 9 9 9 2 2 9 2 9 9 2 2 2 2 2 2 9 2 9 2 2 1 2 9 2 2 2 9 2 9 2 9 2 9 2 2 2 9 9
left_child=1 3 5 -1 9 10 39 12 45 13 14 -12 19 49 41 -16 56 29 35 28 21 47 23 37 -20 26 27 -11 -5 -18 38 32 33 -22 36 -10 -35 -23 -31 40 -6 58 60 -37 -27 46 -4 -7 -39 -3 51 -8 53 -44 55 -33 -9 -53 -2 -60 61 -13
right_child=2 4 8 7 6 20 50 16 18 25 11 42 -14 -15 15 -17 17 -19 24 -21 31 22 -24 -25 -26 44 -28 -29 -30 30 -32 54 -34 34 -36 43 -38 48 -40 -41 -42 -43 52 -45 -46 -47 -48 -49 -50 -51 -52 57 -54 -55 -56 -57 -58 -59 59 -61 -62 -63
leaf_value=-0.0046672733529726611 -7.4200670159259074e-05 -0.0011123492520257931 -0.00082838087099636995 -0.0026572534093550833 -0.0019998569754742616 -0.00083653896233607493 0.00088528249813559032 -0.0040072839503749961 0.0009758453791029935 0.010324610881225179 -8.5055622000186442e-05 0.00034114099930197952 -0.0016828732791165767 -0.0018613823323469518 -0.0015883368890751356 -0.0087930000799041601 -0.0013981839780076132 -0.0011675321464772136 0.0021021215653848411 0.0051244729273969792 0.0015102525734247501 0.0087881279854462434 0.00066287273417768014 0.0011427844514948395 0.00090904049465145268 -0.0013117584979134081 5.1885488361972093e-05 0.0012613456848568653 0.0025629377957569282 -0.0097373001600014209 -0.0026005143785095557 -0.0058887310761718027 0.0015740046457696584 0.0093895051447437563 0.013812988707864219 0.001956647462763928 0.002406094245954938 4.0683962959939473e-05 -0.0044165708207098454 -0.00012899150102366327 -6.0221327309168773e-05 0.00026123528157309385 0.0022324194308325301 0.0035336275954704066 -0.00011110707603388545 0.003261363029500414 0.002279095200359378 0.0011361368666641355 0.0047934786757714183 0.00082022159280238779 0.00019586803924823617 0.0060507338298349707 0.001256227552365188 0.0094595569388316522 0.0014530170780320682 0.00029183502862763 -0.0025589176290936478 0.00046771177678751072 -0.0078040964591888379 -0.0014458104868587136 0.00017782608350147536 0.0022149408199458355
leaf_weight=634 186 675 103 95 984 696 275 758 476 32 2046 493 2632 2550 266 30 217 997 1253 53 92 43 1796 401 2774 1446 411 72 74 71 152 30 557 47 33 832 41 51 71 1224 507 1624 176 713 1081 1087 848 307 128 327 2744 68 581 43 1400 227 1173 38 43 158 1308 509
leaf_count=634 186 675 103 95 984 696 275 758 476 32 2046 493 2632 2550 266 30 217 997 1253 53 92 43 1796 401 2774 1446 411 72 74 71 152 30 557 47 33 832 41 51 71 1224 507 1624 176 713 1081 1087 848 307 128 327 2744 68 581 43 1400 227 1173 38 43 158 1308 509
internal_value=-5.94004e-06 -0.00123827 0.00110908 -0.00234147 -0.000623532 0.000639554 -0.000160942 -0.00210644 0.00188189 -0.00103314 0.000278893 0.000568675 -0.00147783 -0.00147345 -0.000369581 -0.00234569 -0.00261565 -0.00193016 0.00162128 0.000917792 0.00109961 0.0007136 0.00110115 0.0023312 0.00128498 -0.000512167 0.000864422 0.00376339 -0.000369859 -0.00332518 -0.00464576 0.00164336 0.00263237 0.00518682 0.00837208 0.00227282 0.00619946 0.00432254 -0.00712642 -0.00079228 -0.00133186 -7.95328e-05 0.000997534 0.00268622 -0.000795245 0.00265408 0.00195726 -0.000229919 0.00344708 -0.000476718 0.000388934 0.0017349 0.00194138 0.00352765 0.00115959 -0.000432882 -0.00316323 0.00407235 -0.00147523 -0.00283794 0.000674278 0.00130672
internal_weight=40759 19361 21398 6927 12434 13312 5840 6293 8086 6594 7463 5156 2854 3552 2307 296 3439 1508 6048 222 5849 3422 2419 623 4027 3042 515 104 169 511 294 2427 770 213 121 2021 88 222 142 2715 1491 2011 3110 1545 2527 2038 951 1003 179 1002 3125 381 800 219 1657 257 1931 106 387 201 2310 1002
internal_count=40759 19361 21398 6927 12434 13312 5840 6293 8086 6594 7463 5156 2854 3552 2307 296 3439 1508 6048 222 5849 3422 2419 623 4027 3042 515 104 169 511 294 2427 770 213 121 2021 88 222 142 2715 1491 2011 3110 1545 2527 2038 951 1003 179 1002 3125 381 800 219 1657 257 1931 106 387 201 2310 1002
cat_boundaries=0 1 3 5 6 8 10 12 14 16 17 19 21 23 25 27 29 31 33 35 37 39 41 43 44 46 48 50 52 54 56 58
cat_threshold=1 377371181 2627440708 941740438 1845538131 4 167134945 2258353033 282273048 235003272 3281441346 1452230798 67109924 671090688 674279812 1134561888 1 1409696425 524512 2117447 164300608 633734697 2650804320 137708609 2751471650 135839814 16795138 73419331 2282295568 33603592 2218796040 805306376 18874368 58732032 285233188 73926282 1582913 1057348 1090544896 1674643082 2536227921 180355201 1053185 1 1048580 266752 134283338 2248163344 1610661889 18874386 17580036 33044 334523904 545804292 151830725 1358962753 207621252 2302713968
is_linear=0
shrinkage=0.05


Tree=63
num_leaves=63
num_cat=22
split_feature=11 11 3 2 3 0 9 3 5 0 2 2 2 2 0 2 9 2 5 0 2 9 2 9 2 5 6 2 5 2 9 8 9 9 6 6 2 11 2 9 5 3 6 6 6 2 8 0 11 9 9 5 2 3 11 6 6 6 5 0 5 3
split_gain=20.3228 4.41754 3.24883 1.0756 0.978623 0.827415 0.703965 0.691651 0.587496 0.572027 0.549335 0.509632 0.470451 0.469477 0.434523 0.462625 0.419398 0.411277 0.920644 0.373924 0.406387 0.661419 0.366539 0.358031 0.374467 0.831873 0.344375 0.343429 0.33092 0.339131 0.584091 0.320684 0.345703 0.631379 0.320452 0.308104 0.585838 0.71645 0.312658 0.311586 0.632356 0.303739 0.299491 0.355381 0.294286 0.287372 0.284512 0.275243 0.270825 0.707832 0.261345 0.468067 0.294829 0.354989 0.26018 0.256412 0.264786 0.246617 0.244136 0.241467 0.285618 0.232781
threshold=1517.3595280000002 2664.0228810000003 313.35000000000008 0 1935.6000000000001 1 42.500000000000007 176.45000000000002 1.2281450000000003 2 3 4 5 6 7 8 71.500000000000014 9 1.3376750000000002 10 11 34.500000000000007 12 135.50000000000003 13 1.3401550000000002 1.9934400000000003 14 0.96122180555555559 15 204.50000000000003 5.5000000000000009 129.50000000000003 67.500000000000014 3.0430500000000005 1.9393950000000002 16 2321.7690540000003 17 187.50000000000003 1.2332500000000002 229.30000000000004 2.2380750000000007 1.8328100000000001 1.7189600000000003 18 4.5000000000000009 19 3531.0573120000004 139.50000000000003 32.500000000000007 0.99630500000000011 20 1499.9500000000003 844.09096600000009 1.6253450000000003 1.6945400000000002 2.1805950000000007 1.4109000000000003 21 0.86035500000000009 2840.0500000000006
decision_type=2 2 2 9 2 1 2 2 2 1 9 9 9 9 1 9 2 9 2 1 9 2 9 2 9 2 2 9 2 9 2 2 2 2 2 2 9 2 9 2 2 2 2 2 2 9 2 1 2 2 2 2 9 2 2 2 2 2 2 1 2 2
left_child=2 6 3 7 14 10 11 34 27 13 54 -2 -7 -8 17 50 -12 18 48 22 21 -21 46 -14 25 -25 -10 61 -19 30 -30 55 33 -33 -1 36 37 39 -37 40 -11 -24 43 -17 -38 -13 -5 -29 -3 -50 51 -16 53 -52 -4 -9 -57 -15 -18 60 -26 -6
right_child=1 4 5 19 8 12 9 31 26 35 16 45 23 57 15 42 58 28 -20 20 -22 -23 41 24 59 -27 -28 47 29 -31 -32 32 -34 -35 -36 38 44 -39 -40 -41 -42 -43 -44 -45 -46 -47 -48 -49 49 -51 52 -53 -54 -55 -56 56 -58 -59 -60 -61 -62 -63
leaf_value=-0.0061394028613114202 0.0012547112962532261 0.00072398577012929401 -0.0029932261242893977 -0.00095605842832706053 0.00093352834186765645 -0.0013585405938471998 0.00063552409897651258 -0.0010624174631007728 0.0040563779875024677 0.010389716380966767 -0.001945659812908979 -0.0023432351118405454 -0.00084758444028352651 -0.00017006777858502852 0.00042525120930488058 0.0055972359299110916 -0.00080550896034731201 6.1615392073212396e-06 -0.0088630917289816407 0.0069030330475310202 -0.0019287709232269354 -0.00061706941956782312 -0.0043039218463260609 0.00094605118753844294 -0.0024142827057414295 0.0096096890539141208 0.0022981971720623068 0.0015385619102636068 0.0015792298388314628 0.00093234601121011586 0.0073587153894211152 -0.0030429440121224616 -0.0030711160806628566 -0.013262960827729153 -0.00089065349223374415 -0.00063263578111386835 0.0034279630672102157 0.010048573014118073 0.00067718138501926214 0.00046809806934409911 0.001655738967117661 -0.0023449660323563038 0.0033666035932609925 0.0015177947595423984 0.00061507730939458841 -0.0007264994937814899 -0.0033059496027936287 0.0024521155313453891 -0.0084928035486882443 0.00033417716961283285 -0.0044667312282330868 -0.0059792070628119339 0.0012437563890820437 0.0013563198245649872 -0.0017476710500410808 -0.0069443473468392934 -0.0029561349432028479 -0.0012631350613186701 0.0034577598773787889 -0.00080235428515331927 0.00064749347910758939 0.0028345157829541925
leaf_weight=364 252 262 543 434 1940 1302 1793 170 360 30 989 371 1439 3383 114 55 2944 881 32 33 786 208 433 264 82 30 1264 1947 172 2276 58 31 74 30 32 551 101 37 2462 95 64 373 341 1228 1063 1117 183 1442 31 78 52 37 1166 51 1879 45 524 608 33 718 927 175
leaf_count=364 252 262 543 434 1940 1302 1793 170 360 30 989 371 1439 3383 114 55 2944 881 32 33 786 208 433 264 82 30 1264 1947 172 2276 58 31 74 30 32 551 101 37 2462 95 64 373 341 1228 1063 1117 183 1442 31 78 52 37 1166 51 1879 45 524 608 33 718 927 175
internal_value=-5.58671e-06 0.000840556 -0.0014787 -0.00275808 0.00144419 -0.00105164 0.000133871 -0.00395177 0.00185411 0.000292642 -0.00142351 -0.000795301 -0.000552611 -3.42737e-05 0.00101642 0.00146127 -0.00105126 0.000658833 -0.000839235 -0.0021132 -0.0013925 0.000419586 -0.00264684 -0.000244403 0.000184075 0.0017987 0.0026902 0.00160697 0.000837281 0.00113269 0.00293515 -0.00319079 -0.00543279 -0.00820203 -0.00571857 0.000722005 0.00133759 0.00361387 0.000437667 0.00249811 0.0045232 -0.00335975 0.00203682 0.0016969 0.000854549 -0.00114383 -0.00163086 0.00192221 -0.000147746 -0.00223063 0.000782241 -0.00117307 0.00102181 -0.00145797 -0.0020197 -0.00277444 -0.00328318 -0.000336022 -0.000757105 -0.000101498 0.000396523 0.00108695
internal_weight=40759 25889 14870 3720 13962 11150 11927 1270 7128 10187 6388 1740 4762 5784 6834 3044 3966 3790 403 2450 1027 241 1423 3460 2021 294 1624 5504 3387 2506 230 874 135 61 396 4403 1390 226 3013 189 94 806 1624 1283 1164 1488 617 3389 371 109 1420 151 1269 103 2422 739 569 3991 2977 1727 1009 2115
internal_count=40759 25889 14870 3720 13962 11150 11927 1270 7128 10187 6388 1740 4762 5784 6834 3044 3966 3790 403 2450 1027 241 1423 3460 2021 294 1624 5504 3387 2506 230 874 135 61 396 4403 1390 226 3013 189 94 806 1624 1283 1164 1488 617 3389 371 109 1420 151 1269 103 2422 739 569 3991 2977 1727 1009 2115
cat_boundaries=0 2 3 4 6 8 10 12 13 15 17 18 20 22 24 26 28 30 32 34 35 37 38
cat_threshold=115224128 2954023460 1 1 1196723813 340345094 167794688 1073742083 1113592393 2762094600 537509957 1965039684 1 1900993542 2049350713 8847624 67109156 1 136319360 67633216 134332848 1109402002 204800 150994960 1406578740 2372669 16793664 8389139 574621250 1610613792 570426690 1074544770 554697920 637600448 1 17039360 1342177280 4
is_linear=0
shrinkage=0.05


Tree=64
num_leaves=63
num_cat=23
split_feature=11 3 3 3 4 4 1 9 9 1 1 1 4 1 1 1 4 9 0 6 1 3 9 3 1 0 6 9 6 11 4 1 3 1 4 1 11 11 8 1 4 9 1 1 4 6 1 4 4 11 4 0 0 4 4 1 11 4 1 6 4 1
split_gain=18.3682 4.34232 2.55246 1.26858 0.96818 0.79721 0.713162 0.71028 0.62223 0.611888 0.610051 0.609936 0.665283 0.592923 0.546148 0.533462 0.523985 0.538745 0.462079 0.457894 0.417219 0.36269 0.361436 0.636583 0.34981 0.345344 0.380457 0.338449 0.326795 0.340464 0.325399 0.294782 0.292808 0.338046 0.275349 0.296094 0.353179 0.593773 0.266808 0.492128 0.537157 0.256049 0.403652 0.243679 0.242475 0.240623 0.374587 0.391935 0.440772 0.487762 0.239474 0.236994 0.23232 0.304415 0.248098 0.231109 0.225672 0.219715 0.282607 0.369341 0.383635 0.21748
threshold=1877.1359760000003 436.45000000000005 1746.5000000000002 128.25000000000003 31907.500000000004 28723.500000000004 0 105.50000000000001 38.500000000000007 1 2 3 32958.500000000007 4 5 6 23946.500000000004 73.500000000000014 7 1.8142050000000003 8 218.80000000000004 157.50000000000003 1633.5500000000002 9 10 2.2870400000000006 152.50000000000003 1.7445400000000002 1215.1089445000002 22113.500000000004 11 813.6500000000002 12 32958.500000000007 13 772.98358000000019 844.09096600000009 1.0000000180025095e-35 14 27647.500000000004 206.50000000000003 15 16 27033.500000000004 2.1133350000000006 17 35330.500000000007 37325.500000000007 2620.0375440000003 26956.500000000004 18 19 29466.500000000004 31821.500000000004 20 1555.3679450000002 24430.500000000004 21 1.9278950000000001 21490.000000000004 22
decision_type=2 2 2 2 2 2 9 2 2 9 9 9 2 9 9 9 2 2 1 2 9 2 2 2 9 1 2 2 2 2 2 9 2 9 2 9 2 2 2 9 2 2 9 9 2 2 9 2 2 2 2 1 1 2 2 9 2 2 9 2 2 9
left_child=1 3 5 50 8 14 18 10 43 -7 -4 19 24 32 22 -6 17 30 -5 -9 44 -18 23 -2 -13 26 61 -11 -17 -30 -8 -23 38 -34 -22 36 -36 -38 39 40 -10 42 -29 -3 -20 46 47 -43 -49 -50 -1 -14 -21 -54 -55 -53 -35 58 -15 60 -60 -16
right_child=2 4 7 6 15 9 16 11 13 27 -12 12 51 57 25 28 21 -19 20 52 34 31 -24 -25 -26 -27 -28 41 29 -31 -32 -33 33 56 35 -37 37 -39 -40 -41 -42 45 -44 -45 -46 -47 -48 48 49 -51 -52 55 53 54 -56 -57 -58 -59 59 -61 -62 -63
leaf_value=-0.006356795679023225 -0.0014993093951834117 -0.0010082753726706987 -0.00057858828305067014 -0.00024764452482461252 -0.00069669692594209558 0.00029368881034933138 -0.0047113630403664408 0.0085675433736469141 -0.00973599122248393 0.00077089752448672921 0.0013332415101621601 0.0019813155684117135 0.0033514444134171081 -0.001503528346004914 -0.00052877365428570088 0.0013152231098593039 -0.0032249804569147314 -0.0029511064383017666 0.0050795436014595911 0.002220868226713859 -0.0023512445282775226 -0.0030661067978198634 -0.0001012288975604019 -0.0082583376059406684 0.00084995189234820731 0.00083706246834020436 -0.0028929002205563656 0.000738008569157234 -0.00080984023150373712 0.00038694115543342283 -0.0099835670548086269 -0.0015550018095516985 0.0017712850258867795 -0.0045851020410918866 -0.0011179839464069954 -0.0020102481710383411 0.0069272058388811456 -0.00047492749146911523 -0.0013533285023590621 -0.0012893217705411267 -0.002484617440742748 0.0015423147190810459 0.003012256886054024 -0.0028249873392234871 -0.00013854198245885404 0.00050020456187605607 0.0010057712011404066 0.010717244859364245 0.00066222750138628973 0.0080698398293431017 -0.0038640832004090912 0.0009862511533086009 0.0022432334403185033 0.0094938768128700127 0.0045552648886106909 0.0024613047518421086 -0.00065799138230818828 5.4779296397150691e-05 0.0050689147525135375 -0.00080085742195989637 -0.000448364591427323 0.00055311039090036882
leaf_weight=140 431 330 491 723 2273 3117 92 41 51 2324 2695 1140 537 635 898 628 611 493 31 324 1213 424 483 37 1845 1601 118 320 815 2186 45 1891 136 39 272 462 41 76 1843 212 52 126 607 569 73 664 565 30 54 37 340 393 116 33 124 1308 436 1813 65 291 60 939
leaf_count=140 431 330 491 723 2273 3117 92 41 51 2324 2695 1140 537 635 898 628 611 493 31 324 1213 424 483 37 1845 1601 118 320 815 2186 45 1891 136 39 272 462 41 76 1843 212 52 126 607 569 73 664 565 30 54 37 340 393 116 33 124 1308 436 1813 65 291 60 939
internal_value=-5.34399e-06 -0.00112119 0.00100428 -0.00212433 -0.000562206 0.000536836 -0.00193911 0.0016423 -0.000981549 0.0008413 0.00104088 0.001969 0.00177799 -0.000786323 6.87784e-06 -9.80128e-05 -0.00241668 -0.00373256 -0.00133808 0.00344573 -0.00170761 -0.00214044 -0.00105043 -0.00205015 0.00129203 0.000291987 -0.000153096 0.0011991 0.00027821 6.17624e-05 -0.0065029 -0.00185292 -0.00130632 -0.000344064 -0.00185836 -0.00117569 -0.000127091 0.00215571 -0.00158454 -0.00292872 -0.00559611 0.00161772 0.00226924 -0.00220257 0.00132429 0.00120728 0.00178414 0.00337669 0.00553534 0.00372909 -0.00460283 0.00243322 0.00313786 0.00421408 0.00564683 0.00214154 -0.000969025 -0.000277761 -0.000853547 0.000171775 0.00243808 2.43741e-05
internal_weight=40759 19361 21398 6927 12434 12351 6447 9047 6532 7844 3186 5861 5223 5633 4507 5902 3556 630 2891 638 2168 2926 951 468 2985 3556 1955 4727 3629 3001 137 2315 2769 611 2064 851 389 117 2158 315 103 2403 927 899 104 1476 812 247 121 91 480 2238 597 273 157 1701 475 2864 1051 416 125 1837
internal_count=40759 19361 21398 6927 12434 12351 6447 9047 6532 7844 3186 5861 5223 5633 4507 5902 3556 630 2891 638 2168 2926 951 468 2985 3556 1955 4727 3629 3001 137 2315 2769 611 2064 851 389 117 2158 315 103 2403 927 899 104 1476 812 247 121 91 480 2238 597 273 157 1701 475 2864 1051 416 125 1837
cat_boundaries=0 2 4 6 8 10 12 14 15 17 19 20 22 24 26 27 29 31 33 34 35 37 39 41
cat_threshold=2844305462 1500720978 3347469134 244674632 3221758976 211943425 526920 33628160 1171397231 2619052690 1884587008 302792720 912135283 210866341 4 4 134219776 2216690694 2363097476 1 270533248 536875044 1099956224 67108864 562036768 1342374224 30412808 7341089 537037443 1217566856 1073763776 272629760 1881179653 4 1 1468399872 2420375936 42112 1082156393 184580748 1627558702
is_linear=0
shrinkage=0.05


Tree=65
num_leaves=63
num_cat=35
split_feature=3 3 2 4 4 0 3 0 2 1 2 3 2 1 3 1 1 2 2 1 2 0 2 7 5 7 1 2 4 0 1 2 2 1 2 8 8 2 1 4 5 1 7 4 5 4 5 2 7 4 1 2 7 2 1 4 4 1 1 2 5 7
split_gain=16.5107 5.12384 1.34391 1.15004 0.93223 0.832287 0.78204 0.697155 0.676662 0.672688 0.851703 0.6284 0.609151 0.671697 0.589037 0.600717 0.582639 0.593059 0.542667 0.538489 0.736895 0.520036 0.658057 0.580825 0.506315 0.499344 0.491837 0.671692 0.48664 0.456672 0.675814 0.436986 0.432 0.471417 0.43156 0.429487 0.428246 0.427076 0.945927 1.33712 0.423322 0.419678 0.412167 0.4117 0.382137 0.361435 0.355342 0.355288 0.33608 0.317601 0.314443 0.714922 1.09347 0.301442 0.288429 0.343137 0.302297 0.288386 0.280873 0.347114 0.388146 0.28068
threshold=1032.2500000000002 421.85000000000008 0 29466.500000000004 26396.500000000004 1 229.30000000000004 2 3 4 5 1689.2 6 7 87.250000000000014 8 9 10 11 12 13 14 15 5.5000000000000009 1.3500900000000002 1.5000000000000002 16 17 12983.500000000002 18 19 20 21 22 23 4.5000000000000009 1.5000000000000002 24 25 27199.500000000004 0.9579850000000002 26 5.5000000000000009 46571.500000000007 1.0880750000000001 29887.500000000004 1.2361400000000002 27 1.5000000000000002 33221.500000000007 28 29 6.5000000000000009 30 31 42629.500000000007 34289.500000000007 32 33 34 1.0057050000000003 5.5000000000000009
decision_type=2 2 9 2 2 1 2 1 9 9 9 2 9 9 2 9 9 9 9 9 9 1 9 2 2 2 9 9 2 1 9 9 9 9 9 2 2 9 9 2 2 9 2 2 2 2 2 9 2 2 9 9 2 9 9 2 2 9 9 9 2 2
left_child=1 2 6 9 8 19 49 12 26 28 -11 34 13 -6 -4 21 17 -9 41 20 24 43 23 -23 25 -5 27 42 -2 30 31 36 54 53 57 -33 -10 38 39 -30 -12 -18 -3 -16 -37 -17 -8 -21 -20 -1 51 52 -36 -34 55 56 -13 -7 59 60 -14 -55
right_child=3 4 14 5 7 11 46 16 29 10 40 32 58 -15 15 45 18 -19 48 47 -22 22 -24 -25 -26 -27 -28 -29 37 -31 -32 35 33 -35 50 44 -38 -39 -40 -41 -42 -43 -44 -45 -46 -47 -48 -49 -50 -51 -52 -53 -54 61 -56 -57 -58 -59 -60 -61 -62 -63
leaf_value=-0.0057547603906254463 -0.0036063535062313291 0.0014768685167502172 -0.0060906246786120617 0.010072322281656158 0.0039710054912470193 -0.0023458549779873769 -0.0030109370466856336 -0.0021052309613730385 -0.012337970982433388 0.00026183525350518573 0.000544940601671442 -0.0022631360460218276 -0.0053571318034440858 0.00073019713510744154 -0.0017199286547913426 -0.0026093278956679437 0.0012043147708441818 -0.00046097557045617104 -0.0021520050510775465 6.9173082522757694e-05 0.0020218764591530243 0.0053805006959295257 -0.00082083001775315088 0.00022664134489213894 0.010830332466593973 0.003697454978946333 -0.00082758383406549723 -2.2528647507552583e-05 -0.0018254608730785549 -0.00081139972574523721 -0.0013497364236421709 -0.0017328766740922056 0.0016136827156755036 0.0013820841112450481 0.0017347885982678846 -0.0074650888374696179 -0.0051186978431257855 0.00050660221759811139 -9.3767590922697112e-05 -0.014225904125299666 0.002140155036089495 -6.7885648428450763e-05 0.007498430583420825 0.0041519868330308993 -0.00116129211099768 -0.0014993517350573656 -0.0010195854591490696 0.0019129668339513415 -0.00046611555466927738 -0.0033699607968175789 0.00076434210523582916 0.00075176801554334817 0.0088159061250321843 0.0024278984937928785 0.0011676093514663315 -0.0047382574658100078 0.0016791765585601811 0.00021785508005072709 0.00036315257023492942 0.00013546391559096841 -0.0010190192075101698 0.0043849121918255046
leaf_weight=342 85 56 72 33 214 109 981 891 30 1835 559 79 77 609 856 1285 880 1450 330 350 881 101 413 118 31 372 1234 382 74 1077 953 274 482 1789 145 74 70 2589 645 30 1633 2382 58 30 36 1723 292 1141 2777 246 1900 414 87 375 1128 43 123 1266 1530 322 154 368
leaf_count=342 85 56 72 33 214 109 981 891 30 1835 559 79 77 609 856 1285 880 1450 330 350 881 101 413 118 31 372 1234 382 74 1077 953 274 482 1789 145 74 70 2589 645 30 1633 2382 58 30 36 1723 292 1141 2777 246 1900 414 87 375 1128 43 123 1266 1530 322 154 368
internal_value=3.67638e-06 -0.000912722 -0.00209975 0.00110531 -0.000429204 0.00142747 -0.00323811 -0.000197458 -0.00106331 0.000624496 0.0010613 0.00117568 0.000473038 0.00161415 -0.00162782 -0.00155909 -0.000421191 -0.00109371 -0.000171879 0.00217173 0.00291543 -0.000730881 0.000359794 0.0025034 0.0046268 0.00424042 -0.000294432 0.00102117 0.000107046 -0.00158461 -0.00217416 -0.00368747 0.00158678 0.00192206 0.000715435 -0.00273263 -0.00671986 0.000202977 -0.000841348 -0.00502533 0.00172591 0.000278214 0.00421271 -0.00151665 -0.00543108 -0.0019677 -0.00255532 0.00148383 -0.00064374 -0.00476445 0.00109865 0.00205263 0.00423489 0.00269132 0.000829907 -0.000708267 0.000133828 -2.38215e-06 1.38125e-05 -0.000940948 -0.00237936 0.00335666
internal_weight=40885 22319 6459 18566 15860 11116 1861 11616 4244 7450 4027 8308 2906 823 4598 4526 8710 2341 6369 2808 1317 1518 632 219 436 405 1730 496 3423 2514 1437 484 4387 3014 3921 384 100 3338 749 104 2192 3262 114 886 110 3008 1273 1491 3107 588 2546 646 232 1225 1373 245 202 1375 2083 553 231 743
internal_count=40885 22319 6459 18566 15860 11116 1861 11616 4244 7450 4027 8308 2906 823 4598 4526 8710 2341 6369 2808 1317 1518 632 219 436 405 1730 496 3423 2514 1437 484 4387 3014 3921 384 100 3338 749 104 2192 3262 114 886 110 3008 1273 1491 3107 588 2546 646 232 1225 1373 245 202 1375 2083 553 231 743
cat_boundaries=0 2 3 4 6 8 10 12 14 16 18 20 22 24 26 27 29 31 33 34 36 38 40 42 44 46 48 50 52 54 56 58 60 62 64 66
cat_threshold=1189875265 2517880844 4 4 1611309906 1193852028 1498838157 2099921648 2027343934 2407693354 1476542608 2216691987 1090691076 1275069952 2818840820 1476422230 114169377 102140932 1212608193 2156300504 964811150 1755473148 265816296 281920532 537922054 604041494 1 134353280 8913872 1652704280 537728 131648 16778240 1 318786561 2835968064 67108992 402801152 1368826008 2450792879 2146989 550203520 322991656 1292130249 139829888 1342522896 1078214664 16777216 1627441152 2147508233 1140867093 470024488 272640642 2687566115 134480005 3145776 708843590 1281885200 1619001376 12587008 33554432 135268608 260083777 2719548704 13636608 1082679424
is_linear=0
shrinkage=0.05


Tree=66
num_leaves=63
num_cat=32
split_feature=3 3 3 1 1 4 5 0 2 0 1 2 1 2 1 3 4 2 1 6 2 2 1 5 2 5 1 3 3 1 2 2 1 9 4 2 9 4 2 1 9 2 10 9 9 1 9 2 5 5 4 4 1 3 3 9 9 0 1 1 2 9
split_gain=14.9191 4.23615 2.05499 0.944353 0.80005 0.778882 0.685852 0.657622 0.557772 0.549756 0.480426 0.679128 0.469413 0.495069 0.632116 0.473664 0.453888 0.465113 0.55222 0.47548 0.449346 0.441207 0.64511 0.482911 0.440079 0.432262 0.428314 0.658749 0.428166 0.421589 0.561844 0.497466 0.419967 0.408739 0.400457 0.397829 0.385924 0.384554 0.371912 0.472744 0.371273 0.364075 0.52947 0.472102 0.353616 0.436057 0.396651 0.347499 0.342418 0.338501 0.771727 0.653243 0.407023 0.452379 0.335451 0.532513 0.333905 0.332885 0.466543 0.364139 0.363987 0.806721
threshold=644.75000000000011 1253.5500000000002 239.05000000000004 0 1 29466.500000000004 1.1988400000000003 2 3 4 5 6 7 8 9 859.55000000000007 26785.500000000004 10 11 1.9447200000000002 12 13 14 1.1836400000000002 15 1.0710950000000004 16 1760.3500000000001 375.45000000000005 17 18 19 20 291.50000000000006 37224.500000000007 21 168.50000000000003 28895.500000000004 22 23 131.50000000000003 24 1.0000000180025095e-35 129.50000000000003 167.50000000000003 25 224.50000000000003 26 1.3107700000000002 0.9224150000000001 25080.500000000004 28186.000000000004 27 1872.6500000000003 2688.4500000000003 204.50000000000003 150.50000000000003 28 29 30 31 71.500000000000014
decision_type=2 2 2 9 9 2 2 1 9 1 9 9 9 9 9 2 2 9 9 2 9 9 9 2 9 2 9 2 2 9 9 9 9 2 2 9 2 2 9 9 2 9 2 2 2 9 2 9 2 2 2 2 9 2 2 2 2 1 9 9 9 2
left_child=2 6 3 34 8 10 16 36 28 20 38 -12 13 14 15 -8 17 18 19 -2 26 22 -18 -24 40 -9 27 -7 33 31 44 -11 -19 41 -1 37 -6 -27 39 49 -14 42 -4 -44 -31 -46 54 56 -38 50 -3 52 -51 -54 55 -47 -5 58 60 -59 61 -23
right_child=1 5 4 47 7 9 12 25 -10 29 11 -13 24 -15 -16 -17 21 32 -20 -21 -22 57 23 -25 -26 35 -28 -29 -30 30 -32 -33 -34 -35 -36 -37 48 -39 -40 -41 -42 -43 43 -45 45 46 -48 -49 -50 51 -52 -53 53 -55 -56 -57 -58 59 -60 -61 -62 -63
leaf_value=-0.0052742157494717057 0.0061884008665744712 -0.010107631207698876 -0.0032186909270239998 0.00089948935736970941 -0.00056984320703732749 0.0098276992131644172 -0.0089234425844624647 -0.0015160647963786786 -0.0010117194801575317 -0.0013665229072634534 0.00028026992895108612 0.0017922504458680365 0.00039135157235900157 0.00028487583514911406 -1.0700497171986913e-05 -0.0021470062287075316 0.00030091400031815761 -0.0021467006276537546 -0.00052566285277099616 0.00096417665142179169 0.0015740922063141429 0.0099469426828268058 -0.00085623513049498743 -0.0049248656675780177 0.00054349468787638741 -0.0012683188523051623 0.0023561331777471103 0.0036494100853740868 -0.0017138866796656629 0.0017867091578244237 0.001227562494096294 0.00099281109718722367 -0.00059563469003205726 -0.0082722582065577407 -0.0022691454249709479 -0.00077060883006297971 0.00068774148153810785 0.0030484950482583574 0.00065444879873808931 0.00052685703602448574 0.0027935517474656133 -0.0020108405244493896 -0.012952756637241693 -0.0042345861613284795 0.0015054670626980355 0.0057121174589228191 0.0033334500498996369 -0.0025653449302653064 0.0045424567616009883 0.0019343884932408275 0.0003182510708159368 -0.0079622222178841184 -0.0049248701151243524 0.00061532590165734287 0.0025129108562726866 0.013844500367849833 -0.0021526733272543169 0.0021078947684489459 -0.00050112938511105167 0.00043075433144184461 0.00047615751180193997 0.00096915361356999109
leaf_weight=480 60 36 164 168 804 58 49 2417 1986 244 1235 1911 237 1241 162 55 1809 717 652 154 1281 37 1844 75 1792 80 669 170 1708 681 3164 1930 1160 36 147 1809 584 142 1910 396 502 533 31 33 211 62 180 1107 63 103 34 31 72 74 32 31 190 465 1381 1069 353 74
leaf_count=480 60 36 164 168 804 58 49 2417 1986 244 1235 1911 237 1241 162 55 1809 717 652 154 1281 37 1844 75 1792 80 669 170 1708 681 3164 1930 1160 36 147 1809 584 142 1910 396 502 533 31 33 211 62 180 1107 63 103 34 31 72 74 32 31 190 465 1381 1069 353 74
internal_value=3.58365e-06 0.00063675 -0.00143713 -0.00286667 -0.00114905 0.00123401 1.24832e-05 -0.000761562 -0.00165237 0.00153291 0.000784951 0.00120175 0.000561185 -0.000139388 -0.00205146 -0.00492526 -0.000212491 -0.000758696 0.00020345 0.00234195 0.0022211 -1.60213e-06 -0.000376138 -0.00101246 0.000974909 -0.00106432 0.00309037 0.00503717 -0.00215364 0.00130325 0.00158724 0.000722464 -0.00119719 -0.0031197 -0.00450271 -0.000526234 0.000161379 0.00143005 0.000285394 -0.000655284 0.00199773 -0.00286541 -0.00455878 -0.00859176 0.00251814 0.00352685 0.00471256 -0.0021187 0.00106952 -0.00196809 -0.00511047 -0.00123714 -0.000371383 -0.00199596 0.00703027 0.00854136 -0.000702295 0.000411502 -3.98594e-05 0.000956725 0.00131367 0.00369402
internal_weight=40885 28403 12482 2092 10390 14515 13888 5899 4491 8713 5802 3146 4038 1507 266 104 9850 2743 866 214 2178 7107 3728 1919 2531 4448 897 228 2505 6535 4361 2174 1877 797 627 2031 1451 222 2656 746 739 761 228 64 1197 516 305 1465 647 350 70 280 249 146 125 93 358 3379 1845 1534 464 111
internal_count=40885 28403 12482 2092 10390 14515 13888 5899 4491 8713 5802 3146 4038 1507 266 104 9850 2743 866 214 2178 7107 3728 1919 2531 4448 897 228 2505 6535 4361 2174 1877 797 627 2031 1451 222 2656 746 739 761 228 64 1197 516 305 1465 647 350 70 280 249 146 125 93 358 3379 1845 1534 464 111
cat_boundaries=0 2 4 5 7 8 10 12 14 16 18 20 22 24 26 28 30 32 34 36 38 40 42 44 46 48 50 52 54 55 57 59 61
cat_threshold=114306112 76071052 2545685089 2753287396 4 1660553773 2501890084 4 1364616364 2099921649 1524061340 2341628970 349984833 2391049986 1095008256 16844880 4724736 134218240 134284290 388697429 1149255816 528387 611346954 608268550 73041131 2648659352 1078473026 3316342391 542224385 85999954 235405504 268730372 4220919953 1452542394 70058560 80183824 1140851712 1074004224 1170229249 304836608 142606336 2281701456 688423426 1359253632 1075070124 270549008 575277056 200704 577568 151213124 1278368 10485952 1073758220 2113536 1 1937768448 564142344 22069900 1409286912 168052740 1073741824
is_linear=0
shrinkage=0.05


Tree=67
num_leaves=63
num_cat=32
split_feature=3 3 2 3 4 9 3 2 1 4 1 2 6 3 1 2 6 2 1 4 5 2 1 2 2 5 4 0 2 1 1 1 2 1 2 4 0 4 0 1 2 4 1 9 5 0 2 1 9 6 5 2 5 7 1 4 3 9 1 8 5 6
split_gain=13.562 4.21721 1.14081 0.962686 0.805749 0.676913 0.615295 0.606579 0.598014 0.597918 0.590181 0.691524 0.983236 0.587543 0.514229 0.512308 0.496791 0.495814 0.491581 0.483858 0.483662 0.579318 0.614314 0.481608 0.470238 0.467853 0.525412 0.499513 0.444982 0.533907 0.437962 0.431938 0.727276 0.424877 0.435277 0.798369 0.406122 0.367187 0.366971 0.445183 0.548682 0.747369 0.381579 0.816919 0.375491 0.366329 0.360807 0.34569 0.3237 0.369286 0.319876 0.312821 0.303754 0.302298 0.296331 0.295261 0.29019 0.436345 0.289234 0.348367 0.84356 0.452488
threshold=1032.2500000000002 421.85000000000008 0 1992.9500000000003 26396.500000000004 62.500000000000007 87.250000000000014 1 2 28723.500000000004 3 4 1.9471700000000001 229.30000000000004 5 6 2.1776650000000006 7 8 29887.500000000004 1.0314800000000004 9 10 11 12 1.3848450000000001 46986.500000000007 13 14 15 16 17 18 19 20 25299.000000000004 21 27199.500000000004 22 23 24 33038.500000000007 25 28.500000000000004 1.0232550000000002 26 27 28 119.50000000000001 2.4159700000000002 1.2361400000000002 29 1.0527840298507465 1.5000000000000002 30 12983.500000000002 1405.9000000000003 253.50000000000003 31 1.5000000000000002 0.9748300000000002 2.1698150000000003
decision_type=2 2 9 2 2 2 2 9 9 2 9 9 2 2 9 9 2 9 9 2 2 9 9 9 9 2 2 1 9 9 9 9 9 9 9 2 1 2 1 9 9 2 9 2 2 1 9 9 2 2 2 9 2 2 9 2 2 2 9 2 2 2
left_child=1 2 13 9 7 18 -4 10 17 31 11 12 -3 48 25 -10 -14 -7 23 -16 30 -22 -23 -6 36 26 27 37 29 -11 -5 55 58 34 35 -9 -20 -8 39 40 41 -30 43 -40 -44 -24 53 -21 49 -1 -15 -49 -29 -34 -48 -2 -45 -58 -33 60 -60 -62
right_child=3 4 6 20 5 8 14 33 15 28 -12 -13 16 50 19 -17 -18 -19 24 47 21 22 45 -25 -26 -27 -28 52 38 -31 -32 32 46 -35 -36 -37 -38 -39 42 -41 -42 -43 44 56 -46 -47 54 51 -50 -51 -52 -53 -54 -55 -56 -57 57 -59 59 -61 61 -63
leaf_value=-0.0088465659964842621 -0.0037807235436048362 0.012146341484705253 -0.0053786693229048981 -0.00010417100376767228 0.0019679621485878978 0.0010215257911078343 0.0042799906270588771 -0.0030308777454465695 0.00027422851453983305 -0.00043494759226292575 -0.00068770257993649813 2.1783069361594371e-05 -0.0016128464209370663 -0.0028533521327917376 -0.0023719969774544853 -0.00068910754003096049 0.0067024306987502405 -0.00017798006834732514 -0.0088622739245800084 -0.001987791067914258 0.00037042348121160197 0.00043139434698252343 0.0019382745230751728 -0.00065156716862956651 -0.0011169671896866585 0.0054457225312172812 0.0055992400006454612 -0.0024792304302090578 0.013386718787175293 0.00099196346505043219 0.0013471547546756828 0.00070228252111750628 -0.0054087647100531239 -0.000798832396882743 -0.0016191092791961411 -0.011596790002477065 -0.0028891690034255953 -7.0610227840541698e-05 0.0095110197274668809 0.0014051401180409104 0.0019516550789032271 0.0043439835538501273 0.00013972848351620382 0.00037247770671943939 0.0012908458548792591 0.0031463140003918561 0.0018257973441601887 0.00076220695290195838 -0.0033594101645360967 -0.0044148018474467815 -0.00089865652472574534 -0.0010892307238130614 -0.00043504494248399936 -0.00069796887764387943 0.00016828874382378173 -0.00016084961611732357 0.0018627071160454104 0.0069399354670236311 -0.00036657601656770573 0.0021731416206357034 0.0050949059919420088 0.013364450192649761
leaf_weight=71 57 34 99 681 208 2088 67 192 2322 976 1170 221 42 902 1527 3380 30 1462 33 830 559 460 1448 873 1060 32 32 366 32 1966 2253 225 37 1416 1108 31 190 169 36 870 227 80 1194 206 1742 1119 349 291 320 150 274 968 361 333 1105 1965 217 52 39 268 40 30
leaf_count=71 57 34 99 681 208 2088 67 192 2322 976 1170 221 42 902 1527 3380 30 1462 33 830 559 460 1448 873 1060 32 32 366 32 1966 2253 225 37 1416 1108 31 190 169 36 870 227 80 1194 206 1742 1119 349 291 320 150 274 968 361 333 1105 1965 217 52 39 268 40 30
internal_value=3.46447e-06 -0.00082708 -0.00190398 0.00100189 -0.000388421 -0.00017297 -0.00149254 -0.000977939 1.99967e-05 0.000736902 -0.000161524 0.00168224 0.00481662 -0.00301254 -0.00141175 -0.00029704 0.0018962 0.000528508 -0.000927874 -0.00169074 0.00149128 0.00188089 0.00215129 -0.000132785 -0.00158379 -0.000408328 -0.000605977 -0.000817768 0.00100641 0.000518733 0.00101461 0.000276415 0.000724367 -0.00141689 -0.00206247 -0.00408571 -0.00364593 0.00117737 0.00131045 0.00206285 0.00359462 0.00645223 0.00104983 0.0023044 0.000820129 0.00245633 0.000221495 -0.00119995 -0.00439476 -0.00587202 -0.00239907 -0.000658402 -0.00146616 -0.00115132 0.000576858 -0.00026341 0.00178779 0.00286625 0.0022167 0.003075 0.00553206 0.00877731
internal_weight=40885 22319 6459 18566 15860 11616 4742 4244 9252 12046 1497 327 106 1717 4643 5702 72 3550 2364 3616 6520 3586 3027 1081 1283 1027 995 963 7598 2942 2934 4448 2426 2747 1331 223 223 236 4656 1209 339 112 3447 511 2936 2567 1824 2089 541 221 1176 1259 727 370 1454 2022 475 269 602 377 109 70
internal_count=40885 22319 6459 18566 15860 11616 4742 4244 9252 12046 1497 327 106 1717 4643 5702 72 3550 2364 3616 6520 3586 3027 1081 1283 1027 995 963 7598 2942 2934 4448 2426 2747 1331 223 223 236 4656 1209 339 112 3447 511 2936 2567 1824 2089 541 221 1176 1259 727 370 1454 2022 475 269 602 377 109 70
cat_boundaries=0 2 4 6 8 10 12 14 16 18 20 22 24 26 27 29 31 33 35 37 39 41 42 43 45 47 49 50 52 54 56 58 60
cat_threshold=1189875265 2517864460 537436754 1193852028 1610653836 3370152792 1619149840 536704 576 83887104 2818840756 1207978512 897667220 3357566884 1524031896 2753700699 1224886684 597966264 22044672 134479873 8660224 2484085121 704710920 1090523138 172244992 2214592650 4 1468146713 3700524525 3267379213 202937318 551288840 208011648 1633040589 4029203192 16788672 1342472529 1427131401 2894819393 285343872 268451840 2 4 198181056 268969216 582 16785424 4227584 2690712066 1 5406728 218112 309985288 662705192 134246400 352 134251538 68158464 136348706 68225024
is_linear=0
shrinkage=0.05


Tree=68
num_leaves=63
num_cat=29
split_feature=3 11 3 2 1 7 4 5 11 9 2 1 2 1 2 1 2 2 3 1 4 2 5 1 11 2 1 5 2 4 5 1 2 9 4 2 2 1 9 2 9 5 8 2 1 4 2 9 4 4 2 3 1 5 1 9 4 5 9 11 9 1
split_gain=12.3104 3.49984 1.70413 0.790218 0.712352 0.655255 0.652031 0.651822 0.58307 0.536674 0.541204 0.527201 0.519758 0.518798 0.507888 0.496543 0.675798 0.632283 0.811609 0.489552 0.478039 0.514786 0.506175 0.47769 0.495164 0.477357 0.453546 0.811152 0.448702 0.428911 0.414077 0.41209 0.407601 0.596419 0.399627 0.399126 0.377011 0.515905 0.376895 0.37578 0.426086 1.05908 0.39988 0.367885 0.50872 0.833068 0.531789 0.680376 0.718954 0.357083 0.418929 0.348801 0.342847 0.335149 0.331286 0.432929 0.351733 0.429216 0.38712 0.308924 0.549752 0.303415
threshold=644.75000000000011 2491.5576895000008 247.65000000000001 0 1 2.5000000000000004 33130.500000000007 1.1020050000000003 5054.6436320000012 266.50000000000006 2 3 4 5 6 7 8 9 1125.7500000000002 10 30233.500000000004 11 1.3932500000000003 12 1517.3595280000002 13 14 0.90595500000000018 15 21816.500000000004 0.95265500000000014 16 17 81.500000000000014 33375.500000000007 18 19 20 276.50000000000006 21 161.50000000000003 1.2602950000000004 4.5000000000000009 22 23 46986.500000000007 24 148.50000000000003 35669.500000000007 28367.500000000004 25 1106.6500000000003 26 1.2787050000000002 27 119.50000000000001 37019.500000000007 1.0908550000000001 40.500000000000007 4447.2661710000002 95.500000000000014 28
decision_type=2 2 2 9 9 2 2 2 2 2 9 9 9 9 9 9 9 9 2 9 2 9 2 9 2 9 9 2 9 2 2 9 9 2 2 9 9 9 2 9 2 2 2 9 9 2 9 2 2 2 9 2 9 2 9 2 2 2 2 2 2 9
left_child=2 7 3 54 28 35 12 9 25 15 29 14 19 49 23 16 -2 18 -17 39 21 26 52 24 -9 -8 27 -7 53 -11 -5 38 33 -32 -10 -6 37 -13 59 40 -3 42 -42 -22 45 46 47 48 -45 -14 -51 -39 -23 -4 55 56 57 58 -1 -27 -61 -12
right_child=1 6 4 30 5 20 8 11 34 10 61 36 13 -15 -16 17 -18 -19 -20 -21 43 22 -24 -25 -26 31 -28 -29 -30 -31 32 -33 -34 -35 -36 -37 -38 51 -40 -41 41 -43 -44 44 -46 -47 -48 -49 -50 50 -52 -53 -54 -55 -56 -57 -58 -59 -60 60 -62 -63
leaf_value=-0.0093105446248639215 -0.0028744629289225903 -0.00023731686938766852 -0.0038102770442492331 -0.0032508144920750451 0.00022232892629982706 -0.009907410743505542 0.0020437309995104957 -0.0082172172592965033 0.0081833886619161588 -0.0069082474660878204 0.0030611672329541764 -1.1490197065873035e-05 0.0012950432836326754 0.00077253907467499789 0.00025652833219245123 0.0010452911986993765 -0.00068896736421788303 -0.00040502949170120075 0.0094099911961576816 0.00070033095199309057 -0.00081470743144448064 0.0020311486496086282 0.0056508042348000212 -0.00032884161967595174 -0.0022008790557125134 0.00070825064366696706 -0.0012756563184501916 -0.002541072121282227 -0.0013111313866707806 -0.00085858613461966713 0.0074639885172561454 0.0011980379990764547 -0.0016455594635540077 -0.00052867842556320521 0.002398289257464139 -0.00202946738438449 0.00052489903964355678 0.0023064230244603835 -0.0040056500161634919 0.00015532917757727659 0.00017204495710494794 -0.011071224716081482 -0.0055824641217689288 0.012277054140919492 -0.00033232241523432123 0.0093588924390308921 -0.00020382392344840485 0.0010584680881861243 0.0019995281967567281 0.0040384781514596849 0.0013592777378247636 0.0060858186269955091 -0.00080366980503756257 -0.00061091022229681972 -0.0027034922025149619 -0.003585152356940742 -0.0021755493209639101 -0.012223741902659338 -0.0027026608837490054 -0.0077500124496509672 0.00027241470583248888 0.00061218980800120107
leaf_weight=45 404 185 461 365 232 42 1465 42 30 33 133 241 1100 3498 1734 457 2598 2473 30 2617 1777 105 32 387 174 479 1183 298 858 215 30 3347 929 94 980 1489 2537 346 58 606 96 37 43 33 1556 30 381 146 35 322 327 74 1476 100 461 204 31 44 45 31 64 1240
leaf_count=45 404 185 461 365 232 42 1465 42 30 33 133 241 1100 3498 1734 457 2598 2473 30 2617 1777 105 32 387 174 479 1183 298 858 215 30 3347 929 94 980 1489 2537 346 58 606 96 37 43 33 1556 30 381 146 35 322 327 74 1476 100 461 204 31 44 45 31 64 1240
internal_value=3.37801e-06 0.000578531 -0.00130533 -0.0025517 -0.00103134 -0.000860446 0.00109268 -2.05926e-05 0.00147472 -0.000321695 0.000484786 0.000391904 0.000813344 0.00112988 -0.000179613 -0.000541013 -0.000992505 -7.93134e-05 0.00154709 0.000345625 -0.000648925 -0.00110995 -0.000475965 -0.00141592 -0.00325328 0.00126959 -0.00176593 -0.00337835 -0.00207093 -0.00162292 -0.00178829 0.000976528 -0.0012957 0.00134192 0.00257805 -0.00173645 0.000807514 0.00186588 -0.000196993 -0.0006114 -0.00186502 -0.00367032 -0.00163529 -0.000283461 0.000152589 0.00134469 0.000948152 0.00286666 0.0070928 0.00183528 0.00277577 0.00291593 -0.000606475 -0.0031854 -0.00378513 -0.00501908 -0.00706201 -0.00816797 -0.00607261 0.000190725 -0.00239889 0.000871862
internal_weight=40885 28403 12482 2248 10234 8815 15285 13118 6454 7583 1621 5535 8831 5247 2337 5962 3002 2960 487 3584 7094 3136 1613 603 216 5444 1523 340 1419 248 1418 3979 1053 124 1010 1721 3198 661 632 967 361 176 139 3958 2181 625 595 214 68 1749 649 420 1581 561 830 369 165 134 90 574 95 1373
internal_count=40885 28403 12482 2248 10234 8815 15285 13118 6454 7583 1621 5535 8831 5247 2337 5962 3002 2960 487 3584 7094 3136 1613 603 216 5444 1523 340 1419 248 1418 3979 1053 124 1010 1721 3198 661 632 967 361 176 139 3958 2181 625 595 214 68 1749 649 420 1581 561 830 369 165 134 90 574 95 1373
cat_boundaries=0 2 4 6 8 10 12 14 16 18 20 22 24 26 28 30 32 34 35 37 39 41 43 45 47 49 51 53 55 57
cat_threshold=1474563136 2517162501 77595137 605130912 1073741832 142626944 360585417 2799534215 2043598105 1519690922 2166915610 550068356 1170259969 16844880 98448497 2022302113 268452928 2752118792 1879064576 3827302400 2686076045 203964546 722652297 3155254144 4724736 2684354689 694960448 1073899122 1091571752 147456 55709701 537890816 2151948800 1082268576 135331968 34603160 48 4239431 18874442 1216364800 134361608 289800192 1074036736 1467264874 117625378 1627418660 3230146564 142626945 2281701776 70255328 84037652 536873984 16384 106177536 75546756 16512 131
is_linear=0
shrinkage=0.05


Tree=69
num_leaves=63
num_cat=18
split_feature=11 3 2 3 0 5 3 2 5 9 2 2 0 3 4 2 2 2 2 5 2 5 4 4 11 3 2 4 2 9 9 9 2 4 5 3 5 2 4 11 4 5 11 4 3 4 7 5 9 2 11 9 4 5 11 11 2 4 0 4 6 5
split_gain=11.1333 3.33921 0.973857 0.954912 0.879512 0.549915 0.549619 0.538098 0.534576 0.476016 0.58996 0.462598 0.460409 0.441645 0.434803 0.491156 0.437496 0.406285 0.399508 0.374128 0.372541 0.317351 0.315108 0.302118 0.334415 0.456017 0.291245 0.277383 0.389974 0.355148 0.273765 0.261762 0.292121 0.461657 0.260709 0.260305 0.242541 0.335231 0.241307 0.271755 0.297517 0.240637 0.239874 0.26979 0.235291 0.235021 0.233775 0.226738 0.235421 0.225586 0.425494 0.377909 0.223599 0.316146 0.220589 0.220039 0.215488 0.301744 0.292634 0.415462 0.211583 0.210197
threshold=2059.8218050000009 421.85000000000008 0 1601.8500000000001 1 0.94546500000000011 176.45000000000002 2 1.0732250000000001 265.50000000000006 3 4 5 87.250000000000014 34381.500000000007 6 7 8 9 0.79504500000000011 10 1.2632300000000003 21331.000000000004 32081.500000000004 412.82351550000004 208.35000000000005 11 32867.500000000007 12 131.50000000000003 154.50000000000003 46.500000000000007 13 44547.500000000007 0.92634500000000009 759.1500000000002 1.015595 14 25498.500000000004 3408.2845335000006 26206.500000000004 1.3473700000000002 1145.5261150000003 43243.000000000007 2006.7500000000002 39655.000000000007 8.5000000000000018 0.86534500000000014 265.50000000000006 15 2235.0708075000002 119.50000000000001 22715.500000000004 0.99303500000000011 4988.5522200000005 3343.6869775000009 16 28186.000000000004 17 23096.500000000004 2.1107950000000004 0.94720500000000019
decision_type=2 2 9 2 1 2 2 9 2 2 9 9 1 2 2 9 9 9 9 2 9 2 2 2 2 2 9 2 9 2 2 2 9 2 2 2 2 9 2 2 2 2 2 2 2 2 2 2 2 9 2 2 2 2 2 2 9 2 1 2 2 2
left_child=1 2 6 14 11 17 -1 30 9 10 42 47 13 -4 16 41 22 54 -14 -15 -11 23 -2 24 25 -8 35 -13 29 -29 44 -21 33 61 -18 -10 37 -17 -32 -40 -41 55 43 -6 -7 -9 -20 48 -3 50 51 -24 53 -22 -5 -16 57 58 -26 -60 -53 -33
right_child=3 4 12 5 8 7 21 45 26 20 -12 27 18 19 15 36 34 -19 46 31 52 -23 49 -25 56 -27 -28 28 -30 -31 38 32 -34 -35 -36 -37 -38 -39 39 40 -42 -43 -44 -45 -46 -47 -48 -49 -50 -51 -52 60 -54 -55 -56 -57 -58 -59 59 -61 -62 -63
leaf_value=-0.0044739310561016992 -0.0013942233462587593 -0.0011156253718271308 -0.0063257935827445745 -0.00039381740668681034 -0.0018275136590947508 0.00072024135000392151 -0.0026774271108609225 0.00092882663281525126 -0.00022321827158975445 0.0013045812053462827 -0.0016584739613060577 0.00024837526635408701 -0.001695111901469127 -0.0069609318881041623 0.0014821343087581831 -0.0018329402718766442 -0.00031475921393285636 0.0008516543625179991 0.00013970917206171827 -0.0028321583479344833 -0.0010816695740465327 -0.00078722682754044494 0.000278410049471662 -0.0017886709967280109 -0.0024324639737772357 -0.011168152892365002 -0.00053590939055230425 0.00082940144046801082 0.00057345290224393387 0.0040091891033838369 0.0012397836265514474 -0.0027092821614246535 -0.0018259905302501227 0.0049342432159594158 0.00092692333407770231 0.00088699159172310471 0.00094528605820516545 0.00041629772072074701 0.0057501077006648603 0.0074416941632666897 0.0024386430890710707 0.0045102480335164081 -0.00027421643194657137 0.0029282888881425606 0.0019493080626178235 0.001877743621180934 -0.0015715145560928918 -0.00025006985170114001 -0.0061448511627531848 0.00023819591432251466 -0.00011422915363790912 -0.0086156232770205152 -0.00027313595542496205 -0.0066120678665945037 -0.0038430794977242703 0.005706197894869547 -0.0021142584535661568 -0.0020996396229747915 -0.0033099817042868285 -0.010348409475568175 -0.0028269662014809589 -0.00048550867533804655
leaf_weight=353 473 81 51 430 460 611 34 4331 1308 348 2548 1360 690 32 968 209 528 2067 1005 365 110 289 36 589 41 30 2952 150 655 213 310 127 1356 35 2111 884 1249 661 74 30 916 77 1778 31 1081 769 248 1231 32 1973 296 36 904 33 51 31 413 81 36 54 30 630
leaf_count=353 473 81 51 430 460 611 34 4331 1308 348 2548 1360 690 32 968 209 528 2067 1005 365 110 289 36 589 41 30 2952 150 655 213 310 127 1356 35 2111 884 1249 661 74 30 916 77 1778 31 1081 769 248 1231 32 1973 296 36 904 33 51 31 413 81 36 54 30 630
internal_value=3.19593e-06 -0.000778822 -0.00172997 0.000873685 -0.000371288 0.00119046 -0.00267722 0.00139151 -0.000589898 -0.000902038 -0.00113754 0.00029568 -0.00131998 -0.00175851 0.000484103 0.000947653 0.000213865 0.000549299 -0.000740243 -0.00166454 -8.86239e-05 -0.00228696 -0.000216574 -0.00262521 -0.00333672 -0.00676804 -0.000212848 0.000712919 0.00133967 0.00262889 0.00192341 -0.00159436 -0.0013828 -0.000592169 0.000675907 0.000223693 0.000496767 -0.000141785 0.00246714 0.00283858 0.00260499 0.00181287 -0.000542373 -0.00152191 0.00150617 0.00107015 -0.000198386 -0.000444537 -0.00258124 1.7935e-05 -0.00105144 -0.00384576 -0.000559606 -0.00239497 -0.00075117 0.00161879 -0.0029751 -0.00433169 -0.0060136 -0.00760035 -0.00606588 -0.000861668
internal_weight=40885 21537 6459 19348 15078 10670 1920 8122 11356 6212 4817 3722 4539 2596 8678 3195 5483 2548 1943 2545 1395 1567 2844 1278 689 64 5144 2378 1018 363 3022 2513 2148 792 2639 2192 2119 870 1330 1020 946 1076 2269 491 1692 5100 1253 1344 113 2371 398 102 1047 143 481 999 625 212 131 90 66 757
internal_count=40885 21537 6459 19348 15078 10670 1920 8122 11356 6212 4817 3722 4539 2596 8678 3195 5483 2548 1943 2545 1395 1567 2844 1278 689 64 5144 2378 1018 363 3022 2513 2148 792 2639 2192 2119 870 1330 1020 946 1076 2269 491 1692 5100 1253 1344 113 2371 398 102 1047 143 481 999 625 212 131 90 66 757
cat_boundaries=0 2 3 5 7 9 10 12 14 16 18 20 22 24 26 28 30 32 33
cat_threshold=1190006337 2517866508 4 606612043 3295355474 1627763098 1945154804 665916651 723255328 1 1762920532 537997618 2136248605 882111014 684196048 269746480 805388314 696254977 80873472 17435656 671209566 3467772900 1212153876 2099987 134299796 538976593 1569 201343104 537919488 8470532 37750784 68288524 2
is_linear=0
shrinkage=0.05


Tree=70
num_leaves=63
num_cat=28
split_feature=3 3 3 4 0 1 2 1 2 5 5 4 1 2 5 3 4 3 1 2 8 4 2 1 2 5 2 1 1 2 2 1 3 2 1 4 4 1 3 2 1 6 6 6 2 1 5 1 6 6 5 5 6 3 4 1 2 4 6 5 5 9
split_gain=10.0901 2.22434 1.92209 0.928336 0.841669 0.79076 0.814471 0.725503 0.661277 0.566212 0.967821 0.56209 0.549036 0.596058 0.505352 0.495288 0.465794 0.460163 0.494864 0.482077 0.708957 0.56667 0.447019 0.445278 0.537662 0.438568 0.425892 0.755496 0.489487 0.420466 0.420079 0.477391 0.412733 0.40139 0.485656 0.857702 0.382653 0.378121 0.375437 0.369086 0.367373 0.406051 0.361913 0.414442 0.360823 0.420802 0.570035 0.355324 0.369104 0.414136 0.469641 0.43933 0.348085 0.332012 0.33135 0.327493 0.325266 0.378906 0.323859 0.323268 0.408808 0.315065
threshold=742.85000000000002 1920.95 218.80000000000004 24430.500000000004 0 1 2 3 4 0.96965500000000004 1.0933850000000003 35143.000000000007 5 6 1.1020050000000003 265.35000000000008 29887.500000000004 1097.8000000000004 7 8 1.5000000000000002 31496.500000000004 9 10 11 1.1400950000000003 12 13 14 15 16 17 534.35000000000002 18 19 46986.500000000007 21331.000000000004 20 87.250000000000014 21 22 2.1080350000000005 2.3656400000000004 2.3930400000000005 23 24 1.3005050000000002 25 1.9522950000000001 2.2519850000000008 0.96620000000000006 1.0216050000000003 2.2380750000000007 978.10000000000014 33038.500000000007 26 27 19421.500000000004 2.2914700000000008 0.99630500000000011 1.1206450000000003 168.50000000000003
decision_type=2 2 2 2 1 9 9 9 9 2 2 2 9 9 2 2 2 2 9 9 2 2 9 9 9 2 9 9 9 9 9 9 2 9 9 2 2 9 2 9 9 2 2 2 9 9 2 9 2 2 2 2 2 2 2 9 9 2 2 2 2 2
left_child=2 4 38 7 17 6 9 8 -4 -5 11 -11 22 -14 23 -10 -12 18 19 20 21 -2 -3 24 -6 42 27 52 36 47 37 -32 33 -7 35 39 -28 58 -1 59 -22 -42 -15 -44 45 46 -34 48 -25 50 -50 -52 -16 -54 -55 -40 57 -17 -19 -35 -61 -33
right_child=1 12 3 5 14 32 -8 -9 15 10 16 -13 13 25 26 56 -18 30 -20 -21 40 -23 -24 29 -26 -27 28 -29 -30 -31 31 61 44 34 -36 -37 -38 -39 55 -41 41 -43 43 -45 -46 -47 -48 -49 49 -51 51 -53 53 54 -56 -57 -58 -59 -60 60 -62 -63
leaf_value=-0.0049462849652438497 -0.0030351455442629936 0.0028882664192629737 -0.00095919636344726745 -0.00025819108723226238 0.0032393440197998509 -0.0012500618354854632 -0.0011299930427231249 -0.0010385003929426642 -0.0098022199906956636 -0.0062777089939724355 -0.0075099887587412291 -0.015124820788332728 6.184330167805409e-05 0.00073517452365339778 0.0027080155274022619 -0.0029862231618311371 -0.00034670068731380474 -0.00076840030598806922 -2.4264461131117798e-05 -0.00057142160291969878 0.00094435989421281889 -0.010554016481513497 0.0014682442596927513 0.0010770386449603022 0.00062289747886131602 0.0021402252111329292 -0.0056518757209862366 0.00097408411681140783 0.001045928426763258 0.00031071436556790941 1.1327634013071061e-05 0.00066009762820549382 0.0016372118938796539 -0.00046980715589259401 -0.00073591001696398034 0.0077986631877138279 -0.00042270046727797676 0.00030893428698442566 -0.000992214052143879 -0.00012632587609340704 -0.0014441577179595919 -0.0071619304657360777 0.0087193023649066864 0.00098857144713714127 -0.00030665504592462914 0.0001793831668896829 0.0083137567110833002 -0.00022474483292691212 -0.002036934633315468 0.00041309194930363449 -0.011805918204717691 -0.0037695428743193464 0.0027127109974921602 0.012008280955224989 0.0048578041716245933 -0.0027483543981051267 -0.0026757319872244396 -0.0088609032413881749 -0.0055414715276030525 0.0094040574885213817 0.0018526823797987567 0.0020339393808428137
leaf_weight=153 61 784 334 63 235 2055 1709 1646 33 47 32 31 1310 1757 343 48 73 925 3398 1066 106 43 2270 48 1064 1103 38 948 1592 2612 1388 941 207 42 2282 39 342 1581 388 734 122 41 30 40 2641 676 37 423 63 43 36 34 51 30 39 1244 429 68 36 30 44 751
leaf_count=153 61 784 334 63 235 2055 1709 1646 33 47 32 31 1310 1757 343 48 73 925 3398 1066 106 43 2270 48 1064 1103 38 948 1592 2612 1388 941 207 42 2282 39 342 1581 388 734 122 41 30 40 2641 676 37 423 63 43 36 34 51 30 39 1244 429 68 36 30 44 751
internal_value=-1.27445e-05 0.000589887 -0.00103917 -0.000832272 0.000296948 -0.000628317 -0.00153557 -0.00168818 -0.00281609 -0.00418418 -0.0057544 -0.00994081 0.00132872 0.000952192 0.000685009 -0.00385115 -0.00258005 2.27488e-06 -0.000355237 -0.00112822 -0.00265755 -0.00621482 0.00184184 0.000341257 0.00111946 0.00134855 0.00114792 0.00180966 0.000661227 2.73085e-05 0.000309876 0.000701126 -0.000424084 -0.000707393 -0.000350381 0.000636143 -0.000934551 -0.000166373 -0.0025794 0.000306207 -0.00136275 -0.00274961 0.000877061 0.00437788 -9.4189e-06 0.000837486 0.00257436 -0.0011029 -0.00267305 -0.00384712 -0.00521729 -0.00801061 0.0034582 0.00584818 0.00809384 -0.00235461 -0.00354405 -0.00596636 -0.000942976 0.00279287 0.00499862 0.00126326
internal_weight=40779 25694 15085 13300 18400 10742 1955 2558 912 246 183 78 7294 4240 7941 578 105 10459 4837 1439 373 104 3054 4558 1299 2930 3383 1411 1972 3259 5622 3080 8787 5226 3171 889 380 2542 1785 850 269 163 1827 70 3561 920 244 647 224 176 133 70 463 120 69 1632 545 116 961 116 74 1692
internal_count=40779 25694 15085 13300 18400 10742 1955 2558 912 246 183 78 7294 4240 7941 578 105 10459 4837 1439 373 104 3054 4558 1299 2930 3383 1411 1972 3259 5622 3080 8787 5226 3171 889 380 2542 1785 850 269 163 1827 70 3561 920 244 647 224 176 133 70 463 120 69 1632 545 116 961 116 74 1692
cat_boundaries=0 1 3 5 7 9 11 13 15 17 19 21 23 25 27 29 31 33 35 37 39 41 43 45 47 49 51 53 55
cat_threshold=1 342364737 76623904 1078067200 327972 1174553609 3960000578 885019656 1098994912 610802244 5882392 550528064 75804697 386812416 2718257185 1677770880 176754704 538970688 142966849 2326319108 1360022018 136336455 2684358656 242297554 1099048274 627574424 795521 286262824 405274880 536874497 1342251201 1452746010 893478382 3187036744 407824476 1961752065 2540720258 393252 1745373526 3252192259 1629028865 33554688 143261712 352847872 32 226558613 2827485249 536921088 1073743425 16777256 606475600 67375250 1092626498 33554560 335545088
is_linear=0
shrinkage=0.05


Tree=71
num_leaves=63
num_cat=16
split_feature=3 3 3 4 1 0 1 1 5 3 9 3 1 1 6 1 3 5 6 9 1 4 1 9 9 5 6 9 5 1 1 3 7 4 5 1 9 1 4 3 1 4 6 5 3 5 9 1 4 3 5 6 5 6 6 5 4 5 5 1 9 3
split_gain=9.1199 1.89422 1.81983 0.879249 0.716387 0.697695 0.627861 0.493838 0.415869 0.411566 0.655302 0.40804 0.389051 0.379004 0.483262 0.543945 1.18257 0.371605 0.430658 0.369536 0.488337 0.365058 0.349295 0.348329 0.315083 0.313412 0.318142 0.284819 0.267179 0.530494 0.35601 0.348917 0.620159 0.287977 0.607585 0.270062 0.260889 0.27438 0.255667 0.248807 0.278787 0.251448 0.244208 0.375445 0.243375 0.335582 0.234587 0.233799 0.385415 0.309679 0.228198 0.245422 0.413092 1.04403 0.225847 0.224227 0.222768 0.334464 0.252929 0.220389 0.230333 0.24329
threshold=771.05000000000007 1920.95 218.80000000000004 24430.500000000004 0 1 2 3 1.0992250000000003 396.35000000000008 73.500000000000014 534.35000000000002 4 5 2.1973750000000005 6 1088.9500000000003 1.1083550000000002 2.3781950000000003 127.50000000000001 7 30151.500000000004 8 12.500000000000002 40.500000000000007 1.0417450000000004 1.8656000000000004 14.500000000000002 0.90379500000000013 9 10 421.85000000000008 8.5000000000000018 42055.000000000007 1.0831800000000003 11 26.500000000000004 12 32386.500000000004 1474.0500000000002 13 23096.500000000004 1.4143950000000001 1.2818200000000002 112.45000000000002 1.1400950000000003 259.50000000000006 14 24769.500000000004 1244.0000000000002 1.22374 1.9600600000000001 0.97108500000000009 1.8717600000000003 2.7489750000000002 1.0710950000000004 28985.000000000004 0.88839500000000016 0.86302500000000004 15 232.50000000000003 1760.3500000000001
decision_type=2 2 2 2 9 1 9 9 2 2 2 2 9 9 2 9 2 2 2 2 9 2 9 2 2 2 2 2 2 9 9 2 2 2 2 9 2 9 2 2 9 2 2 2 2 2 2 9 2 2 2 2 2 2 2 2 2 2 2 9 2 2
left_child=2 5 22 6 21 13 9 38 12 10 -4 28 -7 14 39 16 -16 46 -19 47 -21 50 24 -15 -1 26 -11 -25 29 31 33 32 -6 42 -35 -31 -13 -38 -3 -2 41 -41 43 -30 45 -26 56 48 49 -10 51 52 -5 -54 -23 -27 57 58 -9 60 61 -43
right_child=1 7 3 4 11 8 -8 17 19 25 -12 36 -14 23 15 -17 -18 18 -20 20 -22 54 -24 27 44 55 -28 -29 30 35 -32 -33 -34 34 -36 -37 37 -39 -40 40 -42 59 -44 -45 -46 -47 -48 -49 -50 -51 -52 -53 53 -55 -56 -57 -58 -59 -60 -61 -62 -63
leaf_value=-0.0072921691204477423 -0.0002972630392236485 0.0013119871532066916 -0.0089526640728339168 -0.00084893385598791473 -0.0026826275786016743 -0.00015315289276791834 -0.0010262149460675968 -0.0014189183582011538 -0.0060426137300536916 -0.0079005049800710582 -0.0029939327230593857 -0.0013562011156011879 0.00079347877371006522 -0.0018245358468488527 -0.013072349694994045 -0.00078473232770193135 -0.0018377811711333279 0.0016143666709192456 -0.0025097424153169745 0.00052770658050884148 0.002148340209239619 -0.0010290931092890225 -0.0020098362169865404 0.0050452598562873334 -0.0078758207350519711 0.0032431056467342595 -0.0025296995397480863 0.00038374646595067244 -0.00045443633542873151 0.0013253324851272433 -0.00079750384524422766 -0.0014992567566743541 -0.011851785743954894 0.0061356333165895199 -0.00060756996887281094 -0.0012967595589657688 0.00047510463641312349 -0.00041452971975966231 0.0022034173970262678 0.0030082920716983826 0.0012877634687019994 0.000599301360542251 -0.00024322279910505377 0.0068011772014870079 -0.002413596532982237 -0.0022543588802643802 0.0013664155592203698 0.00087840957419355265 0.00020210531322513745 0.00028527852391562191 -0.0007982973094514186 -0.002075445900981424 -0.0029151848247784074 -0.013342809364465731 0.0030919251922408449 -0.0012590120169040828 0.0006361379349756653 4.044890503736805e-05 -0.0063351550663962074 3.8878378807332354e-05 -0.0064856056704170884 -0.0049485754232943789
leaf_weight=57 3351 1727 59 55 42 2060 1848 99 50 30 209 317 2282 179 31 509 89 1625 65 793 1199 1614 1369 32 57 30 278 4836 40 109 2951 53 33 59 75 611 2265 1390 1517 46 585 54 1082 31 251 51 569 857 314 31 183 337 79 34 33 258 1114 543 35 237 30 30
leaf_count=57 3351 1727 59 55 42 2060 1848 99 50 30 209 317 2282 179 31 509 89 1625 65 793 1199 1614 1369 32 57 30 278 4836 40 109 2951 53 33 59 75 611 2265 1390 1517 46 585 54 1082 31 251 51 569 857 314 31 183 337 79 34 33 258 1114 543 35 237 30 30
internal_value=-1.2167e-05 0.00058528 -0.000947945 -0.000757481 -0.000564785 0.000304399 -0.00156648 0.0012627 0.000666023 -0.00267673 -0.00433415 -0.000361909 0.000345905 3.02795e-05 -0.000279743 -0.00157425 -0.00445584 0.000886362 0.00145436 0.00109425 0.00151719 -0.00134399 -0.00245172 0.000334966 -0.00375924 -0.00197027 -0.0030767 0.000415419 -0.00065883 -0.00146857 -0.000496496 -0.00431132 -0.00681992 0.000198427 0.00238491 -0.000885834 1.74453e-05 0.000136921 0.00172409 -9.21516e-05 0.000607366 -0.00041781 -5.58098e-05 0.00276397 -0.00328403 -0.00526628 0.00048293 0.000420653 -0.000579757 -0.00364688 -0.0023166 -0.00286414 -0.00442458 -0.00614222 -0.000944697 -0.000780442 0.000201641 -0.000513205 -0.00274043 -0.000885955 -0.00257198 -0.00141699
internal_weight=40779 24889 15890 14105 11393 17595 2712 7294 7586 864 268 9058 4342 10009 4962 629 120 4050 1690 3244 1992 2335 1785 5047 416 596 308 4868 5086 848 4238 128 75 1287 134 720 3972 3655 3244 4333 982 397 1153 71 359 108 2360 1252 395 81 688 505 168 113 1647 288 1791 677 134 351 114 84
internal_count=40779 24889 15890 14105 11393 17595 2712 7294 7586 864 268 9058 4342 10009 4962 629 120 4050 1690 3244 1992 2335 1785 5047 416 596 308 4868 5086 848 4238 128 75 1287 134 720 3972 3655 3244 4333 982 397 1153 71 359 108 2360 1252 395 81 688 505 168 113 1647 288 1791 677 134 351 114 84
cat_boundaries=0 2 3 5 7 9 11 13 15 17 19 21 23 25 27 29 30
cat_threshold=341840449 76624032 1 1174553609 1745403970 610802245 5882392 559288059 2819044717 3721318209 118348321 268484608 34406400 441872765 3162718243 173024256 573468 16785408 553779200 17172500 688537876 8388640 1073744904 1627581576 3228045121 3569352705 296993 93848130 271057296 3229614081
is_linear=0
shrinkage=0.05


Tree=72
num_leaves=63
num_cat=19
split_feature=3 3 3 4 2 5 5 2 2 2 2 2 5 3 9 9 3 4 5 5 2 0 6 5 6 9 4 6 2 6 2 0 2 4 7 6 3 2 4 3 0 4 5 3 9 0 9 9 4 5 2 2 4 9 5 6 5 2 8 9 2 9
split_gain=8.2427 1.86248 1.56753 0.759106 0.664658 0.61579 0.540233 0.524301 0.496058 0.475305 0.463948 0.44442 0.378307 0.372221 0.42689 0.361992 0.322595 0.300974 0.300385 0.294994 0.32533 0.287174 0.422325 0.441459 0.285122 0.320996 0.282493 0.278466 0.278304 0.386057 0.270226 0.306154 0.262133 0.261914 0.254686 0.253555 0.251181 0.242349 0.240013 0.362517 0.521353 0.236553 0.332822 0.310161 0.235695 0.235114 0.231981 0.228658 0.225902 0.215774 0.210448 0.206302 0.426804 0.203162 0.234689 0.201301 0.221868 0.197667 0.314549 0.195008 0.347531 0.313793
threshold=742.85000000000002 1583.7500000000002 218.80000000000004 24430.500000000004 0 1.2216650000000002 0.92828500000000014 1 2 3 4 5 0.86302500000000004 396.35000000000008 73.500000000000014 276.50000000000006 87.250000000000014 13893.500000000002 1.0348533431952667 1.2818200000000002 6 7 2.2284850000000005 0.9544450000000001 2.3304050000000003 156.50000000000003 22113.500000000004 2.0057400000000003 8 1.9471700000000001 9 10 11 12983.500000000002 1.5000000000000002 1.8925350000000003 518.6500000000002 12 41694.000000000007 332.25000000000006 13 29466.500000000004 0.94172000000000011 1011.2500000000001 108.50000000000001 14 111.50000000000001 131.50000000000003 38157.500000000007 1.0732250000000001 15 16 18663.000000000004 257.50000000000006 0.78726500000000021 2.0634000000000001 0.94353000000000009 17 2.5000000000000004 152.50000000000003 18 271.50000000000006
decision_type=2 2 2 2 9 2 2 9 9 9 9 9 2 2 2 2 2 2 2 2 9 1 2 2 2 2 2 2 9 2 9 1 9 2 2 2 2 9 2 2 1 2 2 2 2 1 2 2 2 2 9 9 2 2 2 2 2 9 2 2 9 2
left_child=2 5 16 4 13 11 7 12 -5 -7 33 17 -3 14 26 -14 -1 27 35 30 46 22 23 37 47 -26 -4 -2 29 -6 31 36 -18 -8 41 -15 -10 -19 -32 40 -40 42 -23 -44 -35 -12 -21 -11 -46 -24 -33 52 -25 54 -9 56 -39 58 -22 -13 61 -61
right_child=1 6 3 8 28 9 10 53 19 24 45 59 15 18 -16 -17 32 21 -20 20 57 34 49 51 25 -27 -28 -29 -30 -31 38 50 -34 44 -36 -37 -38 55 39 -41 -42 -43 43 -45 48 -47 -48 -49 -50 -51 -52 -53 -54 -55 -56 -57 -58 -59 -60 60 -62 -63
leaf_value=-0.0045239589346403146 -0.0058904603166688918 0.00053902909077075116 -0.004518972060224999 -0.0011783171694401454 0.0059310682512053372 7.5306540042418662e-05 -0.0024603652899984172 -0.0039655459785535646 -0.0017048908843303547 0.00028655890614297252 0.0015079513085607958 1.9122922372903944e-05 -0.0018605173924290501 -0.0068688008908219149 -0.0028254172471353233 -0.0072585889916986284 -0.00044180447142818903 -0.00037866912173344764 -0.0010177023970965838 -0.0048413673555566649 0.0060415194472549652 -0.00018044256721621058 -0.0014524043051336011 -0.0062209368604613348 0.0075696884097079895 0.0021161218407645655 -0.010710673931294656 -0.00058436387493698437 -0.0010070953213320586 -0.00048238051094813273 -0.00033676277128145136 0.00049122869835400713 -0.0023688621138971094 0.0011945834878923523 0.00033829967847574544 -0.0025140924957131909 -0.00060490909271645977 -0.0021411092430043879 0.0082003856524304301 0.00027884629081358704 -0.00044829784563978937 -6.4527252803161218e-05 -0.0017304552788846195 -0.0084999142806710948 0.0018370709525878008 0.00075721942875100654 -0.00048442970215094099 0.0014363231209301244 0.0031973946767276645 -0.0046058509368840329 -0.00070692323734000977 0.00046625351896032271 -0.00033934288234024353 0.0013388316547703648 0.00037235599049030641 -0.00043364434111043586 -0.0060773188626080813 0.00054200806683429544 0.00070950240323558076 0.0015322999231338382 0.00048981660098468109 0.0068965931072225003
leaf_weight=153 45 116 48 2536 35 1602 36 31 1133 659 1385 2659 133 37 221 40 224 488 430 32 47 64 151 31 32 157 32 54 1375 67 2803 565 1408 1079 2169 313 960 381 37 331 32 202 34 34 1442 4238 417 1260 390 85 1005 1135 860 673 1221 160 39 778 66 80 2488 41
leaf_count=153 45 116 48 2536 35 1602 36 31 1133 659 1385 2659 133 37 221 40 224 488 430 32 47 64 151 31 32 157 32 54 1375 67 2803 565 1408 1079 2169 313 960 381 37 331 32 202 34 34 1442 4238 417 1260 390 85 1005 1135 860 673 1221 160 39 778 66 80 2488 41
internal_value=-1.1658e-05 0.000533019 -0.00093937 -0.00075253 -0.0015265 0.000170961 0.00103354 0.000337088 -0.000568099 0.00072917 0.0012134 -1.39939e-05 -0.00161282 -0.00246446 -0.00398054 -0.00314317 -0.00233031 -0.000310523 -0.00190662 -0.0003775 0.00030046 -0.00026437 -0.000568465 -0.0004125 0.00121967 0.00307446 -0.00709731 -0.00303101 -0.000816611 0.00159926 -0.000510388 -0.000802926 -0.00212201 0.0017242 0.000140263 -0.00299271 -0.00120089 -0.00123458 -0.000172646 0.000971067 0.0042403 -0.00114296 -0.00278039 -0.00518932 0.0017827 0.000940695 -0.000787515 0.00104184 0.00212825 -0.00260282 -0.000277076 2.12542e-05 -0.000544617 0.000635586 0.000261869 -0.00191339 -0.00252018 0.000848308 0.00272201 0.000319889 0.000627519 0.00313465
internal_weight=40779 25694 15085 13300 2558 14910 10784 2214 10742 3710 8570 11200 289 1081 301 173 1785 5932 780 8206 1340 5833 3330 3094 2108 189 80 99 1477 102 6866 3663 1632 2947 2503 350 2093 1068 3203 400 69 334 132 68 2911 5623 449 1919 1832 236 1570 2026 891 1925 1252 580 420 891 113 5268 2609 121
internal_count=40779 25694 15085 13300 2558 14910 10784 2214 10742 3710 8570 11200 289 1081 301 173 1785 5932 780 8206 1340 5833 3330 3094 2108 189 80 99 1477 102 6866 3663 1632 2947 2503 350 2093 1068 3203 400 69 334 132 68 2911 5623 449 1919 1832 236 1570 2026 891 1925 1252 580 420 891 113 5268 2609 121
cat_boundaries=0 2 4 6 8 10 12 14 15 17 19 20 22 24 25 26 28 30 32 33
cat_threshold=1267731141 3029476105 147325008 262464 1114542081 107304996 2139510606 2588741645 69733083 3364570704 563127945 799011066 335626504 2961319234 1 2 50331648 898723392 2434269576 1 753776 16781328 8422920 538173602 1 4 25174016 268435840 25174153 1458362 134218240 134217872 262208
is_linear=0
shrinkage=0.05


Tree=73
num_leaves=63
num_cat=19
split_feature=11 11 11 4 2 4 2 5 5 2 2 6 2 6 2 2 2 7 0 2 9 2 2 11 4 6 2 9 7 4 5 5 6 5 4 11 5 4 5 5 6 2 11 2 4 2 5 9 9 2 6 9 9 6 2 4 6 9 4 6 2 6
split_gain=7.4316 2.03543 0.92519 0.653313 0.632625 0.507597 0.556397 0.481202 0.467225 0.639857 0.451623 0.448652 0.418659 0.407959 0.405047 0.391136 0.375998 0.356133 0.345437 0.324292 0.323694 0.539062 0.342334 0.315703 0.305586 0.302363 0.334109 0.477247 0.290655 0.285617 0.274699 0.273733 0.268262 0.26189 0.431566 0.257172 0.251623 0.267271 0.250475 0.323365 0.245421 0.243318 0.242208 0.380577 0.261507 0.219516 0.237449 0.222812 0.215135 0.210313 0.298078 0.203379 0.202981 0.2659 0.202005 0.330004 0.216876 0.201248 0.197623 0.368069 0.194327 0.193008
threshold=1368.9256720000003 2691.2295540000005 475.45866350000011 28005.500000000004 0 25498.500000000004 1 1.1020050000000003 1.1400950000000003 2 3 1.6522650000000001 4 1.8479350000000003 5 6 7 1.5000000000000002 8 9 155.50000000000003 10 11 3159.4156770000004 33858.500000000007 2.0204850000000003 12 222.50000000000003 6.5000000000000009 17003.500000000004 1.1020050000000003 1.0025850000000003 2.3781950000000003 1.0185450000000003 21956.500000000004 5189.6648330000007 1.1243150000000002 37842.500000000007 1.2472250000000003 1.2216650000000002 2.5862150000000006 13 3825.5984270000004 14 21135.500000000004 15 1.2726750000000002 115.50000000000001 265.50000000000006 16 2.2284850000000005 266.50000000000006 32.500000000000007 2.3598700000000004 17 26119.500000000004 2.0472100000000002 106.50000000000001 41694.000000000007 2.0284150000000003 18 1.8550600000000002
decision_type=2 2 2 2 9 2 9 2 2 9 9 2 9 2 9 9 9 2 1 9 2 9 9 2 2 2 9 2 2 2 2 2 2 2 2 2 2 2 2 2 2 9 2 9 2 9 2 2 2 9 2 2 2 2 9 2 2 2 2 2 9 2
left_child=2 7 4 14 36 6 32 16 10 13 -7 12 24 -10 38 30 17 49 41 23 22 40 -9 -20 -5 26 27 -16 -26 -6 48 -8 42 34 -33 -12 37 -1 39 52 -22 -11 43 44 -3 -31 -47 -48 -13 50 -2 -18 53 -4 55 -53 -56 -14 -15 -60 -44 -43
right_child=1 5 3 11 29 8 31 20 9 18 35 15 57 58 25 -17 51 -19 19 -21 21 -23 -24 -25 28 -27 -28 -29 -30 45 -32 33 -34 -35 -36 -37 -38 -39 -40 -41 -42 61 60 -45 -46 46 47 -49 -50 -51 -52 54 -54 -55 56 -57 -58 -59 59 -61 -62 -63
leaf_value=-0.0051007362113321304 -0.0022741915221790548 -0.0064130555485533876 -0.0026209280656185 -0.00088365014222114451 -0.0044562134836774528 0.00027708127077985789 9.9800383104186707e-05 0.00071801876991510602 0.0084412492454923205 -0.0015441990597363378 0.00095489777496902755 -0.0017108857335138756 -0.0025064414848769219 0.0022377959559799474 7.7116050007235669e-05 -0.00029123369468134073 -9.1684731636369624e-05 -0.00038375844522335004 -0.0046526167737958478 0.0020946715925749533 0.0016724374375283687 0.00026926349923656545 -0.00032282751163381797 0.00073546319132935731 0.0077411454645658117 -0.0014115590563510321 -0.00060616572163428952 0.0064930384263916082 0.0018978469989527841 -0.00011652162445474684 -0.00048187024409463173 0.007926169068639119 -0.0036220268555670408 0.0011958618978832741 0.00047485151568253062 0.0020658978789884759 -0.0022613325486236136 -0.0016535755811880031 -0.00072314030961173614 -0.0060917591945595902 0.0058497613594816955 0.0034678124555605743 0.0016045885850769041 -0.00036386389144272326 -0.0014906088173059591 -0.0019888778861167468 0.0034258673116306054 -0.0008362160853457812 -0.00033240523764169639 -0.0008708350789383986 -0.0075539833946095319 0.0068871635444606102 -0.0018334209046803321 -0.007209063706143686 0.0011738523460458272 0.0012030397187907443 -0.00050007896739168926 0.00031877017742967394 0.0091847193179531925 0.002564927872278661 -0.00018823693141234346 0.00074907406702907778
leaf_weight=251 211 50 149 30 71 2624 625 1236 30 104 3298 1548 68 643 89 3207 3857 2799 30 1155 796 1599 2145 220 44 1255 842 42 42 354 1162 38 61 1017 39 619 279 74 319 53 36 67 219 599 59 831 35 206 347 364 30 33 994 40 419 105 358 728 30 69 440 1695
leaf_count=251 211 50 149 30 71 2624 625 1236 30 104 3298 1548 68 643 89 3207 3857 2799 30 1155 796 1599 2145 220 44 1255 842 42 42 354 1162 38 61 1017 39 619 279 74 319 53 36 67 219 599 59 831 35 206 347 364 30 33 994 40 419 105 358 728 30 69 440 1695
internal_value=-1.11827e-05 0.00045213 -0.000994493 -0.000810091 -0.0019555 0.000884556 0.00032691 2.76151e-05 0.00105032 0.00147291 0.000788929 -0.00052967 0.000506029 0.00276768 -0.00134174 -0.000680518 -0.000219632 -0.000620026 0.00115459 0.00175014 0.000375407 0.000815332 5.89454e-05 7.01389e-05 0.00316981 -0.000894969 -0.000237082 0.00201508 0.00494206 -0.00137128 -0.00108418 0.000929467 -0.000402269 0.00141142 0.0042066 0.00112807 -0.00332126 -0.00432332 -0.00196253 -0.00229743 0.00183793 0.000711654 -0.00025899 -0.000900507 -0.00347085 -0.00122428 -0.00157388 -0.000205643 -0.00145878 -0.0017209 -0.00284247 6.7208e-05 -0.00212244 -0.00362479 0.000737091 0.00242742 0.000397829 7.36543e-05 0.00256448 0.00464271 0.000430546 0.000849544
internal_weight=40779 27719 13060 10959 2101 13731 3147 13988 10584 4043 6541 7176 912 772 3783 6264 8176 3404 3271 1405 5812 2431 3381 250 116 2228 973 131 86 1497 3057 1719 1428 1094 77 3917 604 325 1555 1236 832 1866 1367 708 109 1426 1072 241 1895 605 241 4772 1183 189 915 138 777 796 742 99 659 1762
internal_count=40779 27719 13060 10959 2101 13731 3147 13988 10584 4043 6541 7176 912 772 3783 6264 8176 3404 3271 1405 5812 2431 3381 250 116 2228 973 131 86 1497 3057 1719 1428 1094 77 3917 604 325 1555 1236 832 1866 1367 708 109 1426 1072 241 1895 605 241 4772 1183 189 915 138 777 796 742 99 659 1762
cat_boundaries=0 2 4 6 8 10 12 14 16 17 19 21 23 25 27 29 31 33 35 37
cat_threshold=1322517504 2441660452 814725164 389735602 67135552 143873168 1590060052 1486109950 131072 338 197137093 2986507149 1919942465 68508482 555156131 257323496 1 1091830786 4456450 676660805 69265728 51110582 1091112544 131074 218103808 16777472 257 268501000 268599296 116960 1610612737 17956864 67117256 1088 524304 655360 270696448
is_linear=0
shrinkage=0.05


Tree=74
num_leaves=63
num_cat=27
split_feature=3 3 3 3 4 1 2 9 1 2 1 1 1 2 2 2 5 2 1 4 4 6 3 2 9 4 1 2 5 5 2 4 6 7 5 2 1 6 1 2 11 9 5 2 5 6 1 1 2 6 5 9 9 2 9 1 6 6 11 9 9 1
split_gain=6.81435 1.77082 1.05124 0.663885 0.525066 0.521741 0.548512 0.473621 0.607122 0.457985 0.545 0.493621 0.449154 0.563061 0.497223 0.442127 0.547406 0.423049 0.611836 0.526105 0.386678 0.360041 0.380475 0.353061 0.3505 0.484704 0.350151 0.655592 0.657608 0.408287 0.38136 0.346489 0.335709 0.321348 0.321128 0.319017 0.317274 0.421594 0.307292 0.415542 1.1507 0.551023 0.441689 0.291388 0.337901 0.490202 0.289944 0.285264 0.331699 0.389318 0.592097 0.282131 0.383778 0.565091 0.404247 0.272389 0.281336 0.509737 0.351455 0.267965 0.266297 0.264326
threshold=918.1500000000002 457.35000000000008 1920.95 218.80000000000004 26303.000000000004 0 1 32.500000000000007 2 3 4 5 6 7 8 9 0.99303500000000011 10 11 25393.500000000004 45121.500000000007 2.0104950000000001 1374.7500000000002 12 156.50000000000003 28275.500000000004 13 14 1.3526850000000004 0.97108500000000009 15 34464.500000000007 2.4445050000000004 7.5000000000000009 1.1500350000000001 16 17 2.3656400000000004 18 19 4988.5522200000005 50.500000000000007 1.0665150000000001 20 1.1335100000000002 2.5154300000000007 21 22 23 1.9393950000000002 0.99630500000000011 161.50000000000003 185.50000000000003 24 271.50000000000006 25 1.9393950000000002 1.8586450000000003 3343.6869775000009 215.50000000000003 188.50000000000003 26
decision_type=2 2 2 2 2 9 9 2 9 9 9 9 9 9 9 9 2 9 9 2 2 2 2 9 2 2 9 9 2 2 9 2 2 2 2 9 9 2 9 9 2 2 2 9 2 2 9 9 9 2 2 2 2 9 2 9 2 2 2 2 2 9
left_child=1 3 7 35 17 6 20 8 21 10 43 31 14 38 -4 16 -10 18 19 33 24 22 -2 -7 25 -6 27 28 -9 46 -28 -11 -33 -3 36 -1 -15 -38 39 40 41 -14 -42 -5 45 61 -29 -19 49 50 -49 -32 -53 54 59 56 57 -55 -58 -54 -46 -45
right_child=2 4 12 9 5 23 -8 26 15 11 -12 -13 13 34 -16 -17 -18 47 -20 -21 -22 -23 -24 -25 -26 -27 30 29 -30 -31 51 32 -34 -35 -36 -37 37 -39 -40 -41 42 -43 -44 44 60 -47 -48 48 -50 -51 -52 52 53 55 -56 -57 58 -59 -60 -61 -62 -63
leaf_value=-0.0032677008413397228 0.0087587893468719959 -0.0018188215430265517 0.002699105055991509 -0.0013960401116990531 -0.0081389861665276189 -0.00029764863082196733 -0.00030226714245376596 -0.00074997767163665025 -0.0014836838907124534 -0.00010661321084098558 -0.00091314248837526713 -0.00088429688274099067 -0.0063089157593147387 -0.00031669868219528211 0.0011839560602971196 -0.00039161861346187455 -0.0073339079587539241 -0.0010481758150606387 -0.00080726396634701533 -0.0092148231506909827 -0.0067008125998971844 -0.00053274834261661985 0.0011812745644889336 0.00043752466915267208 -0.00035953636779670258 -0.0021143913427677111 0.00029672304857706363 -0.0017976499689975754 -0.0064598114906672249 0.00064120945951438423 0.00060635049990857891 0.0014226537854770678 0.0067717291862936695 -0.0057280455235566678 0.0018456469317984826 -0.0016757418903996482 0.00098719542350091832 0.0056664859272568726 0.00056801569876350176 0.00011488541187912538 -0.0042466490804347109 0.0011443781208307032 -0.012632223108648172 -0.001377578865714213 -0.0010880239960224271 -0.0094995672826328134 9.5848100629422636e-06 0.0098328826671105728 -0.00050565703699239478 0.0004621882857437803 0.0010143295029468159 0.003180725068110356 0.006112436090232664 0.00096312878075807999 0.0079608093360438951 0.00024276352652651377 0.0003874913229287288 0.0076813020382199768 0.0044167865410792836 0.00061081746740534949 -0.0060485462687211115 -0.0049637831975332253
leaf_weight=467 37 194 744 394 38 2886 1666 770 157 292 1315 3168 30 502 2220 1114 53 1102 605 37 42 40 30 3735 242 243 2784 264 53 4175 1525 113 39 72 1077 1318 1336 49 784 364 35 123 30 117 180 41 1159 30 766 279 50 295 32 64 49 786 302 50 65 68 31 151
leaf_count=467 37 194 744 394 38 2886 1666 770 157 292 1315 3168 30 502 2220 1114 53 1102 605 37 42 40 30 3735 242 243 2784 264 53 4175 1525 113 39 72 1077 1318 1336 49 784 364 35 123 30 117 180 41 1159 30 766 279 50 295 32 64 49 786 302 50 65 68 31 151
internal_value=-1.06052e-05 -0.000682034 0.000611562 -0.00127764 -0.000303042 -0.000106072 -0.00076527 0.000356004 -0.000505177 -0.00101943 -0.0015831 -0.00066502 0.00109747 0.000766378 0.00157285 -0.000802265 -0.00285273 -0.000858995 -0.00176306 -0.00357637 -0.00209867 0.00294585 0.00543314 0.000117111 -0.00175706 -0.00295508 0.000455093 0.00019706 -0.00111159 0.000391255 0.000728697 0.000883108 0.0028304 -0.00289445 0.00115306 -0.00212151 0.000763103 0.00114843 -7.51614e-05 -0.000936037 -0.00261202 -0.000348529 -0.00824967 -0.00252468 -0.0033332 -0.00444982 -0.000339283 -0.000479693 8.19255e-05 0.00131341 0.00440185 0.00109807 0.00154214 0.00119876 0.00401186 0.000826878 0.00175461 0.00395087 0.00111119 0.00241442 -0.00184191 -0.00364484
internal_weight=40779 19613 21166 7626 11987 8852 2231 13872 1431 5841 2229 3612 7294 4330 2964 1324 210 3135 908 303 565 107 67 6621 523 281 12441 6421 823 5598 6020 444 152 266 2964 1785 1887 1385 1366 582 218 153 65 914 520 309 1423 2227 1125 359 80 3236 1711 1416 149 1267 481 114 367 100 211 268
internal_count=40779 19613 21166 7626 11987 8852 2231 13872 1431 5841 2229 3612 7294 4330 2964 1324 210 3135 908 303 565 107 67 6621 523 281 12441 6421 823 5598 6020 444 152 266 2964 1785 1887 1385 1366 582 218 153 65 914 520 309 1423 2227 1125 359 80 3236 1711 1416 149 1267 481 114 367 100 211 268
cat_boundaries=0 2 4 6 8 10 12 14 16 18 20 22 24 26 28 30 32 34 36 38 40 42 44 46 48 50 52 54
cat_threshold=306976369 2249607204 1790972416 819416 33554434 536871170 1120740993 3053130284 337670280 738889956 274436 536872964 73931332 5882392 550560832 210022417 538970688 142966849 16813056 539164864 989987973 2415944064 1091699720 277361730 102936163 1601412388 4141763171 746635639 273024265 268976132 1937864204 1851370285 1187251200 276875269 9708552 2350911616 2685419521 8781829 549470208 75759616 42206208 2505052672 2189953024 16384 1295041223 3162661405 1073750602 228590592 262240 1024 134258820 268502536 67109000 536871136
is_linear=0
shrinkage=0.05


Tree=75
num_leaves=63
num_cat=33
split_feature=3 3 3 4 0 1 2 5 1 2 2 1 2 1 2 1 4 1 2 9 5 4 3 9 2 1 2 1 3 5 1 4 1 4 1 2 2 2 1 2 1 2 6 9 1 6 9 5 2 6 5 1 6 8 0 4 2 4 4 9 6 1
split_gain=6.45016 1.54119 0.950052 0.771181 0.682643 0.672605 0.692017 0.632683 0.638441 0.75079 0.618395 0.74029 0.599327 0.605859 0.528991 0.492007 0.587912 0.472432 0.465924 0.557312 0.67447 0.635961 0.454141 0.426058 0.650616 0.568843 0.534781 0.794624 0.473825 0.552983 0.432831 0.429827 0.426874 0.489727 0.42444 0.609497 0.51698 0.421392 0.40492 0.355609 0.366132 0.353188 0.454924 0.349347 0.347739 0.584458 0.345972 0.34376 0.530135 0.471286 0.441145 0.348272 0.425686 0.426218 0.341553 0.330303 0.320838 0.657789 0.812517 0.320035 0.305845 0.30439
threshold=918.1500000000002 239.05000000000004 2071.7500000000005 32308.500000000004 0 1 2 1.0025850000000003 3 4 5 6 7 8 9 10 26303.000000000004 11 12 127.50000000000001 0.95265500000000014 38157.500000000007 1920.95 143.50000000000003 13 14 15 16 1601.8500000000001 1.0314800000000004 17 32867.500000000007 18 20140.500000000004 19 20 21 22 23 24 25 26 2.1053300000000004 110.50000000000001 27 2.2284850000000005 56.500000000000007 1.0199650000000002 28 2.3484750000000001 0.99460000000000004 29 1.8749800000000001 2.5000000000000004 30 30561.500000000004 31 36344.500000000007 41039.500000000007 255.50000000000003 2.0033250000000007 32
decision_type=2 2 2 2 1 9 9 2 9 9 9 9 9 9 9 9 2 9 9 2 2 2 2 2 9 9 9 9 2 2 9 2 9 2 9 9 9 9 9 9 9 9 2 2 9 2 2 2 9 2 2 9 2 2 1 2 9 2 2 2 2 9
left_child=1 4 7 12 15 6 -5 8 9 22 11 18 38 47 -10 16 -1 43 -7 20 -20 -22 -2 24 32 37 30 28 -28 -30 31 54 33 -9 35 44 -36 60 -3 40 59 42 -35 -6 45 -4 -15 48 49 50 -14 52 53 -49 -25 -38 -21 -58 -59 -40 -26 -16
right_child=2 3 34 5 17 10 -8 23 14 -11 -12 -13 13 46 61 -17 -18 -19 19 56 21 -23 -24 26 25 -27 27 -29 29 -31 -32 -33 -34 41 36 -37 55 -39 39 -41 -42 -43 -44 -45 -46 -47 -48 51 -50 -51 -52 -53 -54 -55 -56 -57 57 58 -60 -61 -62 -63
leaf_value=-0.0097048400062636504 -0.0028317519179835212 -0.00093223934679366937 -0.0010193343826908803 -0.00046680447989327499 0.0053356857068757434 -0.00081072763880310624 0.001188289860872158 -0.0066216261841790663 -0.00071662945312223102 -0.00040763067359792004 -5.1892644609789995e-05 -0.00047488120593318231 -0.00264935384040895 -0.0018129220609019833 0.001273799042528222 -0.0021725150047582692 -0.0035811351503784242 -0.0013766362952206124 -0.00076864510741539893 -9.2181274016245696e-06 -0.0042456992334856686 -0.01193603481245061 -0.0093892595253794661 0.0016475009541191748 0.007982463338811174 0.00051008466604397383 0.0019313009771288793 0.00088946198078394096 0.010733502132461582 0.0036932832925498475 0.00075956206304684517 0.00091912878608335245 8.1031905152505266e-05 -0.0013505848532615885 0.000690080712369326 0.0012033087174253786 0.0013186563483797674 0.0013919039423778577 0.0018415065574534429 -0.0003913146214204009 0.00020945109900244227 -0.00015824381468946633 -0.0079033958473883111 6.4735719161035379e-05 -8.0099519603560638e-05 -0.0091218929707763668 -0.0003369267689909777 -0.0018114706228072642 -0.0016641824028909371 -0.008998778435597295 -0.0090700291828515241 -0.00075621479059609744 -0.0016299651577412534 -0.0088561611339116556 -0.0031120112618688617 0.0025704627782025865 -1.3347336439269217e-05 -0.013379851501104573 -0.0021126796330125735 0.007172840823207508 0.0031252725379751858 0.00025565013937713744
leaf_weight=53 193 1892 80 1051 46 254 1560 43 1071 931 3460 1301 211 493 1017 986 152 772 43 107 55 55 30 45 53 2042 497 1771 31 244 1856 174 2035 80 1233 1456 967 375 202 1709 647 321 39 95 615 30 2026 40 782 46 30 1072 255 47 215 1168 53 30 34 32 87 2631
leaf_count=53 193 1892 80 1051 46 254 1560 43 1071 931 3460 1301 211 493 1017 986 152 772 43 107 55 55 30 45 53 2042 497 1771 31 244 1856 174 2035 80 1233 1456 967 375 202 1709 647 321 39 95 615 30 2026 40 782 46 30 1072 255 47 215 1168 53 30 34 32 87 2631
internal_value=4.99715e-06 -0.000649997 0.000606593 -0.000496104 -0.00192821 -0.000134617 0.000522905 0.000408674 -2.53915e-06 -0.001051 -0.00045318 -0.00116748 -0.000801095 -0.00117687 0.000255708 -0.00271642 -0.00496285 -0.000898156 -0.00256288 -0.00368692 -0.00610388 -0.00816376 -0.00359157 0.000652397 0.000332334 0.000891961 0.000988348 0.00148596 0.00282262 0.00452292 0.000427006 -0.000978791 -0.000238683 -0.00155753 0.00116929 0.00061577 0.0015211 0.00236379 -0.000378091 2.89455e-05 0.000838956 -0.00108406 -0.00327333 0.00169074 -0.00056452 -0.00301938 -0.000623927 -0.00173259 -0.00241633 -0.00424757 -0.00348278 -0.00122658 -0.00259671 -0.00567461 -0.00228509 0.00199503 -0.00218012 -0.00382375 -0.00751876 0.00249196 0.00467601 0.000542469
internal_weight=40921 19591 21330 17487 2104 8003 2611 15781 5873 1154 5392 1932 9484 5002 4719 1191 205 913 631 377 153 110 223 9908 5075 2557 4833 2543 772 275 2290 434 2518 483 5549 2181 3368 515 4482 2590 881 440 119 141 725 110 2519 2483 1069 287 241 1414 342 87 260 2135 224 117 64 234 140 3648
internal_count=40921 19591 21330 17487 2104 8003 2611 15781 5873 1154 5392 1932 9484 5002 4719 1191 205 913 631 377 153 110 223 9908 5075 2557 4833 2543 772 275 2290 434 2518 483 5549 2181 3368 515 4482 2590 881 440 119 141 725 110 2519 2483 1069 287 241 1414 342 87 260 2135 224 117 64 234 140 3648
cat_boundaries=0 1 3 5 7 9 11 13 15 17 19 21 23 25 27 29 31 33 35 37 39 41 43 45 47 49 51 53 55 57 59 60 62 64
cat_threshold=1 1702922276 1482891546 524750647 3492790536 2227702784 71324672 13107344 1644183552 1242542696 606601337 269243907 637538404 1477274554 3374326899 1428178031 3026120854 1091570178 487653572 67134464 276824072 4199456 268436032 8776 606076993 1422139743 2081080637 2221417616 262402 1587517058 3034141408 1091084866 2185277605 786594 33587307 2957541378 1074794880 853308673 2617640333 546325542 8687616 64360519 3087553624 33572352 17825858 130431393 974831915 134546314 16777280 1098772 2112 8388672 1074299136 524288 262145 536870912 546966144 1344274436 2147750018 2 33685504 524304 973094954 1343293963
is_linear=0
shrinkage=0.05


Tree=76
num_leaves=63
num_cat=22
split_feature=11 3 3 4 1 0 5 1 1 1 4 0 1 1 9 7 1 11 9 1 4 0 1 6 6 6 11 3 1 11 5 5 11 1 1 8 1 3 4 0 0 6 1 4 5 1 5 1 9 11 6 1 8 6 6 11 11 11 6 6 4 4
split_gain=5.87833 1.16736 1.1357 0.657437 0.664228 0.616817 0.522267 0.517808 0.469921 0.459517 0.454848 0.43139 0.427177 0.411908 0.395676 0.601354 0.389492 0.354746 0.338673 0.409518 0.3341 0.334032 0.342466 0.326708 0.32139 0.618389 0.316111 0.298701 0.292042 0.291443 0.410057 0.288922 0.285651 0.285247 0.277919 0.27175 0.380475 0.667988 0.265865 0.264232 0.244666 0.23974 0.232508 0.249111 0.231142 0.442168 0.490539 0.235351 0.227396 0.286168 0.223215 0.221297 0.234733 0.542639 0.217942 0.213494 0.366643 0.256732 0.258075 0.207779 0.206753 0.25249
threshold=1617.4260130000002 239.05000000000004 1703.4500000000003 31821.500000000004 0 1 1.2169150000000004 2 3 4 27121.500000000004 5 6 7 154.50000000000003 6.5000000000000009 8 3221.7463435000004 267.50000000000006 9 26303.000000000004 10 11 2.4880750000000007 1.4143950000000001 2.6808200000000002 869.79633850000016 644.75000000000011 12 856.60704000000021 1.3809850000000001 1.1271550000000004 1655.0527045000001 13 14 4.5000000000000009 15 2268.5000000000005 22113.500000000004 16 17 1.7382000000000002 18 47497.500000000007 1.3473700000000002 19 1.3777700000000002 20 106.50000000000001 634.15042300000005 1.3753550000000001 21 1.5000000000000002 1.9420900000000001 1.4833100000000001 1948.8898655000003 2152.5213760000001 2529.5107705000005 2.1133350000000006 2.2316800000000003 40333.500000000007 41853.500000000007
decision_type=2 2 2 2 9 1 2 9 9 9 2 1 9 9 2 2 9 2 2 9 2 1 9 2 2 2 2 2 9 2 2 2 2 9 9 2 9 2 2 1 1 2 9 2 2 9 2 9 2 2 2 9 2 2 2 2 2 2 2 2 2 2
left_child=1 5 6 7 29 8 16 26 20 10 -4 28 24 -8 39 -16 -2 -17 40 55 23 22 27 38 -7 -26 -3 50 -9 30 48 -14 -15 -19 -13 60 37 -37 -1 -11 59 -29 43 -23 47 46 -46 -34 49 -5 -6 52 53 -31 -10 -20 -57 -58 -59 -18 -35 -62
right_child=2 3 9 4 21 12 13 11 54 14 -12 34 31 32 15 17 18 33 19 -21 -22 42 -24 -25 25 -27 -28 41 -30 51 -32 -33 44 35 -36 36 -38 -39 -40 -41 -42 -43 -44 -45 45 -47 -48 -49 -50 -51 -52 -53 -54 -55 -56 56 57 58 -60 -61 61 -63
leaf_value=-0.0055231651612040076 -0.00026224440390425213 -0.0021785210485285025 -0.0004391565460260331 -0.0062516093644565743 0.0052219532954040915 -0.0015295031463465423 0.00018320802268981931 0.0014670775479442601 -0.00030916330130958394 0.00037500315413285215 0.00082604628469467581 -0.001288845833039983 -0.0021166856114061892 0.004904696333016126 0.0030393034181622411 0.0063165077604079509 -1.7856688495283795e-05 0.0022468381363665683 0.00079356790685613469 0.00048684743960994236 -0.0031523431765441432 0.00040753122433026095 0.00023372917869024705 -0.0024645941702123638 0.0090800819793003026 0.00048910995650540791 -0.0010591249931301697 0.002720268070157285 -0.00026265970515416249 -0.0091333489456202743 -0.0073200242391565909 -0.00014386692429243077 0.00011335684205078636 0.00099708191297338106 -0.00037573452948624865 -0.0066542165492657138 0.00064265192853620956 0.00098698180165414113 -0.011777366280875869 0.0012915760655489873 0.00054796058788205901 0.0079214572701055332 -0.00033674956208659603 0.0040141732148328505 0.0084176262845825738 0.0011788029637924487 0.0018166145529811097 0.0014535755470391979 -0.00091193574425119355 -0.0018215677499139084 0.00077288240990663762 -0.00015328062947346524 -0.00083148614351178166 -0.0011835825399935454 -0.002261290803805765 0.0085201850201188142 0.00020355478430452247 0.0073149853571521824 0.0020950450331618979 -0.001578843297326377 0.0055205260795854229 0.0015568939559416858
leaf_weight=44 5274 944 1021 47 31 49 1789 350 192 1774 2330 1700 462 51 572 33 2628 489 87 671 323 789 683 38 31 61 1910 69 748 30 30 310 673 1269 1682 55 381 58 31 1413 2302 33 2511 50 55 446 58 644 550 158 242 1200 301 71 563 33 61 41 57 231 57 135
leaf_count=44 5274 944 1021 47 31 49 1789 350 192 1774 2330 1700 462 51 572 33 2628 489 87 671 323 789 683 38 31 61 1910 69 748 30 30 310 673 1269 1682 55 381 58 31 1413 2302 33 2511 50 55 446 58 644 550 158 242 1200 301 71 563 33 61 41 57 231 57 135
internal_value=4.62987e-06 -0.000734384 0.00049056 -0.000570679 -0.000216293 -0.00183292 0.000220328 -0.000898946 -0.00258216 0.000916151 0.000439231 -0.000559135 -0.000853781 0.000734928 0.00116974 0.00157883 5.23158e-05 0.00124048 0.00032369 0.00119129 -0.0038991 0.000148056 0.000922445 -0.00632927 0.00160798 0.0034504 -0.00142502 0.00211052 0.000300506 -0.000885816 -0.00167825 -0.00130877 0.0012394 0.00116939 -0.000839886 0.000882878 -0.000126232 -0.00253552 -0.00822919 0.000781656 0.000164416 0.00446358 -9.62727e-05 0.000619615 0.0011438 0.00199514 0.00466587 0.000781205 -0.00144469 -0.00286265 0.0012953 -0.000502235 -0.0014999 -0.00361129 -0.00174287 0.00276166 0.00378782 0.00275851 0.00433073 -0.000144488 0.00122997 0.0027561
internal_weight=40921 16233 24688 14129 6795 2104 15101 7334 1191 9587 3351 4480 913 3716 6236 3049 11385 2477 6111 950 436 4408 1058 113 141 92 2854 375 1098 2387 785 772 1927 2444 3382 1955 494 113 75 3187 5161 102 3350 839 1876 559 113 1317 755 205 273 1602 402 101 755 279 192 159 98 2859 1461 192
internal_count=40921 16233 24688 14129 6795 2104 15101 7334 1191 9587 3351 4480 913 3716 6236 3049 11385 2477 6111 950 436 4408 1058 113 141 92 2854 375 1098 2387 785 772 1927 2444 3382 1955 494 113 75 3187 5161 102 3350 839 1876 559 113 1317 755 205 273 1602 402 101 755 279 192 159 98 2859 1461 192
cat_boundaries=0 2 3 5 7 9 10 12 14 16 18 19 21 23 25 27 29 30 31 33 35 37 39
cat_threshold=2417891011 638590053 1 379634281 3160395942 114324512 276874252 2429957155 3627287649 4 4199456 268436032 1524517212 649087127 2806427076 2181854692 1048586 270630915 4 16785420 1208099346 5377024 1101004816 1073742532 8602368 1096166528 1082138648 16384 4198532 1 1 67143684 3226009864 620757120 1056 622887040 134456928 525827 6176
is_linear=0
shrinkage=0.05


Tree=77
num_leaves=63
num_cat=34
split_feature=3 3 3 0 5 2 1 2 1 1 2 0 1 1 2 1 2 9 1 6 9 0 1 1 2 6 6 2 9 9 1 2 5 1 2 6 1 2 2 1 9 1 7 6 9 1 6 6 3 3 2 5 3 2 1 9 0 6 6 6 2 5
split_gain=5.32726 1.25741 0.907318 0.557619 0.520582 0.556121 0.68978 0.518945 0.684782 0.490933 0.44142 0.439289 0.433947 0.433765 0.418863 0.618091 0.394302 0.395645 0.596656 0.826207 0.371241 0.364873 0.564779 0.363098 0.465324 0.422264 0.667249 0.3578 0.394047 0.344106 0.343739 0.469862 0.343072 0.339529 0.551378 0.46782 0.33086 0.347622 0.328939 0.430007 0.355567 0.321499 0.608163 0.302078 0.285583 0.398412 0.295315 0.647875 0.281919 0.279203 0.261908 0.406275 0.258735 0.247883 0.302724 0.373415 1.00174 0.319859 0.440015 0.531053 0.245954 0.380067
threshold=706.85000000000002 1291.7500000000002 239.05000000000004 0 1.1271550000000004 1 2 3 4 5 6 7 8 9 10 11 12 163.50000000000003 13 2.0004700000000004 299.50000000000006 14 15 16 17 2.1564500000000004 1.9252850000000004 18 16.500000000000004 178.50000000000003 19 20 1.3449250000000001 21 22 2.5661400000000003 23 24 25 26 64.500000000000014 27 4.5000000000000009 2.2350250000000007 244.50000000000003 28 2.1053300000000004 1.9982550000000001 841.45000000000016 2840.0500000000006 29 0.87063500000000016 1633.5500000000002 30 31 124.50000000000001 32 1.9701650000000002 1.7788650000000001 1.8515850000000003 33 1.0855950000000003
decision_type=2 2 2 1 2 9 9 9 9 9 9 1 9 9 9 9 9 2 9 2 2 1 9 9 9 2 2 9 2 2 9 9 2 9 9 2 9 9 9 9 2 9 2 2 2 9 2 2 2 2 9 2 2 9 9 2 1 2 2 2 9 2
left_child=2 11 3 12 5 13 20 8 53 -6 -5 30 -1 27 15 32 -11 36 19 29 -7 22 -9 24 25 26 -16 28 -3 -19 38 43 60 34 35 -23 37 49 39 40 -2 42 -12 -32 -15 46 47 -46 -45 -18 51 -24 -21 54 -4 56 -56 58 -57 -60 61 -13
right_child=1 4 7 10 9 6 -8 21 -10 16 41 14 -14 44 23 -17 17 18 -20 52 -22 33 50 -25 -26 -27 -28 -29 -30 -31 31 -33 -34 -35 -36 -37 -38 -39 -40 -41 -42 -43 -44 48 45 -47 -48 -49 -50 -51 -52 -53 -54 -55 55 57 -58 -59 59 -61 -62 -63
leaf_value=-0.0013529640677420814 -0.0011790698834374782 -0.0057850184321034497 -0.0010718132039656259 0.00089638634912578546 5.9046199395053403e-05 0.0016140877840482546 0.00044550986367242586 0.0012979699924527805 -0.00028578602365002818 0.00078577712082771262 -0.0083906616779799784 -0.0015420283261649397 -0.0033532216947472614 4.4712154991748617e-05 0.0023828617433230576 0.00029246081084881119 0.0080759368392903652 0.013018036421854048 0.0017574622025086245 0.0058875353292175232 0.0062827866574728178 -0.0011395436860389414 -0.0069093067982149399 0.00037769454920574287 0.00082475330680493542 0.00085729923916044346 0.0092941107228398327 0.000142070696560581 -0.0012517091518073383 0.0059396869099767116 -0.0010186658567236503 -3.636442340074094e-05 -0.007203987907738455 -0.00082421650913313291 0.00088165267286050182 0.0040392631101776322 0.00083837490188634265 0.0016046692358354304 -6.1574686516807463e-05 0.00014775741789488408 0.00407711473362515 -0.00094889666313710303 -0.00089380753746691856 -0.00048101568551292312 0.001651187515802265 0.00065174018409569392 0.0013263141417200297 0.011503426805176142 -0.0059810676592338711 0.0027862342474279257 4.346422405277027e-05 -0.0010731559882852771 0.0014150406560324838 -0.0011429218777572918 -0.010399277657799593 -0.001018997254363658 -0.0027586101585554148 -0.00036106339636409693 -0.010450798450226619 -0.0026898632882311462 -0.00050515899538409635 -0.0072866588618166542
leaf_weight=560 39 52 423 265 916 1468 3264 744 1758 1956 48 82 631 1843 88 942 50 34 668 47 43 848 32 3267 739 93 58 544 516 40 1469 2000 30 3924 893 45 1229 392 3134 358 173 539 61 38 37 708 60 30 60 52 804 317 102 1531 54 102 201 175 36 57 208 44
leaf_count=560 39 52 423 265 916 1468 3264 744 1758 1956 48 82 631 1843 88 942 50 34 668 47 43 848 32 3267 739 93 58 544 516 40 1469 2000 30 3924 893 45 1229 392 3134 358 173 539 61 38 37 708 60 30 60 52 804 317 102 1531 54 102 201 175 36 57 208 44
internal_value=4.49134e-06 0.000416964 -0.000784518 -0.00174174 0.000743666 0.0005 0.000858041 -0.000615766 -0.00105186 0.00112393 -0.000810776 5.89166e-05 -0.00245412 4.64132e-05 0.000393828 -0.000388099 0.00133426 0.00173967 0.00260182 0.00481842 0.00173951 -0.000365165 0.000235047 0.000633849 0.00147581 0.00336405 0.00517297 -0.000779065 -0.00164722 0.00932211 -0.000196789 -0.000546163 -0.00210624 -0.000565215 8.54064e-06 -0.000864675 0.00130267 0.00238856 0.000140814 0.0012337 0.00296975 -0.00149993 -0.00388799 -0.00119204 0.000390966 0.00115892 0.00362505 0.00616693 -0.0038748 0.00495171 -0.000458632 -0.00158131 0.00285567 -0.00157064 -0.00217711 -0.0028937 -0.00441094 -0.00191697 -0.00330433 -0.00577332 -0.0016911 -0.00332765
internal_weight=40921 26873 14048 2104 14051 8565 4775 11944 4337 5486 913 12822 1191 3790 5551 1306 4570 2614 891 223 1511 7607 1897 4245 978 239 146 1112 568 74 7271 3567 364 5710 1786 893 1723 494 3704 570 212 648 109 1567 2678 835 127 67 98 102 1153 349 149 2579 1048 625 255 370 195 93 334 126
internal_count=40921 26873 14048 2104 14051 8565 4775 11944 4337 5486 913 12822 1191 3790 5551 1306 4570 2614 891 223 1511 7607 1897 4245 978 239 146 1112 568 74 7271 3567 364 5710 1786 893 1723 494 3704 570 212 648 109 1567 2678 835 127 67 98 102 1153 349 149 2579 1048 625 255 370 195 93 334 126
cat_boundaries=0 1 3 5 7 9 11 13 14 16 18 20 22 24 26 27 29 31 33 35 37 39 41 43 45 47 49 51 53 55 57 59 61 62 64
cat_threshold=1 1221944470 2033605880 1109426760 1086575109 1123942497 2524668428 1461999339 605638823 1489150088 269486113 137498888 75518016 1 2032438168 52439699 2421819008 2231518868 8654945 103399556 549453836 2282226128 869699723 3214420904 542752 2718441728 4 1095925120 1210064914 25707036 1073744770 1778394242 1073742849 147080324 1881165824 1884336281 431588827 1301586089 2931856656 595597348 2688625132 1023534100 1074004259 86508064 348288 69206016 49216 4489229 2496 805347456 8913169 218107904 2196 134234112 807469056 86536 679512128 1111621664 37232648 1124073544 536952833 4 266305 34078720
is_linear=0
shrinkage=0.05


Tree=78
num_leaves=63
num_cat=18
split_feature=3 3 0 1 0 1 3 1 6 11 1 9 1 1 6 3 11 1 3 9 1 11 9 11 3 9 6 5 5 9 3 6 9 5 9 1 9 6 5 5 11 1 9 11 1 9 5 1 9 9 0 1 6 5 1 9 5 1 8 7 6 9
split_gain=4.8414 1.32995 0.703474 0.597782 0.548533 0.808273 0.539576 0.446087 0.425022 0.410859 0.408507 0.369387 0.597172 0.478878 0.340904 0.320768 0.319174 0.318696 0.286545 0.274137 0.307792 0.352433 0.246789 0.385687 0.272151 0.280979 0.23594 0.241161 0.234358 0.358565 0.454524 0.365568 0.248299 0.254394 0.233834 0.394095 0.583279 0.219517 0.215783 0.212752 0.208494 0.214046 0.272963 0.252537 0.202652 0.26241 0.197059 0.295101 0.292001 0.213638 0.205526 0.226969 0.317162 0.194349 0.227283 0.247248 0.230882 0.193855 0.191493 0.222306 0.182167 0.269928
threshold=978.10000000000014 518.6500000000002 0 1 2 3 229.30000000000004 4 1.5607050000000002 5857.6633305000005 5 127.50000000000001 6 7 2.1973750000000005 218.80000000000004 4525.132305000001 8 2153.6500000000005 272.50000000000006 9 786.66750350000018 124.50000000000001 647.30008300000009 306.55000000000007 44.500000000000007 2.2380750000000007 1.3984350000000003 1.0754000000000004 222.50000000000003 656.85000000000002 1.9306150000000002 215.50000000000003 0.99136500000000016 32.500000000000007 10 22.500000000000004 2.2284850000000005 1.0665150000000001 0.97811500000000018 2437.7745045000006 11 248.50000000000003 3131.3290545000004 12 180.50000000000003 0.90595500000000018 13 285.50000000000006 139.50000000000003 14 15 2.3304050000000003 1.0417450000000004 16 142.50000000000003 1.0804050000000003 17 4.5000000000000009 8.5000000000000018 1.8656000000000004 143.50000000000003
decision_type=2 2 1 9 1 9 2 9 2 2 9 2 9 9 2 2 2 9 2 2 9 2 2 2 2 2 2 2 2 2 2 2 2 2 2 9 2 2 2 2 2 9 2 2 9 2 2 9 2 2 1 9 2 2 9 2 2 9 2 2 2 2
left_child=1 4 10 34 5 19 15 22 -3 26 14 12 -10 -13 39 -7 17 37 58 53 21 -21 23 24 25 -6 27 60 29 30 31 -15 -32 -34 35 36 -4 -16 -31 40 -2 42 -42 -44 45 -28 48 -48 -9 -49 51 52 -51 -1 55 56 -55 -20 -12 -60 61 -5
right_child=2 8 3 9 7 6 -8 46 11 -11 18 13 -14 28 16 -17 -18 -19 57 20 -22 -23 -24 -25 -26 -27 44 -29 -30 38 32 -33 33 -35 -36 -37 -38 -39 -40 -41 41 -43 43 -45 -46 -47 47 49 -50 50 -52 -53 -54 54 -56 -57 -58 -59 59 -61 -62 -63
leaf_value=-0.0014202084238105889 -0.0011998180632487527 0.002825174553050664 -0.0010546040531366624 0.00052250719119785092 -0.0065558339993003756 -0.003037871564303336 -0.001582391167779449 -0.00068479430795294577 -0.001191173477598546 0.0028741659413796783 0.00057921749958314182 0.0004529078836988706 -7.4792827877859377e-05 -0.0099730812063376847 -0.0068336550456044049 -0.0079573373840604398 0.00016775946651483909 -0.00092313047686022609 0.0019333116952305507 0.00090625417146121014 -0.00053008117316984192 0.0068844416366069666 -0.00075915695872426142 -0.001166487731573059 -0.0078404397664417046 -0.001494649261000162 0.0065624034420276693 0.0039666362509041082 6.1775689910178232e-05 -0.00041036229255507782 0.00034388378476125935 -0.0027899897279631764 -0.00056046720328075544 -0.0068412133059961985 0.00052809335789529336 0.00028392288684945632 -0.0091854246526054343 -0.0023800889060560924 -0.0046250860901988836 0.00044477610544971583 0.0002899657739223787 -0.00028899113579977041 0.0074753211863759555 0.0013496706682743912 0.0015079297740832659 0.0016156325253703864 0.0010267689918129908 -0.00087666672182532132 -0.0044588836958453235 0.0053342399211326287 -0.00063444207367640247 0.00028232286731109414 -0.00014231975841771892 0.005374618194079684 -0.00093569998512818922 -0.00077826860274586107 0.00090516303640800872 0.00076117442258939153 -0.00047220091730205017 0.0012155212950026274 0.00081289876543028182 0.0028086189556553432
leaf_weight=1013 448 116 72 230 39 504 1944 446 2016 360 3094 3414 2946 30 45 35 467 484 519 75 197 36 573 273 39 90 59 66 1553 1523 108 44 34 30 2979 255 31 74 30 2739 143 777 30 38 512 50 507 909 57 61 451 490 46 33 977 218 197 1235 1024 240 3601 295
leaf_count=1013 448 116 72 230 39 504 1944 446 2016 360 3094 3414 2946 30 45 35 467 484 519 75 197 36 573 273 39 90 59 66 1553 1523 108 44 34 30 2979 255 31 74 30 2739 143 777 30 38 512 50 507 909 57 61 451 490 46 33 977 218 197 1235 1024 240 3601 295
internal_value=4.28936e-06 -0.000523999 0.00056414 0.000907832 -0.000974616 -0.00131129 -0.00196405 -0.000532181 -0.000173543 0.00124387 0.000306548 -0.000203441 -0.000531064 3.68721e-05 -1.76793e-05 -0.00337146 -0.000813532 -0.00157252 0.000583814 -0.000710809 0.00069043 0.00265246 -0.00143145 -0.00233367 -0.00421221 -0.00306343 0.00112394 0.000988761 -0.000387064 -0.000776497 -0.00254626 -0.0057962 -0.0011226 -0.00356452 0.000381817 -0.000822831 -0.00325368 -0.00379119 -0.000494704 0.000186391 -0.000306413 9.94966e-05 0.00146904 0.00412133 0.00203342 0.00396785 -0.000218908 -3.53714e-05 -0.00112047 -0.000314561 0.000170362 0.000778391 0.00274605 -0.000890957 -0.000513992 0.000417252 0.00156692 0.00112426 0.000367427 -0.00015104 0.000940177 0.00180998
internal_weight=40921 21054 19867 8510 9210 5229 2483 3981 11844 5173 11357 11728 4962 6766 5245 539 1070 603 6112 2746 308 111 1014 441 168 129 4813 4192 3352 1799 246 74 172 64 3337 358 103 119 1553 4175 1436 988 211 68 621 109 2967 2464 503 1957 1048 597 107 2438 1425 448 230 1754 4358 1264 4126 525
internal_count=40921 21054 19867 8510 9210 5229 2483 3981 11844 5173 11357 11728 4962 6766 5245 539 1070 603 6112 2746 308 111 1014 441 168 129 4813 4192 3352 1799 246 74 172 64 3337 358 103 119 1553 4175 1436 988 211 68 621 109 2967 2464 503 1957 1048 597 107 2438 1425 448 230 1754 4358 1264 4126 525
cat_boundaries=0 1 3 4 6 8 10 12 14 16 18 20 22 24 26 27 29 31 33
cat_threshold=1 2957177264 3727823345 1 1762035902 1109602163 202375817 102271154 3487470853 1393847593 811474465 3164340328 945330560 4172106744 4751360 33555488 1090519040 1073742913 2151710848 2228224 134218752 1343243265 18350152 262144 537138212 671227912 4 16787456 16777216 553912340 1073815810 18984 590336
is_linear=0
shrinkage=0.05


Tree=79
num_leaves=63
num_cat=28
split_feature=11 3 4 1 3 5 2 1 2 1 1 9 1 2 2 1 2 1 1 2 2 5 5 4 2 2 2 1 5 9 2 9 5 1 1 5 3 4 9 5 2 5 5 11 1 8 4 5 5 9 4 8 9 1 2 8 3 3 1 4 3 2
split_gain=4.37199 1.35171 0.639387 0.646959 0.585013 0.538591 0.522781 0.646428 0.503652 0.7261 0.616628 0.471594 0.55276 0.691729 0.497686 0.690135 0.60383 0.578591 0.463354 0.54306 0.461378 0.463478 1.4787 0.672943 0.416866 0.411746 0.404708 0.379894 0.364053 0.442541 0.348644 0.337794 0.327743 0.325017 0.316974 0.316271 0.436086 0.312829 0.305711 0.356339 0.298943 0.295934 0.59538 0.295245 0.277554 1.14488 0.56011 0.493818 0.275093 0.291373 0.373383 0.366357 0.274138 0.272256 0.298689 0.357142 0.447292 0.657559 0.271215 0.296979 0.268697 0.262306
threshold=2170.1537155000001 518.6500000000002 33130.500000000007 0 229.30000000000004 1.1302450000000002 1 2 3 4 5 127.50000000000001 6 7 8 9 10 11 12 13 14 1.0775750000000002 0.99630500000000011 40891.500000000007 15 16 17 18 1.3777700000000002 148.50000000000003 19 301.50000000000006 1.342605 20 21 1.3602150000000002 765.35000000000002 38584.500000000007 146.50000000000003 1.2216650000000002 22 0.93608500000000017 0.90595500000000018 2268.4441775000009 23 3.5000000000000004 24197.500000000004 1.2129450000000002 1.015595 50.500000000000007 32867.500000000007 2.5000000000000004 119.50000000000001 24 25 2.5000000000000004 676.25000000000011 938.35000000000002 26 20339.500000000004 218.80000000000004 27
decision_type=2 2 2 9 2 2 9 9 9 9 9 2 9 9 9 9 9 9 9 9 9 2 2 2 9 9 9 9 2 2 9 2 2 9 9 2 2 2 2 2 9 2 2 2 9 2 2 2 2 2 2 2 2 9 9 2 2 2 9 2 2 9
left_child=1 2 3 4 52 6 34 -8 10 20 38 12 13 48 17 16 37 35 19 28 -10 22 23 -22 33 53 27 -20 58 -30 -6 40 -23 60 61 -13 -37 44 39 -4 -9 42 -32 -42 45 46 -16 -48 -3 -50 51 -51 -1 54 -14 56 -56 -58 -7 -60 -5 -2
right_child=5 11 8 24 30 18 7 31 9 -11 -12 14 25 -15 15 -17 -18 -19 26 -21 21 32 -24 -25 -26 -27 -28 -29 29 -31 41 -33 -34 -35 -36 36 -38 -39 -40 -41 43 -43 -44 -45 -46 -47 47 -49 49 50 -52 -53 -54 -55 55 -57 57 -59 59 -61 -62 -63
leaf_value=-0.0057191738232691223 -0.0018573491515841397 -0.0016005150581091629 -0.0033638240250322762 0.0053377482225187125 -0.000715617518146105 0.00068532255677966353 0.00015764133373286291 0.00051680184721425947 -0.00022494284232006938 -0.00049910725589960429 -0.00059779032538049236 0.0012411826574460613 -0.000665435993648446 -0.00069730868759808936 -0.0017853071356916592 0.00033483369714015798 -0.00021290075260891586 9.2374992032424598e-05 0.0033170980940205848 0.00098387863825389167 -0.0012921659753472737 -0.0002645180589752272 0.010932657037580309 0.0063609084405470643 -0.0014811815337546603 -0.0005141299484932439 0.00080363628094694262 0.0014037855843307544 -0.0086189849103140009 -0.00016503158094565153 -0.0022835357496329713 0.0049309115763161715 0.0047287399752412758 -0.00071046373042525841 0.00016178908732138918 0.0088007176717998358 0.001696772469797232 7.5692295425528448e-05 -0.0016638432183030364 -0.009244807298048675 0.0048524121800885322 -0.0018742048434336586 -0.0089994705459200009 0.0014127861564922433 -0.0015835479776526091 -5.2845235524728206e-05 -0.011970492043571236 -0.0040974571813201304 -0.0087950928693317117 -0.0091723926728480461 -0.0010292307159045046 -0.0028646104680691764 -0.0027700059011674539 0.00011454393560578255 0.00064640321763866451 0.0010384514148816899 0.010434032864607302 0.0009985723633015428 -0.0050225687552997644 -0.00078099770153908818 0.00053443916655612886 -9.8138454323018511e-05
leaf_weight=137 380 161 117 31 596 324 3131 1293 228 1469 1533 1057 101 1663 35 2419 1212 2160 318 1093 82 139 59 43 1701 2377 3147 1717 30 31 109 58 42 1602 4026 33 61 145 185 33 64 537 47 1686 412 99 59 32 31 41 81 54 193 958 46 167 48 30 45 408 327 478
leaf_count=137 380 161 117 31 596 324 3131 1293 228 1469 1533 1057 101 1663 35 2419 1212 2160 318 1093 82 139 59 43 1701 2377 3147 1717 30 31 109 58 42 1602 4026 33 61 145 185 33 64 537 47 1686 412 99 59 32 31 41 81 54 193 958 46 167 48 30 45 408 327 478
internal_value=4.06693e-06 -0.000459138 -0.000926003 -0.00128539 -0.00211809 0.000580672 0.000363214 0.000666173 -0.000442957 9.76618e-05 -0.00103444 -0.000140162 -0.000482623 -0.00114359 0.000115161 -0.000232487 -0.000918787 0.000577406 0.00092041 0.000253784 0.00155816 0.00264599 0.00447886 0.00137008 -0.000908403 -0.000118837 0.00116598 0.001719 -0.000698884 -0.00439467 -0.00164796 0.00117725 0.000913754 -0.000405821 -2.47335e-05 0.00147814 0.0042571 -0.00199469 -0.00295009 -0.0047103 0.00110798 -0.00240268 -0.00435136 0.00153253 -0.00249662 -0.00391102 -0.00722612 -0.00927658 -0.00308158 -0.00436843 -0.00354345 -0.0056541 -0.00400794 0.000575701 0.00166882 0.00247372 0.00458083 0.00686359 -0.000412446 -0.00118635 0.000937951 -0.000890924
internal_weight=40921 22692 9210 5280 1619 18229 11116 6232 3930 2062 1868 13482 5758 2031 7724 4413 1994 3311 7113 1931 593 365 184 125 3661 3727 5182 2035 838 61 1289 3101 181 1960 4884 1151 94 782 335 150 3043 693 156 1750 637 225 126 91 368 207 176 95 330 1350 392 291 124 78 777 453 358 858
internal_count=40921 22692 9210 5280 1619 18229 11116 6232 3930 2062 1868 13482 5758 2031 7724 4413 1994 3311 7113 1931 593 365 184 125 3661 3727 5182 2035 838 61 1289 3101 181 1960 4884 1151 94 782 335 150 3043 693 156 1750 637 225 126 91 368 207 176 95 330 1350 392 291 124 78 777 453 358 858
cat_boundaries=0 2 4 6 8 10 12 14 16 18 20 22 24 26 28 30 32 34 36 38 40 42 44 46 48 50 52 54 56
cat_threshold=95445505 2424869030 1104359582 2033474800 496792993 2602853754 1442777081 2418753569 16920612 1745371460 134221952 612388948 811503136 3096182888 1921384516 301989914 877355741 3372228730 1317684302 2248307735 8685600 78348672 538625036 2281719505 1489404037 403704497 159671405 71606548 536872960 83893764 1772702206 1118445679 570525066 3816954563 69758565 4428868 526888 589824 1453478176 343951233 536870916 1073760832 2152760832 1191187584 101499137 2194341894 67239950 33693698 75522065 9474 536870912 570560514 1480720384 268438032 4194452 1612714112
is_linear=0
shrinkage=0.05


Tree=80
num_leaves=63
num_cat=38
split_feature=3 3 3 4 0 1 2 1 1 2 0 2 9 1 1 2 6 9 9 2 1 2 2 2 4 1 2 1 2 2 4 1 1 3 1 6 2 3 8 6 2 4 6 0 1 2 2 1 8 1 4 4 1 6 3 6 0 2 1 0 4 2
split_gain=4.22023 1.04216 0.699729 0.671966 0.607693 0.607399 0.530037 0.79895 0.52285 0.449531 0.522161 0.43285 0.42528 0.608864 0.488165 0.911673 0.52023 1.51479 0.40459 0.400988 0.395282 0.462844 0.449996 0.391628 0.388629 0.565419 0.866851 0.429898 0.42403 0.390124 0.354606 0.357173 0.34682 0.464281 0.345835 0.337201 0.344504 0.363137 0.696956 0.446759 0.332515 0.326525 0.321889 0.318305 0.315436 0.408551 0.31029 0.309024 0.436688 0.304386 0.352488 0.609421 0.295124 0.293915 0.389286 0.439227 0.286857 0.26854 0.262682 0.262362 0.255338 0.250281
threshold=676.25000000000011 1106.6500000000003 256.45000000000005 25080.500000000004 0 1 2 3 4 5 6 7 54.500000000000007 8 9 10 1.6633750000000003 133.50000000000003 124.50000000000001 11 12 13 14 15 32308.500000000004 16 17 18 19 20 25894.500000000004 21 22 616.55000000000007 23 2.6570950000000004 24 441.55000000000007 1.5000000000000002 1.8370950000000001 25 25602.500000000004 1.8656000000000004 26 27 28 29 30 5.5000000000000009 31 34030.500000000007 32867.500000000007 32 2.0404950000000004 783.55000000000007 2.1258250000000003 33 34 35 36 27374.500000000004 37
decision_type=2 2 2 2 1 9 9 9 9 9 1 9 2 9 9 9 2 2 2 9 9 9 9 9 2 9 9 9 9 9 2 9 9 2 9 2 9 2 2 2 9 2 2 1 9 9 9 9 2 9 2 2 9 2 2 2 1 9 9 1 2 9
left_child=2 24 5 6 11 18 7 9 -8 -3 -11 -5 13 46 15 16 17 -14 43 34 21 -6 -22 -7 25 26 47 40 52 49 41 -32 33 59 35 36 -16 38 -38 -40 58 -24 -13 -1 -44 -46 -4 -2 53 -29 51 -51 -27 -49 -55 -56 -25 -33 -26 -18 -58 -10
right_child=1 3 12 4 20 23 8 -9 61 10 -12 42 14 -15 19 -17 32 -19 -20 -21 22 -23 30 56 27 28 -28 29 -30 -31 31 57 -34 -35 -36 -37 37 -39 39 -41 -42 -43 44 -45 45 -47 -48 48 -50 50 -52 -53 -54 54 55 -57 60 -59 -60 -61 -62 -63
leaf_value=-0.0085801374417944602 -0.0013349567172087973 -0.00071974734246020447 -0.00019208296428132601 -2.2215087950196893e-05 -0.00033099910048719523 -0.00019743137065842743 -0.00038349836355395405 0.00010407315650628286 0.0019967616818159289 -0.008117179735754541 -0.0027523233630647585 0.0029584239035635894 -0.01356900596771371 -0.00065793954721043546 -0.00036899827488620456 -0.00034075713845169864 -0.0012651394732088332 -0.0018953340867466188 -0.0020247772773868728 -0.00041508753593677789 0.00039111401961084921 0.00064323846005688394 0.0016875157585762612 -0.00028988390857268486 -6.1397751156427581e-05 -0.00013884661196227586 -0.00035068460954479081 0.00040194554763926338 -0.0004313059020433146 0.00030533105314773187 0.00060298894837862861 0.00082153351260688494 -0.0010457399459364871 -0.0092130645466010821 -0.00017970097595208185 0.0051999820743031493 -0.0010867160406498309 0.00066699295618549356 0.0029656705224838601 0.0091150836374303754 8.4217525252944299e-05 0.0072908927011241693 0.00064237965695418322 -0.0037492177498907871 0.003294928104185758 0.0013229053189107911 -0.0032196795857664289 -0.0071265952275482679 0.00074779265731847726 -0.00016657027736073361 0.0018325839855526432 0.0086236402130065552 0.0012146168221341151 0.0004562413654639386 -0.00083410765518367831 -0.0080901726191884588 -0.0032961252573300336 0.0024607165968719377 -0.0024028876908908439 -0.005036634626917981 -0.001558626005229088 0.00054799712521088977
leaf_weight=51 229 219 117 515 2113 712 1098 833 480 60 185 364 37 1363 274 2027 131 105 222 4409 2563 2857 60 291 217 730 1157 322 2441 2075 1215 438 605 30 845 51 53 234 67 54 1510 46 976 109 361 1130 451 96 38 31 369 53 892 43 34 54 300 709 277 71 726 830
leaf_count=51 229 219 117 515 2113 712 1098 833 480 60 185 364 37 1363 274 2027 131 105 222 4409 2563 2857 60 291 217 730 1157 322 2441 2075 1215 438 605 30 845 51 53 234 67 54 1510 46 976 109 361 1130 451 96 38 31 369 53 892 43 34 54 300 709 277 71 726 830
internal_value=-1.72771e-05 0.000335392 -0.00074771 0.000577169 0.000742528 -0.00151855 -1.85667e-05 -0.000829346 0.000419998 -0.00246868 -0.00393391 0.00132576 -0.000577457 -0.00125056 -0.000432803 -0.000951411 -0.00219792 -0.00501068 -0.0033336 -0.000170427 0.000547286 0.000229224 0.00085922 -0.00115326 -5.47447e-05 -0.000334179 -0.00111082 0.000274199 -1.56231e-05 0.000667309 0.00134145 0.00121873 -0.00174155 -0.0033549 0.000511307 0.00129878 0.00101887 0.00191183 0.00368179 0.00576226 -0.000286817 0.00416458 0.00156545 -0.0053328 0.00136514 0.001821 -0.00261153 -0.00284472 -0.00404418 0.00161864 0.00245345 0.00541584 0.000608643 -0.0050235 -0.00343999 -0.00532756 -0.00166408 0.00184852 -0.00139808 -0.00260904 -0.00206938 0.00109105
internal_weight=40955 27620 13335 17052 13347 2411 3705 1297 2408 464 245 3346 10924 1931 8993 3006 979 142 382 5987 10001 4970 5031 2029 10568 5714 1651 4854 4063 2850 2468 2362 837 232 1578 733 682 408 174 121 2004 106 2831 160 2467 1491 568 494 265 775 453 84 1622 227 131 88 1317 1147 494 202 1026 1310
internal_count=40955 27620 13335 17052 13347 2411 3705 1297 2408 464 245 3346 10924 1931 8993 3006 979 142 382 5987 10001 4970 5031 2029 10568 5714 1651 4854 4063 2850 2468 2362 837 232 1578 733 682 408 174 121 2004 106 2831 160 2467 1491 568 494 265 775 453 84 1622 227 131 88 1317 1147 494 202 1026 1310
cat_boundaries=0 1 3 5 7 9 11 12 14 16 18 20 22 24 26 28 30 32 34 36 38 40 42 44 46 48 50 51 53 55 57 59 61 63 64 66 68 69 71
cat_threshold=4 340787200 8912924 147654696 76720050 135299747 2155364357 1373253900 4146211261 134217736 8529202 4 1342439443 151322656 838882816 160031236 115736715 873862306 4851873 61846084 142607170 195702874 4249260077 495756715 1103374025 558163432 1607638198 2655533126 138127792 1152458800 356516391 2449937698 553668804 109615232 1253844825 2927726757 1766193472 3540584648 1108366400 1686765642 45630736 1073764436 4587530 1048610 22532 1208576769 134218240 52436994 1149272640 210436112 4 1892082834 4127730598 2080 61460 1073152 704 335544865 1056 809504768 1093150784 1312216 1157646873 4 598272 1619085057 1082401024 209719328 1 337797312 1611202625
is_linear=0
shrinkage=0.05


Tree=81
num_leaves=63
num_cat=16
split_feature=11 11 4 2 4 0 9 9 2 2 2 2 2 5 2 6 4 5 6 5 2 11 2 4 6 9 2 11 6 5 4 8 4 6 9 6 4 11 2 7 11 5 5 6 11 2 2 5 9 2 5 11 6 9 11 11 9 9 2 5 9 6
split_gain=3.7275 1.03139 0.630521 0.596833 0.57166 0.599977 0.486852 0.705052 0.479511 0.468721 0.46673 0.443295 0.368757 0.350691 0.404278 0.429123 0.53542 0.314014 0.306488 0.292865 0.43526 0.292763 0.284487 0.266069 0.265076 0.394628 0.244375 0.250837 0.239977 0.236382 0.23198 0.248831 0.27038 0.41161 0.229923 0.225396 0.22132 0.210148 0.296209 0.425438 0.193917 0.191129 0.200941 0.190969 0.252187 0.207269 0.20531 0.203892 0.353486 0.181784 0.189878 0.180592 0.426036 0.176783 0.174077 0.169994 0.167128 0.166153 0.16465 0.166054 0.172803 0.282342
threshold=2015.1387165000003 744.77454200000011 31576.500000000004 0 24984.500000000004 1 73.500000000000014 67.500000000000014 2 3 4 5 6 1.2972450000000002 7 2.0257750000000008 31286.500000000004 1.3984350000000003 1.8656000000000004 0.96965500000000004 8 433.86843749999997 9 25703.500000000004 2.2184350000000008 255.50000000000003 10 830.91147350000017 1.7445400000000002 1.2388600000000001 41541.500000000007 4.5000000000000009 36058.500000000007 1.8106100000000003 38.500000000000007 1.5360550000000004 28005.500000000004 2217.8570920000002 11 5.5000000000000009 5857.6633305000005 1.3848450000000001 1.3984350000000003 2.0952250000000006 6004.0237970000007 12 13 0.94904500000000003 253.50000000000003 14 0.94720500000000019 4929.0453135000016 2.2550900000000005 292.50000000000006 1976.4797100000001 1085.1081925000001 261.50000000000006 12.500000000000002 15 0.99630500000000011 142.50000000000003 2.1776650000000006
decision_type=2 2 2 9 2 1 2 2 9 9 9 9 9 2 9 2 2 2 2 2 9 2 9 2 2 2 9 2 2 2 2 2 2 2 2 2 2 2 9 2 2 2 2 2 2 9 9 2 2 9 2 2 2 2 2 2 2 2 9 2 2 2
left_child=1 3 8 -1 11 9 7 21 17 -6 28 -2 30 22 15 16 -15 34 -11 20 24 36 37 56 -10 -26 -21 -28 -4 -30 31 -8 33 -33 55 -12 -5 38 39 -7 -20 49 -43 46 45 51 -25 -48 -49 -14 -51 -45 -53 58 -29 -3 -24 -37 59 -13 61 -61
right_child=4 2 10 6 5 13 12 -9 19 18 35 53 41 14 -16 -17 -18 -19 40 26 -22 -23 23 43 25 -27 27 54 29 -31 -32 32 -34 -35 -36 57 -38 -39 -40 -41 -42 42 -44 44 -46 -47 47 48 -50 50 -52 52 -54 -55 -56 -57 -58 -59 -60 60 -62 -63
leaf_value=-0.00054995193630085306 0.00068061171188470453 -0.002554452782205772 0.0010448080187614864 -0.0075824032675220884 0.00016695678009896145 0.00010394602682208643 -0.0020683547342442441 -0.0098612383910221986 -0.0023431807849013759 0.0029484280129917378 0.0032681063397772495 6.4024901010835205e-05 6.8770593504501669e-05 0.01005899969819247 0.00067027448486234363 0.0015212989383389562 0.0026112571548271395 0.0036496791735351926 0.0011791551929096625 -0.00011990416918681901 -0.0009673589481161781 -0.001800577827586531 0.0017742327588285149 0.00036650183958933076 -0.0080773646310262851 -0.0012675375955748477 -0.003145812704897253 -0.00079525932899735723 -0.0010507834403209885 0.0003599911500665075 0.0009554491613843393 -0.0089416685950709507 -0.00084866439838630252 -0.0027515408105261343 -0.00010560962005082191 -0.00097631060459061844 -0.0027978264509406245 0.00016910043740434478 -0.00026307799494161761 -0.0061735050802356759 0.002998047857284128 -0.0064046226882055642 -0.00077369312286574513 -0.0005444624404294787 0.0017664447582289664 0.0002550072700969702 0.00034562168285305638 0.0013539796515385635 0.0049382687569595879 -0.0025138888099241912 -0.00082992716952438352 -0.0069591287339694401 0.00056434111199785933 -0.0023005277203653456 -0.0036368091232101768 -0.00065834539742338659 0.0058680281502846258 0.00029670501051816558 -5.3681428552666854e-05 -0.0011065172800786085 -0.00055531667323928152 -0.0045006394114049421
leaf_weight=2496 1405 159 199 43 948 49 318 35 279 308 61 289 430 37 1324 266 69 51 2557 1139 882 320 137 1532 55 35 134 1509 1527 368 43 53 37 56 3562 268 58 4232 482 59 155 31 32 366 212 1350 449 861 74 209 836 37 37 117 55 457 30 5452 1832 172 285 95
leaf_count=2496 1405 159 199 43 948 49 318 35 279 308 61 289 430 37 1324 266 69 51 2557 1139 882 320 137 1532 55 35 134 1509 1527 368 43 53 37 56 3562 268 58 4232 482 59 155 31 32 366 212 1350 449 861 74 209 836 37 37 117 55 457 30 5452 1832 172 285 95
internal_value=-1.64312e-05 -0.000477132 -0.000283307 -0.00110501 0.000477436 0.000616996 -0.00164972 -0.0031328 -0.000586886 0.00114768 3.73449e-05 -4.06085e-05 -0.00132572 0.000435429 0.00109961 0.00253581 0.00528065 -0.000211495 0.00145003 -0.000972184 -0.00161175 -0.00255138 0.000321628 0.000581985 -0.00303699 -0.00547213 -0.000693121 -0.00107033 -0.000600379 -0.000776772 -0.00248977 -0.00286396 -0.004571 -0.00581534 -0.000259996 0.000268979 -0.00488919 4.57049e-05 -0.000837412 -0.00306902 0.00128418 -0.000918475 -0.00360125 0.00051617 0.000140039 -5.34644e-05 0.000774269 0.00121364 0.00164263 -0.000807749 -0.00115773 -0.000981862 -0.00324003 -0.000404905 -0.000897446 -0.00115111 0.0025402 0.0002369 -0.000322617 -0.000896411 -0.00141466 -0.00232645
internal_weight=40955 21189 16192 4997 19766 15571 2501 456 8317 3968 7875 4195 2045 11603 1696 372 106 4229 3020 4088 1251 421 9907 5085 369 90 2837 1698 2094 1895 507 464 146 109 4178 5781 101 4822 590 108 2712 1538 63 4918 2002 1790 2916 1384 935 1475 1045 440 74 2790 1564 616 167 5720 2673 841 552 267
internal_count=40955 21189 16192 4997 19766 15571 2501 456 8317 3968 7875 4195 2045 11603 1696 372 106 4229 3020 4088 1251 421 9907 5085 369 90 2837 1698 2094 1895 507 464 146 109 4178 5781 101 4822 590 108 2712 1538 63 4918 2002 1790 2916 1384 935 1475 1045 440 74 2790 1564 616 167 5720 2673 841 552 267
cat_boundaries=0 2 3 5 7 9 11 13 15 17 19 21 23 25 27 29 31
cat_threshold=2033292189 1153967710 4 1485695802 3382904123 2013529107 159712488 1141318241 88473625 120627393 3276604489 38535170 34721824 3162117 20055058 537920513 34088960 1540412620 678655331 537924608 306982912 9437256 134283264 67379200 294928 141874 2483063316 2144 257 8456232 75677840
is_linear=0
shrinkage=0.05


Tree=82
num_leaves=63
num_cat=30
split_feature=3 3 3 4 1 1 2 2 5 2 1 9 2 9 1 2 1 2 6 9 2 5 4 1 2 2 5 4 1 3 1 11 1 4 1 5 9 11 1 2 4 1 3 5 4 2 1 9 6 5 4 2 1 11 2 4 6 1 2 1 9 9
split_gain=3.49146 0.847187 0.580558 0.55096 0.549219 0.496731 0.713011 0.443632 0.440182 0.501978 0.428761 0.423803 0.365472 0.361533 0.552303 0.440513 0.436837 0.827257 0.548498 1.6748 0.371994 0.353363 0.69998 0.35265 0.404811 0.387281 0.3508 0.353184 0.345018 0.342244 0.333331 0.755434 0.314521 0.381496 0.313989 0.331396 0.307963 0.40927 0.297193 0.319023 0.732115 0.291693 0.490947 0.374293 0.604598 0.279351 0.380239 0.434019 0.437074 0.274917 0.269607 0.650687 0.550919 1.5548 0.332365 0.448888 0.385648 0.296634 0.330219 0.289712 0.279936 0.383339
threshold=676.25000000000011 1106.6500000000003 256.45000000000005 25080.500000000004 0 1 2 3 1.3173550000000003 4 5 124.50000000000001 6 54.500000000000007 7 8 9 10 1.6633750000000003 133.50000000000003 11 1.0278200000000002 27483.500000000004 12 13 14 1.0564050000000003 27121.500000000004 15 2766.0500000000006 16 2454.7386885000005 17 19421.500000000004 18 1.3551400000000002 177.50000000000003 3469.2539180000003 19 20 20548.000000000004 21 616.55000000000007 1.0332800000000002 35875.500000000007 22 23 77.500000000000014 1.9626400000000002 1.3984350000000003 37523.500000000007 24 25 3159.4156770000004 26 25894.500000000004 2.1725850000000002 27 28 29 160.50000000000003 196.50000000000003
decision_type=2 2 2 2 9 9 9 9 2 9 9 2 9 2 9 9 9 9 2 2 9 2 2 9 9 9 2 2 9 2 9 2 9 2 9 2 2 2 9 9 2 9 2 2 2 9 9 2 2 2 2 9 9 2 9 2 2 9 9 9 2 2
left_child=2 23 4 5 11 6 32 38 10 36 45 21 -6 14 15 -4 17 18 19 -15 -18 -1 -23 24 -2 28 27 -17 -25 50 31 -9 -3 -34 35 -11 -10 -38 39 40 -7 42 43 44 -20 46 47 48 -5 -22 54 52 53 -52 -12 56 -56 -57 -59 -53 -54 -62
right_child=1 3 13 8 12 7 -8 30 9 34 29 -13 -14 16 -16 26 20 -19 41 -21 49 22 -24 25 -26 -27 -28 -29 -30 -31 -32 -33 33 -35 -36 -37 37 -39 -40 -41 -42 -43 -44 -45 -46 -47 -48 -49 -50 -51 51 59 60 -55 55 57 -58 58 -60 -61 61 -63
leaf_value=-0.0026039364364502642 -0.00094870189918467348 -0.00035646054887566005 -0.00057267973443501084 -0.0019348213538144005 0.0002345551312259634 -0.0084128160448587973 -4.7130865672218673e-05 0.0093171174863527998 0.002261890173526879 -0.0045399510022692104 5.59202822076045e-05 -0.0017733773249433205 -0.0013949503661626981 -0.014875023107213732 -0.00056510081920605642 -0.005627906484373303 -0.00053833886584014011 -0.00031493821170658159 -0.0020499632880517575 -0.0018110947463615698 0.00019048898027240743 -0.0021506635741978834 -0.011488111613397585 0.00039614521648929604 6.2419548338719659e-05 0.0004945155528197487 -0.0077234148733421326 -0.0019407653147209204 -0.00075073759710006353 0.0017393943302740811 0.00029010578303922762 0.0014204585513013246 -0.00089618497044688817 -0.0053020529538975814 0.0011563108767897793 0.00055194320918900178 0.009665132059550767 0.0025680845667084215 0.0002205838838319831 -0.00054074734041032857 -0.00019686186061659041 -0.00084664388937051149 -0.0083454467073032588 -0.00059902649449374826 -0.010204240131861298 0.00035831005209288874 -5.9424339986424443e-05 -0.0011191769269134966 -0.010276018732017087 0.0041283235841223769 0.01340113458037112 -0.0016268003450126602 0.00059883504172131112 0.0013838266774488968 0.0018602726188304518 0.00016919698352471711 0.0073460439144400888 0.002528248254037164 0.0007125206545440339 0.00076335112436192343 0.0069946728465320705 0.0019729382175346297
leaf_weight=71 1881 107 225 33 440 50 783 31 385 52 2629 210 1608 32 1338 90 2981 2060 81 97 2962 36 46 1100 2081 3909 44 234 1597 799 902 584 71 162 1007 80 35 49 677 280 58 512 36 157 31 2402 655 159 30 44 43 129 272 70 115 1368 44 351 913 1474 46 207
leaf_count=71 1881 107 225 33 440 50 783 31 385 52 2629 210 1608 32 1338 90 2981 2060 81 97 2962 36 46 1100 2081 3909 44 234 1597 799 902 584 71 162 1007 80 35 49 677 280 58 512 36 157 31 2402 655 159 30 44 43 129 272 70 115 1368 44 351 913 1474 46 207
internal_value=-1.56625e-05 0.000305115 -0.000680042 0.000523104 -0.00138218 -1.63319e-05 -0.000889104 0.000365491 0.000672837 0.00144851 0.000566471 -0.00315824 -0.00104548 -0.000524963 -0.00114557 -0.00240219 -0.000391591 -0.000882153 -0.0020995 -0.00514125 -0.000143467 -0.00524025 -0.00746405 -4.66392e-05 -0.000418918 0.000177034 -0.0034717 -0.00297914 -0.00028326 0.000754191 0.000912292 0.0018037 -0.00276588 -0.00380639 0.00085323 -0.00137 0.00281133 0.00560411 -0.000414744 -0.00149881 -0.0037031 -0.00163919 -0.00284196 -0.00218251 -0.00437728 7.95188e-05 -0.000679038 -0.00241806 -0.00600532 0.000248655 0.000652211 0.00111344 0.0024507 0.00554759 0.000461338 0.000839858 0.00341477 0.000686258 0.00123419 0.000561229 0.00168396 0.00290992
internal_weight=40955 27620 13335 17052 2411 3705 1123 2582 13347 1608 11739 363 2048 10924 1931 593 8993 3006 946 129 5987 153 82 10568 3962 6606 368 324 2697 8460 1517 615 340 233 1139 132 469 84 1065 388 108 817 305 269 112 3279 877 222 63 3006 7661 2241 638 113 5420 2791 159 2632 1264 1603 525 253
internal_count=40955 27620 13335 17052 2411 3705 1123 2582 13347 1608 11739 363 2048 10924 1931 593 8993 3006 946 129 5987 153 82 10568 3962 6606 368 324 2697 8460 1517 615 340 233 1139 132 469 84 1065 388 108 817 305 269 112 3279 877 222 63 3006 7661 2241 638 113 5420 2791 159 2632 1264 1603 525 253
cat_boundaries=0 2 4 6 8 10 12 14 16 18 20 22 24 26 28 30 32 34 36 38 40 42 44 46 48 50 52 54 56 58 60
cat_threshold=340789248 8912916 14450688 3295822005 13109408 604160004 1640305722 313573306 2113605 7554070 3762741384 494941410 138119472 78651424 905991681 160031232 68182152 132801 115736715 873862306 5114017 53457476 1986001961 274025252 391915123 2986840228 1699110983 252238065 10192614 146387744 539120000 1226836058 2885681843 143397888 8912896 1073873025 1140850693 257 134218407 786432 553648136 8422016 4587530 68157474 12846098 3481860 2147508232 142606464 1747730437 697303570 8391168 538968832 2094416053 781930018 428869937 3761176596 2166336 1074012288 0 4260097
is_linear=0
shrinkage=0.05


Tree=83
num_leaves=63
num_cat=20
split_feature=3 3 3 4 0 1 1 1 1 7 1 1 4 1 1 9 0 4 1 5 0 5 9 5 0 1 11 5 11 9 5 4 9 9 6 5 11 6 4 4 5 11 4 1 4 5 1 6 1 5 4 5 6 6 11 3 1 6 5 1 9 1
split_gain=3.15458 0.765262 0.524303 0.497862 0.503365 0.48559 0.452814 0.384278 0.345691 0.330961 0.442912 0.426137 0.32519 0.493525 0.375208 0.318232 0.296817 0.313456 0.299831 0.347833 0.284021 0.261887 0.254507 0.313453 0.249554 0.30496 0.446978 0.231752 0.211433 0.365277 0.206056 0.204812 0.231504 0.458309 0.202659 0.197735 0.191297 0.190789 0.187561 0.257638 0.186374 0.254171 0.18629 0.298664 0.480194 0.253062 0.432765 0.240006 0.210508 0.184218 0.227544 0.393643 0.512846 0.185317 0.180327 0.249389 0.18576 0.333266 0.176679 0.281165 0.608374 0.201351
threshold=676.25000000000011 1106.6500000000003 256.45000000000005 25080.500000000004 0 1 2 3 4 2.5000000000000004 5 6 32308.500000000004 7 8 124.50000000000001 9 26785.500000000004 10 0.95265500000000014 11 1.3500900000000002 113.50000000000001 1.1243150000000002 12 13 1517.3595280000002 1.3473700000000002 2437.7745045000006 159.50000000000003 1.4109000000000003 25894.500000000004 136.50000000000003 191.50000000000003 2.1973750000000005 0.78726500000000021 896.60391800000014 1.8328100000000001 45121.500000000007 47497.500000000007 0.93608500000000017 412.82351550000004 28723.500000000004 14 47497.500000000007 1.0296750000000003 15 2.1258250000000003 16 0.9224150000000001 33621.500000000007 1.2048900000000002 2.0284150000000003 1.6253450000000003 2015.1387165000003 1023.9500000000002 17 2.2094600000000004 1.2259850000000003 18 177.50000000000003 19
decision_type=2 2 2 2 1 9 9 9 9 2 9 9 2 9 9 2 1 2 9 2 1 2 2 2 1 9 2 2 2 2 2 2 2 2 2 2 2 2 2 2 2 2 2 9 2 2 9 2 9 2 2 2 2 2 2 2 9 2 2 9 2 9
left_child=2 12 5 6 7 15 28 21 27 10 -4 36 13 54 -14 20 -7 40 19 -19 -1 -5 23 -21 25 26 -13 -6 29 -3 42 32 -10 -34 -35 -8 -11 -9 -38 -40 41 -18 45 44 -44 46 47 -26 -47 -16 51 -51 -53 -52 55 -2 57 -56 61 60 -60 -33
right_child=1 3 9 4 8 16 35 37 31 11 -12 24 14 -15 49 -17 17 18 -20 22 -22 -23 -24 -25 30 -27 -28 -29 -30 -31 -32 58 33 34 -36 -37 38 -39 39 -41 -42 -43 43 -45 -46 48 -48 -49 -50 50 53 52 -54 -55 56 -57 -58 -59 59 -61 -62 -63
leaf_value=-0.0077705551630060654 -0.0013246767683580537 -0.0053911421528689309 -0.0021516074755568433 0.00032500427905404419 6.1330869267664046e-05 8.920372387335139e-05 0.0042286180741939461 0.0033143500389480559 0.00047234789794075747 -0.0013063483680792074 -0.00056982605156246887 0.0009720706587898276 -0.00029792792290427115 -3.7491021657602629e-05 -0.0002250634729277438 -0.0017742042956860596 -0.0072375031992454424 -0.0023933017974741237 -0.0012960651269231409 0.0014205548298681001 -0.0032171311795933764 0.0029229494622753315 0.00011468875786199028 0.0079362835107942026 -0.002716057746486816 -0.00015642200114027364 0.0066491574424986004 0.0013300625279729936 -0.00066129464074864792 0.0001792905086336692 0.0036312583313591663 0.00013136202160160071 0.0089906207152507123 3.3042514327722271e-05 0.0050888694758008746 0.00027438969387708805 -0.00036853659581381575 0.0014814746569981033 -0.005265076750049745 0.00018986883678291812 -0.0019169753603466792 -0.0019952350017354964 0.00043113821009172859 -0.00045800375967684504 0.0065734854086203446 -0.0010259125172245099 -0.00089509078463031664 -0.0077381964828375548 0.00040256849737583205 0.00088638475633940434 0.0032543801139581774 0.0017670537591260719 0.0093405805331516403 0.00052126386631970781 -0.00016683437064057217 -0.0056279286464476696 0.0005560463192509933 -0.0062761915309238253 0.0014602236720141569 0.0007980506055503718 0.0075275871731045538 0.00086835624909598606
leaf_weight=51 973 65 638 1280 4532 483 31 154 98 1310 1477 564 1872 4344 545 222 43 63 891 47 109 104 89 30 59 869 36 390 879 53 32 1783 30 55 30 2677 1552 1808 46 40 332 51 897 1780 32 471 533 41 547 223 63 58 36 2057 74 34 258 31 179 900 53 1951
leaf_count=51 973 65 638 1280 4532 483 31 154 98 1310 1477 564 1872 4344 545 222 43 63 891 47 109 104 89 30 59 869 36 390 879 53 32 1783 30 55 30 2677 1552 1808 46 40 332 51 897 1780 32 471 533 41 547 223 63 58 36 2057 74 34 258 31 179 900 53 1951
internal_value=-1.49413e-05 0.000289968 -0.000646456 0.000497149 0.000639484 -0.00131371 -1.56345e-05 0.00117029 0.000461795 -0.000499081 -0.00106063 -0.000364151 -4.43461e-05 -0.000299958 0.000256553 -0.00293537 -0.000987779 -0.00133047 -0.000889999 0.000714009 -0.00470778 0.000518452 0.00194331 0.00402835 -0.000116405 0.000447338 0.00130154 0.000161781 -0.000920707 -0.00290869 -0.000305286 0.00075065 0.00226672 0.00377857 0.00185588 0.000320019 -0.000853205 0.00161871 -0.000495431 -0.00275487 -0.00248374 -0.00444424 -0.000335004 -7.97777e-05 0.000642646 -0.000753483 -0.00153769 -0.00439611 -0.000264825 0.000603597 0.000791407 0.00203902 0.00473534 0.00060398 -0.00112309 -0.00147541 -0.000175204 -0.00183923 0.000685378 0.00123244 0.00275444 0.000519245
internal_weight=40955 27620 13335 17052 13347 2411 3705 3346 10001 10924 2115 8809 10568 5714 4854 382 2029 1546 1120 229 160 1384 166 77 5861 1469 600 4922 997 118 4392 5079 213 115 85 2708 2948 1962 1638 86 426 94 4360 2709 929 1651 633 100 1018 2982 2437 317 94 2120 1370 1007 363 105 4866 1132 232 3734
internal_count=40955 27620 13335 17052 13347 2411 3705 3346 10001 10924 2115 8809 10568 5714 4854 382 2029 1546 1120 229 160 1384 166 77 5861 1469 600 4922 997 118 4392 5079 213 115 85 2708 2948 1962 1638 86 426 94 4360 2709 929 1651 633 100 1018 2982 2437 317 94 2120 1370 1007 363 105 4866 1132 232 3734
cat_boundaries=0 1 3 5 7 9 11 13 15 17 18 20 21 22 24 26 28 30 32 34 36
cat_threshold=4 340787200 8912924 14450688 3294757045 1080485019 4262075362 4182151341 495756715 905991680 160031232 115736715 873862306 356516356 2449937664 1119627081 2927726757 4 3372482688 285222912 4 4 1360010496 134259280 20516 3221823745 16793632 134217744 537967396 3256885825 268435968 33620992 550912 2684420096 68709392 2182107204
is_linear=0
shrinkage=0.05


Tree=84
num_leaves=63
num_cat=19
split_feature=3 3 3 2 4 2 0 2 2 2 6 11 4 2 4 6 5 2 11 4 9 10 2 0 9 9 5 9 5 3 6 11 11 5 2 4 4 0 9 2 4 5 5 6 3 9 3 4 6 9 2 6 2 11 0 2 6 2 5 7 4 2
split_gain=2.84965 0.699638 0.473677 0.389094 0.389073 0.467365 0.347605 0.50276 0.344264 0.340586 0.31837 0.325874 0.307832 0.307195 0.269167 0.279643 0.262821 0.337755 0.306119 0.26043 0.2695 0.267314 0.251404 0.233472 0.231983 0.263668 0.221638 0.24209 0.481569 0.253504 0.520965 0.220361 0.213734 0.210854 0.224433 0.222825 0.448355 0.222924 0.206844 0.212494 0.258482 0.204098 0.197701 0.202289 0.189074 0.213451 0.352414 0.21761 0.188418 0.188356 0.187974 0.22009 0.182931 0.179873 0.175629 0.239298 0.172901 0.171546 0.170363 0.200594 0.169148 0.165451
threshold=676.25000000000011 1330.2500000000002 256.45000000000005 0 35590.000000000007 1 2 3 4 5 2.1973750000000005 4525.132305000001 37019.500000000007 6 33621.500000000007 1.2642050000000002 0.92444500000000007 7 947.87972550000006 37119.500000000007 276.50000000000006 1.0000000180025095e-35 8 9 32.500000000000007 22.500000000000004 1.3076450000000002 124.50000000000001 1.1812750000000001 161.75000000000003 2.4445050000000004 6174.932385000001 5627.5755800000015 1.2418750000000003 10 32719.500000000004 33948.500000000007 11 118.50000000000001 12 41694.000000000007 1.4109000000000003 1.1113250000000001 2.6306300000000005 1115.7500000000002 75.500000000000014 1174.0500000000002 36344.500000000007 2.6808200000000002 136.50000000000003 13 2.2316800000000003 14 619.1701240000001 15 16 2.0284150000000003 17 1.3551400000000002 4.5000000000000009 13893.500000000002 18
decision_type=2 2 2 9 2 9 1 9 9 9 2 2 2 9 2 2 2 9 2 2 2 2 9 1 2 2 2 2 2 2 2 2 2 2 9 2 2 1 2 9 2 2 2 2 2 2 2 2 2 2 9 2 9 2 1 9 2 9 2 2 2 9
left_child=2 4 3 53 5 -2 8 19 10 44 32 61 26 42 16 -16 17 18 23 20 24 -22 -17 -15 25 -8 27 28 29 30 -5 60 -3 54 -35 37 -37 49 39 40 -11 52 43 -4 -6 46 -46 -47 -24 -36 51 -40 -18 -1 -7 -56 -42 -13 -10 -60 -9 -12
right_child=1 6 13 12 9 33 7 31 58 38 11 57 -14 14 15 22 41 -19 -20 -21 21 -23 48 -25 -26 -27 -28 -29 -30 -31 -32 -33 -34 34 35 36 -38 -39 50 -41 56 -43 -44 -45 45 47 -48 -49 -50 -51 -52 -53 -54 -55 55 -57 -58 -59 59 -61 -62 -63
leaf_value=-0.00073113369078407764 -0.00049506973732925689 0.00020301337992962014 -0.0012305165877498257 -0.010247685986330673 0.00069977975944794939 0.00061106684325041313 -0.00030156485205225182 -0.001593996161048586 0.0005606091633744702 -0.00080282010965484053 -0.00016788763571373027 0.0010611522867660379 -0.00050068034241716698 -0.0032015518150142123 0.0044086890828718122 0.00090828916446751757 -0.00013133477239629247 -0.00074919228152927047 -0.0014544504931074545 0.0012240816800663087 -0.00083433963366339673 -0.0065123958768926035 -0.00033637908864895096 -0.0083330145706674349 0.0001537467802401824 -0.004917522280947214 -0.00044750290400720087 -0.0018225538684145872 -0.008278257261105303 -0.0017319805200660247 -0.0027516619761757156 0.002528630723513 0.0035021226397948337 -1.9313091478020779e-05 0.00035852682757972471 0.0067104506953910466 0.00047664836104471055 0.00053433364630131196 -0.00026016587154466768 -6.8918900189141917e-05 -0.0071154766294057488 0.0034297478028955603 -0.00043152536865584282 -0.0049319091896904872 0.0081363086118311483 0.0053045191109225521 0.0014447696238360605 0.00086804762688583159 0.0014231680656343493 0.0054422160470610527 0.0005785538080047203 -0.0048606322787236424 -0.00082329993386454016 0.001568605283729642 -0.00071878666725862911 0.00020993129389685513 -0.0019516505111823791 -0.00061330896191535544 0.0055550079902097812 0.0013516277333314338 0.0010404566392145276 -0.002448328180691503
leaf_weight=998 4836 2725 1467 30 1279 952 79 61 3624 180 122 217 326 61 35 583 2436 809 130 327 54 33 2505 36 846 50 143 476 46 203 97 250 49 469 30 54 61 414 111 805 31 34 1055 37 33 30 48 262 161 46 1548 33 1575 92 1168 1678 35 454 32 213 4087 294
leaf_count=998 4836 2725 1467 30 1279 952 79 61 3624 180 122 217 326 61 35 583 2436 809 130 327 54 33 2505 36 846 50 143 476 46 203 97 250 49 469 30 54 61 414 111 805 31 34 1055 37 33 30 48 262 161 46 1548 33 1575 92 1168 1678 35 454 32 213 4087 294
internal_value=-1.42277e-05 0.000275571 -0.000614445 -0.00124867 2.91986e-05 -0.000147505 0.000532602 0.000825629 0.000313152 0.00041946 -2.16411e-05 -0.000746613 -0.00182227 -0.000474367 -0.000326284 2.6126e-05 -0.000554659 -0.00126489 -0.00293005 -7.50475e-06 -0.000387587 -0.00303762 -2.24274e-05 -0.00517161 -0.000148253 -0.00211476 -0.00227263 -0.00257808 -0.00352717 -0.00284189 -0.0045886 0.00108624 0.00026253 0.000198131 0.000816748 0.00144038 0.00343644 0.000995208 7.55492e-05 -0.000474813 -0.00172477 -0.000372489 -0.000953113 -0.00132479 0.000983694 0.00197905 0.00423693 0.0013404 -0.000228768 0.00346621 0.000417936 -0.00125419 -0.000405566 -0.000530901 2.35512e-05 -0.000173121 -0.00444708 -6.43541e-05 0.00064556 0.00192099 0.00100134 -0.00184429
internal_weight=40955 27620 13335 2411 14103 9708 13517 5787 7730 4395 3861 1087 1321 10924 8365 3284 5081 1036 227 1389 1062 87 3249 97 975 129 995 852 376 330 127 4398 2774 4872 1074 605 115 490 2743 1051 246 4045 2559 1504 1652 373 81 292 2666 76 1692 144 4011 1090 3798 2846 66 671 3869 245 4148 416
internal_count=40955 27620 13335 2411 14103 9708 13517 5787 7730 4395 3861 1087 1321 10924 8365 3284 5081 1036 227 1389 1062 87 3249 97 975 129 995 852 376 330 127 4398 2774 4872 1074 605 115 490 2743 1051 246 4045 2559 1504 1652 373 81 292 2666 76 1692 144 4011 1090 3798 2846 66 671 3869 245 4148 416
cat_boundaries=0 2 4 5 7 9 11 13 15 17 18 20 21 23 25 27 28 30 32 34
cat_threshold=137987000 1169760762 664146631 182311844 1 1908670486 184944184 148835500 918617576 731518980 578927400 1112148001 2690465832 536895492 43264 2101378 134256788 1 1476921632 2955018313 2 1140851777 524368 294912 16908288 605123164 1226974531 4 271147056 2214600723 12713992 809504768 5242912 53376
is_linear=0
shrinkage=0.05


Tree=85
num_leaves=63
num_cat=32
split_feature=3 0 1 2 1 2 0 1 2 2 2 1 2 1 4 6 2 6 4 6 2 1 8 4 4 1 3 1 2 4 1 4 2 2 6 1 6 6 7 6 1 2 4 4 4 1 11 3 2 1 11 4 4 1 4 11 3 1 2 1 4 7
split_gain=2.35261 0.643454 0.515088 0.68333 0.502713 0.585725 0.44859 0.471133 0.714793 0.433634 0.414983 0.407862 0.39049 0.3779 0.693005 0.482744 0.656865 1.15062 0.5418 0.437678 0.372443 0.361626 0.600053 0.386061 0.335089 0.343422 0.334675 0.334135 0.353475 0.303089 0.296292 0.299341 0.284232 0.273937 0.301231 0.268973 0.264055 0.249109 0.393414 0.718225 0.293027 0.237873 0.31985 0.259825 0.456545 0.234962 0.229494 0.394305 0.226412 0.225074 0.280974 0.292116 0.598336 0.223032 0.221411 0.218576 0.294248 0.215551 0.211215 0.25651 0.366211 0.210167
threshold=1032.2500000000002 0 1 2 3 4 5 6 7 8 9 10 11 12 47497.500000000007 1.9471700000000001 13 1.8866950000000002 29802.500000000004 2.1182450000000004 14 15 4.5000000000000009 18369.000000000004 29887.500000000004 16 229.30000000000004 17 18 31450.500000000004 19 17362.500000000004 20 21 2.3547950000000006 22 1.7322150000000003 1.9498250000000004 4.5000000000000009 1.8219950000000003 23 24 41039.500000000007 26396.500000000004 23475.000000000004 25 830.91147350000017 576.35000000000002 26 27 2152.5213760000001 25894.500000000004 25080.500000000004 28 38468.500000000007 1264.8037670000001 382.15000000000003 29 30 31 37420.500000000007 6.5000000000000009
decision_type=2 1 9 9 9 9 1 9 9 9 9 9 9 9 2 2 9 2 2 2 9 9 2 2 2 9 2 9 9 2 9 2 9 9 2 9 2 2 2 2 9 9 2 2 2 9 2 2 9 9 2 2 2 9 2 2 2 9 9 9 2 2
left_child=1 4 3 30 9 13 11 8 21 37 -4 33 -9 14 15 16 17 36 -19 -16 -13 22 -8 -23 25 -7 -11 -12 -29 57 55 -32 45 34 54 -26 -6 38 -1 -40 61 -25 43 44 -43 -17 -47 -48 53 -22 -51 52 -52 -5 -2 56 -3 -10 59 60 -37 -39
right_child=6 2 10 48 5 24 7 12 29 26 27 20 -14 -15 19 32 -18 18 -20 -21 49 23 -24 41 35 -27 -28 28 -30 -31 31 -33 -34 -35 -36 58 -38 40 39 -41 -42 42 -44 -45 -46 46 47 -49 -50 50 51 -53 -54 -55 -56 -57 -58 -59 -60 -61 -62 -63
leaf_value=-0.00023142977002769328 -0.00085893436732193968 -0.0027817902077610299 -0.00025101473237712946 0.0014949317546977246 0.003544247593755634 -0.0019514275242092137 -0.0014475543735711538 0.00046471442074627508 -0.0012784506819003612 -0.0030508583880024046 4.7107051112462564e-05 5.3584536541412801e-05 0.0013934521870569865 -0.00038984180687125279 0.0015120219054391357 -0.00084792238430285341 0.00017883185262931498 0.014127586888630065 0.0049498333883667856 0.0097734376273592716 0.00038537686684032927 -0.0053941466324613427 -0.0092918958925616215 0.00094665312657580061 1.3669519641871205e-05 -0.00070117066049289007 -0.00071163974181246066 0.00029462135886974394 0.0016533518020130046 0.0011612101467495578 -0.0059006094752943944 -0.001154538189202854 -0.00070723933658736391 0.00016124213155248039 -0.0042681802213784276 -0.0065916906305660862 -0.00069141367663784579 -0.0057959390471670272 -0.0018842771366204642 -0.010721720994510891 -0.00066049897624693326 0.0010787470162393071 -0.0050667177386478426 0.00025736982797488551 -0.0065273102131932111 -0.0012813371713083161 0.006462761816243185 0.0013347261435516953 -0.00044441803707940039 0.0049158141605730636 0.0015343598687621398 0.00072202234506630377 0.007344528376622703 -0.00020653051653012579 0.00059334548353634584 -0.0010486725606659259 -0.0090705460694152865 0.00038599416317622618 -0.00042999868914577323 -0.0011077243598198588 -0.00059149165912954649 -0.0013503026029370218
leaf_weight=38 1316 38 2687 348 69 977 77 1974 231 166 1667 3328 2760 2770 33 123 358 30 37 31 1671 39 35 223 1587 1335 1832 924 1020 1292 34 688 859 2109 56 62 77 72 47 45 210 36 44 240 42 48 48 163 1782 49 346 1220 50 416 327 32 38 981 983 534 43 43
leaf_count=38 1316 38 2687 348 69 977 77 1974 231 166 1667 3328 2760 2770 33 123 358 30 37 31 1671 39 35 223 1587 1335 1832 924 1020 1292 34 688 859 2109 56 62 77 72 47 45 210 36 44 240 42 48 48 163 1782 49 346 1220 50 416 327 32 38 981 983 534 43 43
internal_value=-9.30194e-06 -0.000354909 -4.80941e-05 -0.000545378 -0.000590078 -0.000433513 0.000408398 0.000690944 0.000223489 -0.00123177 0.000219034 0.000193206 0.00100816 -1.93089e-05 0.000526883 0.000347529 0.00154931 0.00366168 0.0092066 0.00560244 0.000428689 -0.00113575 -0.00363754 -0.000631474 -0.00078134 -0.00124158 -0.000902901 0.000568504 0.00101283 0.000626229 -0.00178222 -0.00136698 -0.000206228 -0.000219443 -0.000689992 -0.000451896 0.00132086 -0.00262051 -0.0045242 -0.00627575 -0.00192787 -0.000316075 -0.00109045 -0.000560296 -0.0030476 0.000913902 0.00175106 0.00252628 -0.000136234 0.000801487 0.00121383 0.00110611 0.00228462 0.000578699 -0.000569708 -0.00417519 -0.00600313 6.0611e-05 -0.000901672 -0.00160771 -0.00380433 -0.0038295
internal_weight=40740 22294 9674 3376 12620 10167 18446 7974 3240 2453 6298 10472 4734 4646 1876 1812 571 213 67 64 6664 736 112 624 5521 2312 1998 3611 1944 2504 830 722 1241 3808 1699 3209 146 455 130 92 325 585 362 318 78 382 259 211 2546 3336 1665 1616 396 764 1643 108 76 1212 1622 639 105 115
internal_count=40740 22294 9674 3376 12620 10167 18446 7974 3240 2453 6298 10472 4734 4646 1876 1812 571 213 67 64 6664 736 112 624 5521 2312 1998 3611 1944 2504 830 722 1241 3808 1699 3209 146 455 130 92 325 585 362 318 78 382 259 211 2546 3336 1665 1616 396 764 1643 108 76 1212 1622 639 105 115
cat_boundaries=0 1 3 5 7 9 10 12 14 16 18 20 22 24 26 28 30 32 34 36 38 40 42 44 46 48 50 52 54 56 58 60 62
cat_threshold=1 3289908841 806997154 33555080 591241416 73929731 2793672708 1208173054 1739763928 1 2962646200 3736213745 608496721 1342444160 1086619681 33560660 556127849 2629282976 3281424388 1728474018 1540788238 3149531403 3800088620 1074358856 1073741832 86114448 1793063596 1679955680 2147500040 134352896 50487328 285762800 864192770 1134567696 1183328276 4681 513 537952258 448 75632712 697058777 769150246 152486420 270542323 4194304 2785021952 541327377 1342177792 8404992 1074266624 875151411 201328914 874530216 409997400 1049640 536872064 269484040 2550136896 103817728 2148008742 805306496 2056
is_linear=0
shrinkage=0.05


Tree=86
num_leaves=63
num_cat=33
split_feature=11 11 1 2 1 0 2 1 4 1 1 2 1 2 4 1 8 6 11 9 2 9 1 6 6 1 4 7 1 6 2 4 0 2 2 2 11 0 7 9 2 1 11 4 9 4 2 1 4 2 9 1 9 11 2 4 2 1 2 1 9 6
split_gain=2.10333 0.670181 0.482031 0.437914 0.404282 0.390471 0.48207 0.625375 0.47019 0.413616 0.391718 0.496179 0.450633 0.357355 0.351969 0.325251 0.383851 0.330317 0.315968 0.369704 0.490633 0.641624 0.314808 0.318083 0.792297 0.48109 0.32787 0.704185 0.312776 0.481273 0.311247 0.363446 0.310813 0.411149 0.337722 0.287995 1.05523 0.276567 0.275419 0.271839 0.260439 0.312163 0.318705 0.257737 0.678736 0.254884 0.253196 0.33206 0.328064 0.252791 0.24322 0.381277 0.508323 1.76181 0.280386 0.259047 0.242832 0.239134 0.236988 0.306136 0.259534 0.651029
threshold=2454.7386885000005 1109.2778770000002 0 1 2 3 4 5 30151.500000000004 6 7 8 9 10 41853.500000000007 11 5.5000000000000009 1.5108450000000002 258.39811300000002 46.500000000000007 12 24.500000000000004 13 1.9306150000000002 1.9222250000000003 14 25703.500000000004 4.5000000000000009 15 1.6117750000000002 16 18914.000000000004 17 18 19 20 5189.6648330000007 21 5.5000000000000009 299.50000000000006 22 23 2302.7165150000005 35236.500000000007 180.50000000000003 17711.500000000004 24 25 28808.500000000004 26 254.50000000000003 27 207.50000000000003 1492.4809565000003 28 39655.000000000007 29 30 31 32 77.500000000000014 2.4762850000000003
decision_type=2 2 9 9 9 1 9 9 2 9 9 9 9 9 2 9 2 2 2 2 9 2 9 2 2 9 2 2 9 2 9 2 1 9 9 9 2 1 2 2 9 9 2 2 2 2 9 9 2 9 2 9 2 2 9 2 9 9 9 9 2 2
left_child=1 2 14 15 32 10 7 8 -7 39 35 12 -12 45 30 16 17 -4 -5 20 21 -20 -15 24 25 -24 27 -27 -16 -30 31 -1 33 -3 50 36 -2 56 -31 46 -25 -42 -43 -14 -45 -6 47 48 -8 -13 51 52 54 -54 55 -34 -32 -47 -21 60 61 -60
right_child=5 4 3 18 13 6 9 -9 -10 -11 11 49 43 22 28 -17 -18 -19 19 58 -22 -23 23 40 -26 26 -28 -29 29 38 37 -33 34 -35 -36 -37 -38 -39 -40 -41 41 42 -44 44 -46 57 -48 -49 -50 -51 -52 -53 53 -55 -56 -57 -58 -59 59 -61 -62 -63
leaf_value=0.0046132117755545415 -0.00063034817113810562 -0.0010035209064288796 -0.006357071401150681 -0.0020178605453087042 -0.0021430274388178588 -0.0072160828283533473 0.0012959756341225483 0.00028318190967839275 -0.00062914781768180046 0.00046516029813884467 6.5219912876999755e-05 -0.0011780252630768208 0.001724175890790741 -1.7858663442174781e-05 -0.00030999809325979759 -0.001122506832742115 -0.0066200861423316507 -0.0016840518275178813 -0.001548468043534633 -0.00070151938630330505 -0.00089148163562626805 -0.0090198920196402754 -4.8077163404974163e-05 -0.00017530866758823203 0.0082107219105954608 0.010408842293042187 0.0018320186685769847 0.00018659814102193196 -0.00059015962760895497 0.0080332281578497106 -0.0021816055255435966 0.00028851694498731095 -0.003845572725749662 0.00076738517573291833 -0.0001860463951051139 4.0000265835224618e-05 -0.0097443826911544698 8.4517975148432791e-05 0.00265028772415712 0.0058508895622841972 0.00010557631439746655 0.0013854793287899393 0.0054878567375943443 0.0015338605214180593 0.0078956454540061449 0.00036693768571391654 0.0010012548379692565 0.0011312964891256984 0.0043778169076161685 0.00039391374427833413 0.00015558987569075442 -0.0007957678192950931 -0.015560375367696846 -0.0013683917514036262 -0.00043265830480549995 0.00088996651881773558 -0.00057905797295659562 -0.00047349293597175984 -0.00055782649436038746 -0.00042595300322341548 0.00051034624082836177 0.0076831863319643569
leaf_weight=51 485 468 42 375 171 51 136 1782 57 2147 352 268 475 2817 127 1188 57 329 67 2074 518 50 372 1002 42 36 257 31 53 47 358 742 179 1030 2267 3790 33 817 50 33 611 551 51 111 67 1309 1880 483 241 3149 347 1313 30 75 245 34 733 2355 51 1193 641 44
leaf_count=51 485 468 42 375 171 51 136 1782 57 2147 352 268 475 2817 127 1188 57 329 67 2074 518 50 372 1002 42 36 257 31 53 47 358 742 179 1030 2267 3790 33 817 50 33 611 551 51 111 67 1309 1880 483 241 3149 347 1313 30 75 245 34 733 2355 51 1193 641 44
internal_value=-8.88953e-06 -0.000291009 -0.000619487 -0.00085628 -8.86032e-05 0.00044859 0.000732342 5.05094e-05 -0.00345989 0.000992083 0.000227186 0.000556999 0.00152862 0.00011248 -8.91032e-05 -0.0015728 -0.00276323 -0.00222874 -0.000622364 -0.000510464 -0.00163035 -0.00441649 0.000360861 0.000720864 0.00162166 0.00121283 0.00257839 0.00575145 0.00160472 0.00303659 -0.000263672 0.000564994 -0.000410616 0.000212249 -0.000619338 -0.000112437 -0.0012054 -0.000607971 0.00531387 0.0013966 0.000423391 0.000911619 0.00171314 0.00230332 0.0039592 -0.000261188 0.00134594 0.00206181 0.00318809 0.00026724 -0.00105534 -0.00128491 -0.00236617 -0.00553179 -0.00168151 -0.00295114 -0.00113171 -0.000173513 -0.000332452 6.77996e-05 0.000862622 0.00329934
internal_weight=40740 25200 9607 6629 15593 15540 6810 1890 108 4920 8730 4422 1005 9605 2978 1616 428 371 5013 4638 635 117 5770 2953 738 696 324 67 277 150 2701 793 5988 1498 4490 4308 518 1908 97 2773 2215 1213 602 653 178 3835 2740 860 377 3417 2223 1876 563 105 458 213 1091 3664 4003 1929 736 95
internal_count=40740 25200 9607 6629 15593 15540 6810 1890 108 4920 8730 4422 1005 9605 2978 1616 428 371 5013 4638 635 117 5770 2953 738 696 324 67 277 150 2701 793 5988 1498 4490 4308 518 1908 97 2773 2215 1213 602 653 178 3835 2740 860 377 3417 2223 1876 563 105 458 213 1091 3664 4003 1929 736 95
cat_boundaries=0 2 4 6 7 9 11 13 15 17 19 21 23 25 27 29 31 33 34 36 38 40 41 43 45 47 49 51 53 55 57 59 61 63
cat_threshold=2835767316 3894487360 47450145 2595303428 894309473 3197477060 1 1103406098 1529217688 2147501184 134217728 2519259855 549970708 3551703174 1965444902 69224008 92603408 603997969 134230096 37459936 2819988917 70254722 76022818 16908352 537002368 2282758408 1093294338 8440448 56 671113216 136314880 1130786 195037588 4 696258631 29911041 1539722891 2483464506 537411848 1157628928 1 364922902 102891530 1107298326 1072 536938560 1171812 337645642 385024 458752 352 554566656 1318912 150995080 67141946 1279801344 268992513 136315138 1097471234 1361114890 1095500384 1409291424 25706518
is_linear=0
shrinkage=0.05


Tree=87
num_leaves=63
num_cat=20
split_feature=3 0 5 2 11 2 4 2 4 2 2 3 3 2 2 3 4 5 4 8 4 0 9 2 4 11 4 0 9 5 2 5 9 2 5 9 3 5 3 9 2 9 2 4 11 5 9 2 2 5 3 0 2 9 5 2 4 4 11 5 8 3
split_gain=1.92056 0.571275 0.491151 0.43424 0.554724 0.41383 0.360998 0.347003 0.344181 0.575554 0.362086 0.306682 0.259145 0.259075 0.253466 0.350005 0.247462 0.245889 0.260863 0.341167 0.241179 0.231086 0.225474 0.214477 0.208085 0.378691 0.20574 0.405812 0.237376 0.209162 0.197357 0.290772 0.194614 0.239298 0.33641 0.194468 0.194113 0.293275 0.268627 0.193015 0.228661 0.219412 0.191154 0.292446 0.188975 0.183977 0.180203 0.191354 0.184163 0.178105 0.176229 0.191589 0.175615 0.170907 0.169514 0.175599 0.217228 0.249806 0.270456 0.164614 0.341447 0.196034
threshold=1004.6500000000002 0 1.0009750000000002 1 511.63449500000007 2 29466.500000000004 3 32636.500000000004 4 5 2799.9500000000003 576.35000000000002 6 7 512.95000000000016 27374.500000000004 1.0398100000000003 47497.500000000007 2.5000000000000004 12983.500000000002 8 301.50000000000006 9 16180.500000000002 1604.1152730000001 33221.500000000007 10 177.50000000000003 1.2532350000000003 11 0.83054000000000017 131.50000000000003 12 1.0185450000000003 152.50000000000003 1460.6000000000001 0.9579850000000002 1315.4500000000003 280.50000000000006 13 44.500000000000007 14 42629.500000000007 2045.1154740000002 1.0584800000000001 154.50000000000003 15 16 1.4045850000000002 2018.3000000000004 17 18 244.50000000000003 0.88839500000000016 19 29466.500000000004 31368.500000000004 2845.1416180000006 1.0490550000000003 3.5000000000000004 1716.7500000000002
decision_type=2 1 2 9 2 9 2 9 2 9 9 2 2 9 9 2 2 2 2 2 2 1 2 9 2 2 2 1 2 2 9 2 2 9 2 2 2 2 2 2 9 2 9 2 2 2 2 9 9 2 2 1 9 2 2 9 2 2 2 2 2 2
left_child=1 3 7 17 52 12 14 -2 9 22 26 46 42 -8 -6 16 -16 18 -1 -20 35 23 49 36 25 -14 27 -10 50 59 31 -26 44 -34 -35 -11 37 38 -9 40 41 -19 43 -3 -22 -41 47 -12 -48 -4 -28 -52 -5 54 -23 56 -56 -58 -59 60 61 -30
right_child=2 5 8 4 6 -7 13 21 10 20 11 -13 24 -15 15 -17 -18 39 19 -21 32 53 -24 -25 30 -27 28 -29 29 -31 -32 -33 33 34 -36 -37 -38 -39 -40 45 -42 -43 -44 -45 -46 -47 48 -49 -50 -51 51 -53 -54 -55 55 -57 57 58 -60 -61 -62 -63
leaf_value=-0.00065616005290672656 -0.00039026777082958004 -0.0013241470333603673 -0.00014540810742985077 -0.00081512692338962128 -0.00059954067891964562 0.00024888715516145106 4.1347276470616307e-05 -0.00038759186694126889 0.00029751833927867989 -0.0044157672757226072 -0.00047235719771805207 0.0023058413205966559 0.0013175409440244097 -0.00077711943423968441 -0.0022126983050659538 -0.001082759000390676 -0.0053136795523740545 0.0046087750739602865 0.0061428168215295021 -0.00074797700624912983 0.0033330143270387243 -0.00072750358725179201 -0.0043558673007117422 -0.00021461274582981711 -0.0052742702999239556 -0.0062520257740945667 0.00055333038113982303 0.007667833742109509 0.0028115525882101942 0.0046199013293726134 0.00042623843113258016 -0.00039431036393064315 0.00054626862862621069 0.0054873335688305951 0.0014262491681883936 0.00038886807398574256 0.00020903719809947836 0.0059565817236732479 0.0050631374275619768 0.00015600038100006607 -0.00030672978806181323 0.00052024157130677626 -0.00052653654143986612 -0.0056408528057143616 0.0002721288402838771 0.005440580767974483 0.00033616403973511571 0.00052710108454064085 0.0014132110952509852 -0.0033895074506628676 0.00083795928629377427 0.0039491187906465853 -0.002600741661162777 0.0013434423899871186 0.00017444680149464886 0.00018953250500291889 0.0071603539859830985 0.00569173400880947 0.00027672768487158067 0.00085360967817106528 -0.00068931880747326302 0.0077529374622532198
leaf_weight=2351 2915 468 2644 231 1266 5385 2017 83 36 40 704 250 30 1851 303 899 82 33 32 39 51 272 32 1996 31 35 644 38 48 86 1296 669 1093 53 971 43 261 42 30 33 1603 962 1461 42 1680 32 794 1447 830 42 110 90 516 725 105 529 30 33 72 180 38 36
leaf_count=2351 2915 468 2644 231 1266 5385 2017 83 36 40 704 250 30 1851 303 899 82 33 32 39 51 272 32 1996 31 35 644 38 48 86 1296 669 1093 53 971 43 261 42 30 33 1603 962 1461 42 1680 32 794 1447 830 42 110 90 516 725 105 529 30 33 72 180 38 36
internal_value=-8.51791e-06 -0.000330605 0.000357373 -0.000555694 -0.00080613 -3.77732e-05 -0.000656946 2.76163e-05 0.000552593 0.000312548 0.000851871 0.000611662 -0.000420169 -0.000352325 -0.0011187 -0.00161249 -0.00288522 -0.00020075 -0.000565619 0.00239991 0.00069826 0.000319368 -0.000247012 1.89495e-06 -2.91465e-05 -0.00279135 0.00157442 0.00413405 0.00143022 0.00245289 6.21578e-05 -0.000608952 0.000757723 0.00107918 0.00162573 -0.00195162 0.00101944 0.00243931 0.00109122 0.000130433 6.25737e-05 0.000653768 -0.000830955 -0.00165755 0.000364183 0.00280065 0.000500503 0.000200176 0.000897922 -0.000197377 0.000957729 0.00225066 -0.00209606 0.000754533 0.000343495 0.000722766 0.00180949 0.00320361 0.00201623 0.00182259 0.00323367 0.00499559
internal_weight=40740 21667 19073 12250 7165 9417 6418 7093 11980 6649 5331 4025 4032 3868 2550 1284 385 5085 2422 71 3931 4178 2718 2412 2061 65 1306 74 1232 388 1996 700 3848 2117 1024 83 416 155 113 2663 2598 995 1971 510 1731 65 3775 2151 1624 2686 844 200 747 1766 1041 769 240 135 105 302 122 84
internal_count=40740 21667 19073 12250 7165 9417 6418 7093 11980 6649 5331 4025 4032 3868 2550 1284 385 5085 2422 71 3931 4178 2718 2412 2061 65 1306 74 1232 388 1996 700 3848 2117 1024 83 416 155 113 2663 2598 995 1971 510 1731 65 3775 2151 1624 2686 844 200 747 1766 1041 769 240 135 105 302 122 84
cat_boundaries=0 1 3 5 7 9 11 13 15 16 18 19 21 23 25 27 29 31 32 34 36
cat_threshold=1 1208173022 1738973384 583341768 2981619912 1263013078 456404166 2027274517 203184058 675350533 85018130 926424064 2281723941 8957984 1656627 1 270794752 524313 1 537134656 27394056 101323424 2990606404 134283330 109183176 33619976 540352512 352592008 134521092 37406434 2688680169 1 807404064 1810 607158273 67125280
is_linear=0
shrinkage=0.05


Tree=88
num_leaves=63
num_cat=29
split_feature=11 3 1 2 6 1 0 2 1 9 1 1 3 2 1 9 9 9 2 1 1 2 9 6 2 0 2 1 6 1 2 1 4 1 2 6 3 1 6 11 1 11 9 1 9 6 6 4 6 9 9 9 6 2 10 9 2 3 9 2 6 4
split_gain=1.74332 0.597086 0.445981 0.402427 0.397713 0.380923 0.336996 0.429069 0.583756 1.40701 0.370713 0.355902 0.336336 0.333766 0.324481 0.397684 1.19935 0.3219 0.318789 0.338909 0.324583 0.298187 0.487631 0.390943 0.292502 0.274092 0.510054 0.512249 0.631277 0.488997 0.426794 0.60552 1.33457 0.354724 0.350884 0.317566 0.297221 0.284661 0.366926 0.482333 0.279296 0.275969 0.380393 0.29638 0.494914 0.271713 0.442049 0.409398 0.278617 0.241008 0.238554 0.230541 0.226028 0.255314 0.222432 0.346651 0.222233 0.26311 0.213722 0.213075 0.211274 0.210915
threshold=2454.7386885000005 539.55000000000007 0 1 1.5607050000000002 2 3 4 5 36.500000000000007 6 7 506.45000000000005 8 9 14.500000000000002 8.5000000000000018 302.50000000000006 10 11 12 13 171.50000000000003 2.0033250000000007 14 15 16 17 2.0757200000000005 18 19 20 43043.000000000007 21 22 1.8404700000000001 161.75000000000003 23 1.5360550000000004 744.77454200000011 24 475.45866350000011 93.500000000000014 25 66.500000000000014 1.9471700000000001 1.9222250000000003 20548.000000000004 1.9333250000000002 204.50000000000003 268.50000000000006 298.50000000000006 2.2151950000000005 26 1.0000000180025095e-35 224.50000000000003 27 1039.7500000000002 26.500000000000004 28 2.1002750000000003 28723.500000000004
decision_type=2 2 9 9 2 9 1 9 9 2 9 9 2 9 9 2 2 2 9 9 9 9 2 2 9 1 9 9 2 9 9 9 2 9 9 2 2 9 2 2 9 2 2 9 2 2 2 2 2 2 2 2 2 9 2 2 9 2 2 9 2 2
left_child=1 2 3 12 -3 24 11 8 9 -8 51 -2 -1 14 50 16 -16 -15 20 21 52 22 -20 -24 58 30 27 28 49 -28 31 -4 35 34 -32 37 -36 -33 -39 -40 -37 42 -31 44 -43 46 47 -17 -48 -27 -7 61 -13 -54 55 -25 57 -49 -6 -35 -11 -9
right_child=6 4 25 -5 5 13 7 10 -10 60 -12 18 -14 17 15 45 -18 -19 19 -21 -22 -23 23 54 -26 26 29 -29 -30 41 33 32 -34 59 36 40 -38 38 39 -41 -42 43 -44 -45 -46 -47 48 56 -50 -51 -52 -53 53 -55 -56 -57 -58 -59 -60 -61 -62 -63
leaf_value=-0.0026066142172254253 -0.00039041862906101429 0.0031550559821832726 -0.0010713090746018376 -0.0010049977145311516 -0.0023014683462187586 -0.00015855037401948848 -0.0090755849496754661 0.00074788509790769378 0.0004972208299545911 0.00075091454130410656 0.00046553168411808351 -0.00017102617073946175 -0.0079243254184095564 -9.2035028597447566e-05 -0.00067796799728808851 0.0065093389871022245 0.011970097199809971 -0.0051254507550765995 0.0010012773246022076 0.0003838788843909507 0.00050358725869097023 0.00079279686396679569 0.0081252576511310921 0.0077450430608736595 -0.00012981431199216329 -0.0038735196405732366 -0.00040156846314854636 -0.00040677129624146929 -0.00069318987208039768 0.0077863683248119014 -0.00080397494846539156 -0.00041299393382834517 0.0089931932617522154 0.00022837426437961102 -0.0058961166965933185 0.00098993452864488832 -0.0020932837389514283 0.0069441255030687904 2.8807104534366989e-05 0.0068891336861056258 -0.0012831045764895637 0.0063463702442006029 0.0017999099783035902 0.0001786562632386146 0.00097805749496857291 0.00041797496156874986 0.0087893613042648554 0.0011473644474800943 0.0027317634835953312 -0.0087730715271264175 0.0015997084875466522 0.0054838266479782759 0.00030668065417451738 -0.0024741124563684561 -0.00058049139576420812 0.0012367362865340209 -0.0001913197298101575 0.0065389553958084441 -0.00065148727181757666 -0.00094064197605591294 -0.0016631115889161018 0.0017710945899711544
leaf_weight=185 1955 94 718 1165 215 1517 53 811 2427 186 1786 1199 35 4319 45 32 31 31 202 2550 1625 662 54 38 5222 68 1127 1138 133 30 790 104 47 626 55 228 685 44 104 33 302 56 193 739 176 1012 32 86 48 42 220 34 126 243 32 44 249 30 2175 1019 175 1338
leaf_count=185 1955 94 718 1165 215 1517 53 811 2427 186 1786 1199 35 4319 45 32 31 31 202 2550 1625 662 54 38 5222 68 1127 1138 133 30 790 104 47 626 55 228 685 44 104 33 302 56 193 739 176 1012 32 86 48 42 220 34 126 243 32 44 249 30 2175 1019 175 1338
internal_value=-8.07865e-06 -0.000264922 -0.000568929 -0.00139827 -7.00779e-05 -9.01446e-05 0.000408414 0.00067202 0.000199809 -0.00151145 0.00100685 0.00020273 -0.00333379 0.000158947 0.000537163 0.00105759 0.00456957 -0.000128779 0.000373946 0.000697291 1.00587e-05 0.0014595 0.00259502 0.00464759 -0.000340295 -0.000430796 -0.000108657 -0.000865505 -0.00290316 0.000344094 -0.000682428 -7.59383e-06 0.000880759 -0.00101492 -0.00156402 0.000413271 -0.00235176 0.00175611 0.00286323 0.00171924 -0.000310767 0.00104515 0.00263643 0.000688119 0.00220107 0.000882488 0.00186506 0.00117486 0.0052334 -0.00580644 6.4563e-05 0.00144517 -0.000501356 -0.00158489 0.00294394 0.00430976 0.00069067 0.00238211 -0.000797482 -0.000497214 -0.000420681 0.00138548
internal_weight=40740 25200 9842 1385 15358 15264 15540 6810 2841 414 3969 8730 220 7652 3302 1565 76 4350 6775 3582 3193 1032 370 168 7612 8457 3702 1381 243 2321 4755 1580 862 3175 1530 815 740 285 181 137 530 1194 223 971 232 1489 477 397 80 110 1737 2183 1568 369 114 82 365 116 2390 1645 361 2149
internal_count=40740 25200 9842 1385 15358 15264 15540 6810 2841 414 3969 8730 220 7652 3302 1565 76 4350 6775 3582 3193 1032 370 168 7612 8457 3702 1381 243 2321 4755 1580 862 3175 1530 815 740 285 181 137 530 1194 223 971 232 1489 477 397 80 110 1737 2183 1568 369 114 82 365 116 2390 1645 361 2149
cat_boundaries=0 2 4 6 7 9 11 13 15 17 19 21 23 25 27 29 30 32 34 36 38 40 42 44 46 48 50 52 54 56
cat_threshold=76546563 13684768 54526024 268763200 894311525 3213734036 1 1405400086 3677260441 2684667520 142741504 2519255759 550494980 3499130880 1158041376 2135187471 1728187144 1211113856 1077020707 845118892 1445501160 671613144 2726395905 156127390 838893781 153092096 680920081 197412871 2751506716 1 1384465417 3132273288 1073741984 537002194 2987032920 1260457857 167985550 580956312 172809480 371197709 1935686688 3305834572 895521280 1347047168 8320 16785424 270540928 16779346 4198432 537002012 5775360 561152 4210701 131072 1058848 134218083
is_linear=0
shrinkage=0.05


Tree=89
num_leaves=63
num_cat=20
split_feature=3 0 1 5 1 11 1 5 9 1 4 3 1 1 4 4 9 5 4 5 9 5 6 7 5 4 1 6 1 4 5 5 1 3 11 1 6 3 4 4 1 6 3 0 1 6 3 1 4 5 5 1 0 9 1 1 1 4 11 5 5 11
split_gain=1.57961 0.483432 0.425757 0.420027 0.454105 0.415577 0.408838 0.407389 0.466096 0.426179 0.346552 0.346157 0.334478 0.31134 0.291679 0.29048 0.262732 0.419542 0.242264 0.25569 0.228302 0.273283 0.413537 0.229516 0.222884 0.222069 0.216123 0.213055 0.212653 0.282675 0.206652 0.201345 0.194582 0.297945 0.187769 0.184612 0.258914 0.183905 0.18044 0.275075 0.179666 0.244915 0.179365 0.174317 0.227968 0.171311 0.181097 0.167317 0.47491 0.166033 0.377861 0.297613 0.210501 0.375513 0.369795 0.311387 0.203566 0.326888 0.176639 0.184586 0.165834 0.206606
threshold=1032.2500000000002 0 1 1.0105850000000001 2 1935.1123655000004 3 1.0314800000000004 250.50000000000003 4 35236.500000000007 229.30000000000004 5 6 42434.500000000007 12983.500000000002 280.50000000000006 1.0623050000000003 21956.500000000004 0.87063500000000016 156.50000000000003 1.3848450000000001 2.0901650000000003 6.5000000000000009 1.3715450000000002 26004.500000000004 7 1.4143950000000001 8 35416.500000000007 1.0246681360946748 0.90826000000000018 9 326.95000000000005 1072.7451990000002 10 2.5154300000000007 2766.0500000000006 33130.500000000007 33858.500000000007 11 2.3858450000000002 184.45000000000002 12 13 2.0306050000000004 1219.4500000000003 14 38251.500000000007 0.95960500000000015 0.96279500000000018 15 16 174.50000000000003 17 18 19 40333.500000000007 1368.9256720000003 1.0527840298507465 0.99303500000000011 1156.8177760000001
decision_type=2 1 9 2 9 2 9 2 2 9 2 2 9 9 2 2 2 2 2 2 2 2 2 2 2 2 9 2 9 2 2 2 9 2 2 9 2 2 2 2 9 2 2 1 9 2 2 9 2 2 2 9 1 2 9 9 9 2 2 2 2 2
left_child=1 6 34 12 15 -6 11 8 13 14 37 25 43 -8 31 -5 28 -18 19 -15 21 -17 -23 -22 49 -1 30 -26 29 -9 -25 -10 33 -11 35 36 -3 40 -39 -40 -7 -42 -31 -2 -45 -32 -47 48 -36 51 -51 -4 53 56 -55 58 57 -52 59 60 -54 -62
right_child=3 2 24 4 5 10 7 16 9 32 -12 -13 -14 18 -16 20 17 -19 -20 -21 23 22 -24 26 27 -27 -28 -29 -30 42 45 -33 -34 -35 47 -37 -38 38 39 -41 41 -43 -44 44 -46 46 -48 -49 -50 50 52 -53 55 54 -56 -57 -58 -59 -60 -61 61 -63
leaf_value=-0.0065817927692330934 0.00029732198021615843 -0.0015577882634614879 0.00059137757853352894 -0.003831833042457457 0.006295418345903539 0.00013143174373521322 -0.00047069649940914728 -0.00079112120657964064 -0.0003776783441708176 -0.0054280879138704306 0.0012618002934756669 -0.00089974752497393401 0.00034693136544178515 -0.0069759247698433077 0.0064438754082857489 -2.0996292744890453e-05 0.00013679823108935624 0.0052667433547913655 -0.0012997428542321284 -0.0023044479128987018 0.0014321363091076554 0.00011151149836671859 -0.005615885293160058 -0.0046927035127406602 0.0047303721079673703 -0.002259876540523361 0.00060920278656956337 0.00098520945656608606 0.00018762537255170451 0.0036514459334093296 0.0010631899133288719 0.0027885418617480135 -7.8425332744239682e-05 -0.00083642509909096375 -0.00016487550832988387 -0.00071336118731461188 -0.0068912809896808612 0.001032371706947262 0.0073248661611409445 0.00098501349440994102 0.0007093482440812596 0.0045788250525393304 0.00014088094724620746 -0.0014300430913512434 -0.00027927046914478327 -0.0049514572812064048 -0.00070615813473362803 1.5034104086120374e-05 -0.0055072433131069624 0.004987214300896551 -0.00052981606560067692 -0.00077079714306335677 -0.00037190674831497116 0.0031227998783810436 0.0007559558681303327 0.00056844160451171948 0.00035853072940761756 -0.0060353035771948914 3.966056583386259e-05 -0.00074160741066416731 -0.0022249202883200879 -0.0067738744634717038
leaf_weight=36 826 89 633 45 33 2508 1286 1858 95 43 2243 2253 4018 35 31 2352 123 58 1497 170 564 72 55 32 45 164 845 223 2664 37 106 105 1124 182 171 1341 30 370 30 39 1616 41 859 549 1937 30 135 1748 54 42 209 1057 51 223 643 826 1359 30 401 387 74 38
leaf_count=36 826 89 633 45 33 2508 1286 1858 95 43 2243 2253 4018 35 31 2352 123 58 1497 170 564 72 55 32 45 164 845 223 2664 37 106 105 1124 182 171 1341 30 370 30 39 1616 41 859 549 1937 30 135 1748 54 42 209 1057 51 223 643 826 1359 30 401 387 74 38
internal_value=-7.67432e-06 -0.000290867 -2.49281e-05 0.000334592 0.000528326 0.000778611 -0.000494708 -0.000353632 -0.00070433 -9.72934e-06 0.000752244 -0.00107323 4.07623e-05 -0.0010715 0.00192369 0.000119611 -6.80684e-05 0.00180055 -0.00151326 -0.00313201 0.000163228 -0.000143449 -0.00239335 0.000607124 0.000221038 -0.0030667 0.000200911 0.00162931 -0.000130815 -0.000437896 -0.000925575 0.00129019 -0.000353614 -0.0016606 -0.000471285 -0.000902324 -0.00272177 0.000503775 0.00147609 0.00380673 0.000400961 0.000802954 0.000289758 -0.000330713 -0.000540749 -0.000499159 -0.00150321 -0.000154413 -0.00140363 0.000157958 0.000323531 -0.000261599 0.000276181 0.000575238 0.00141307 -0.000138585 0.000120595 -0.00119342 -0.000750717 -0.00133962 -0.00274628 -0.0038146
internal_weight=40740 22294 9674 18446 11116 6880 12620 10167 4568 1580 6847 2453 7330 2988 231 4236 5599 181 1702 205 4191 2479 127 1712 6241 200 1148 268 5418 2754 303 200 1349 225 3433 1460 119 4604 439 69 4165 1657 896 3312 2486 271 165 1973 225 5973 4283 1690 4241 2464 866 1777 1598 239 951 550 163 112
internal_count=40740 22294 9674 18446 11116 6880 12620 10167 4568 1580 6847 2453 7330 2988 231 4236 5599 181 1702 205 4191 2479 127 1712 6241 200 1148 268 5418 2754 303 200 1349 225 3433 1460 119 4604 439 69 4165 1657 896 3312 2486 271 165 1973 225 5973 4283 1690 4241 2464 866 1777 1598 239 951 550 163 112
cat_boundaries=0 1 3 5 7 9 11 13 15 17 19 21 23 24 26 28 30 31 33 35 37
cat_threshold=1 3298297449 806995106 1511441412 2008287971 73929731 2793672708 17858600 131072 2178301064 1282334136 1241645724 270576090 16384 302252738 1108493288 272802753 276824064 16793680 67108864 32 78128096 2285932820 4 2148533248 201328000 1537 1048576 4345988 2365587548 4 4204544 1082131008 541255812 3332383304 128 2147483984
is_linear=0
shrinkage=0.05


Tree=90
num_leaves=63
num_cat=25
split_feature=11 3 1 2 5 2 1 2 2 1 1 1 1 8 5 5 3 9 2 1 1 5 5 2 2 6 6 9 1 1 5 11 6 3 3 1 5 9 3 5 9 5 8 5 2 1 9 6 6 2 9 9 1 2 8 6 3 5 2 2 5 6
split_gain=1.50175 0.635991 0.495112 0.439854 0.438866 0.492698 0.461972 0.429347 0.42342 0.422657 0.409632 0.392754 0.380569 0.449014 0.40309 0.390443 0.456118 0.370743 0.315292 0.517094 0.492988 0.403696 0.290552 0.285304 0.278039 0.367564 0.277753 0.403406 0.268005 0.260434 0.245969 0.305743 0.238426 0.235111 0.267218 0.234115 0.324171 0.312119 0.335995 0.365316 0.274046 0.223014 0.219663 0.217018 0.248796 0.311437 0.577038 0.330858 0.756068 0.216711 0.213653 0.207461 0.202149 0.431639 0.458963 0.802482 0.700265 0.313751 0.220448 0.200807 0.360091 0.675532
threshold=2570.1774835000001 431.15000000000003 0 1 1.0261750000000003 2 3 4 5 6 7 8 9 1.5000000000000002 0.96122180555555559 1.1113250000000001 273.30000000000001 280.50000000000006 10 11 12 1.3848450000000001 1.0139600000000002 13 14 2.1643350000000008 2.1283750000000006 219.50000000000003 15 16 1.2147200000000002 4487.8026355000011 1.5968400000000003 2727.2500000000005 2484.4500000000003 17 1.2388600000000001 245.50000000000003 265.35000000000008 1.0584800000000001 208.50000000000003 0.81722500000000009 2.5000000000000004 0.94720500000000019 18 19 217.50000000000003 2.1355100000000005 2.0732650000000006 20 73.500000000000014 228.50000000000003 21 22 4.5000000000000009 2.0257750000000008 830.90000000000009 0.98824000000000012 23 24 1.1988400000000003 1.9834900000000002
decision_type=2 2 9 9 2 9 9 9 9 9 9 9 9 2 2 2 2 2 9 9 9 2 2 9 9 2 2 2 9 9 2 2 2 2 2 9 2 2 2 2 2 2 2 2 9 9 2 2 2 9 2 2 9 9 2 2 2 2 9 9 2 2
left_child=1 2 3 35 5 9 -7 12 10 -3 -6 -10 13 -4 51 -16 -17 59 19 21 43 24 -11 -22 25 -2 27 -24 41 -9 31 -26 -8 34 -33 -1 37 38 39 -37 -40 -21 -19 -20 45 -45 47 48 -47 -12 -51 -15 58 54 55 56 -54 -57 -34 60 61 -13
right_child=18 4 7 -5 8 6 32 29 11 22 49 17 -14 14 15 16 -18 42 20 28 23 -23 26 -25 30 -27 -28 -29 -30 -31 -32 33 52 -35 -36 36 -38 -39 40 -41 -42 -43 -44 44 -46 46 -48 -49 -50 50 -52 -53 53 -55 -56 57 -58 -59 -60 -61 -62 -63
leaf_value=-0.0013365894203212038 -0.00076412824592908795 -0.00017744365859833809 -0.0010353523875988016 -0.00065013248724548462 -0.0008268661941867087 -0.00057897241543961953 0.0047343099264488108 4.3371034239497673e-05 -4.2121158039174418e-05 -0.0011449300839392914 0.00055172935065700001 0.0074524550612977691 -0.00012485241437071873 -0.0024271036856552369 0.0060307345471729236 0.0064934036330253422 -0.000359114335878985 0.0065763061943774417 0.00036156416920007841 0.0053435708707829403 -0.00011013800009067774 -0.0058386201748766731 -0.0083527857077956968 0.00067546237405590034 -0.00031499796534592263 -0.0065928366421510219 -0.00044589896631525618 -0.001883106288928852 0.00022166134555840248 -0.0011020211173434888 0.00078592669222463237 -0.0020565529590315305 0.0009599309145046543 0.00072851577874230729 -0.0067842369752788515 -0.011031338949320152 -0.00054885439923964437 -0.0013441769561419884 -0.0019624302291661724 -0.0042476675000216344 -0.0073779756644545419 0.0010266428074571831 0.0019683700711494766 0.00084436165765110313 0.0010189203699509763 0.0019777158588174986 0.0078365931383207986 0.00011004932151990944 0.010794143794731599 -0.0019474567512783954 -7.9230950875216401e-05 0.0028001416853869394 0.0015770071088451059 0.00021498237755783784 5.9836758866945873e-05 -0.00043024532911489544 0.010935706802649128 0.005441653276718552 -0.00036413336608800837 0.0004875346727582254 0.00035629256243636422 0.0013049388254685918
leaf_weight=638 71 1431 113 1561 1810 2290 30 717 2893 1752 1473 63 1417 48 101 34 79 38 820 30 2377 35 46 2238 1016 43 51 51 3889 1642 389 103 408 43 42 37 99 89 100 46 30 920 81 253 2011 116 59 99 30 176 1131 30 32 852 128 85 54 30 1248 2830 251 150
leaf_count=638 71 1431 113 1561 1810 2290 30 717 2893 1752 1473 63 1417 48 101 34 79 38 820 30 2377 35 46 2238 1016 43 51 51 3889 1642 389 103 408 43 42 37 99 89 100 46 30 920 81 253 2011 116 59 99 30 176 1131 30 32 852 128 85 54 30 1248 2830 251 150
internal_value=-7.76358e-06 -0.000234376 -0.000651121 -0.00119152 -8.85621e-05 -0.000358095 -5.09367e-05 -0.000311268 0.000121418 -0.000830827 -0.000243718 0.000386962 0.00026472 0.001595 0.00266741 0.00378453 0.00174158 0.000749637 0.000398787 0.000141533 0.00060935 -0.000594799 -0.00131907 0.000271532 -0.000487408 -0.00276082 -0.00344758 -0.00500513 0.000407354 -0.000755302 -0.000303859 -0.00065884 0.00037143 -0.00250555 -0.00346304 -0.00198958 -0.00296509 -0.00385059 -0.0048867 -0.00736704 -0.00325895 0.00115628 0.00348235 0.00106714 0.00129637 0.00223613 0.00332448 0.00234559 0.00385042 0.00013772 -0.000329582 -0.000406629 0.000324951 0.000820842 0.0023321 0.00388711 0.00751155 0.00113526 -3.3733e-05 0.000652162 0.00160798 0.00314955
internal_weight=40749 26165 6781 2600 19384 8488 5157 4181 10896 3331 4590 6306 1822 405 292 214 113 3413 14584 6581 8003 1742 1900 4615 1707 114 148 97 4839 2359 1593 1204 2867 188 145 1039 401 302 213 83 130 950 119 3388 2568 557 304 245 146 2780 1307 78 2837 1181 329 201 86 115 1656 3294 464 213
internal_count=40749 26165 6781 2600 19384 8488 5157 4181 10896 3331 4590 6306 1822 405 292 214 113 3413 14584 6581 8003 1742 1900 4615 1707 114 148 97 4839 2359 1593 1204 2867 188 145 1039 401 302 213 83 130 950 119 3388 2568 557 304 245 146 2780 1307 78 2837 1181 329 201 86 115 1656 3294 464 213
cat_boundaries=0 2 4 6 8 10 12 14 16 18 20 22 24 26 28 30 32 34 36 38 40 42 44 46 48 50
cat_threshold=1450336769 75550910 47325249 640254124 559024803 2396416640 71849584 1498928949 691216850 741912932 1441072704 2692338045 538476476 1377897097 316159503 2718769690 842436068 3609696390 264192 671755008 1373562292 2063862760 3636995736 2285915169 2504525404 2428756701 572590088 71861271 273022976 128 536887296 1470693760 2843771074 150995008 1108484608 67129472 2164800 67109906 2148009540 4399120 1371537472 2147537180 1636051208 78127296 1310983176 1611137024 268452160 2098258 6 42074240
is_linear=0
shrinkage=0.05


Tree=91
num_leaves=63
num_cat=31
split_feature=11 3 1 5 9 2 1 9 1 9 1 2 1 5 2 1 2 2 9 2 1 5 1 0 2 2 9 3 9 2 1 9 6 9 9 1 11 1 2 1 9 8 3 2 6 1 5 1 6 6 2 5 1 3 8 2 0 9 5 5 1 6
split_gain=1.35606 0.592433 0.703408 0.415046 0.41621 0.657528 0.993025 0.674827 0.533604 0.558434 0.403623 0.492511 0.779912 1.28731 0.383575 0.351002 0.48249 0.387903 0.335467 0.287171 0.49694 0.481216 0.431241 0.28566 0.282069 0.281483 0.276825 0.277597 0.371237 0.274989 0.261285 0.441945 0.270582 0.261088 0.390128 0.255483 0.370021 0.254554 0.306416 0.246015 0.415838 0.440718 0.234878 0.234763 0.397224 0.233265 0.216813 0.216681 0.250147 0.486874 0.214861 0.276133 0.204522 0.31518 0.321571 0.201756 0.380825 0.625323 0.257941 0.19481 0.194076 0.509707
threshold=2570.1774835000001 265.35000000000008 0 1.2418750000000003 271.50000000000006 1 2 283.50000000000006 3 301.50000000000006 4 5 6 1.3526850000000004 7 8 9 10 121.50000000000001 11 12 1.3848450000000001 13 14 15 16 286.50000000000006 931.95000000000016 278.50000000000006 17 18 81.500000000000014 2.0978250000000007 292.50000000000006 298.50000000000006 19 2268.4441775000009 20 21 22 111.50000000000001 3.5000000000000004 650.55000000000007 23 2.1643350000000008 24 0.95960500000000015 25 1.8404700000000001 1.7624550000000003 26 0.94720500000000019 27 1633.5500000000002 2.5000000000000004 28 29 145.50000000000003 1.1271550000000004 0.82235000000000003 30 1.9573250000000002
decision_type=2 2 9 2 2 9 9 2 9 2 9 9 9 2 9 9 9 9 2 9 9 2 9 1 9 9 2 2 2 9 9 2 2 2 2 9 2 9 9 9 2 2 2 9 2 9 2 9 2 2 9 2 9 2 2 9 1 2 2 2 9 2
left_child=1 2 55 4 15 6 7 42 9 26 11 12 13 -5 35 17 46 37 -14 20 21 33 23 39 -25 30 27 28 -7 -24 -4 -32 -33 43 -35 -12 47 38 -3 40 -21 -42 -6 44 -2 59 50 -37 49 -49 51 -17 53 54 -26 -1 57 58 -57 -22 61 -45
right_child=19 3 25 10 5 8 -8 -9 -10 -11 14 -13 18 -15 -16 16 -18 -19 -20 22 45 -23 29 24 52 -27 -28 -29 -30 -31 31 32 -34 34 -36 36 -38 -39 -40 -41 41 -43 -44 60 -46 -47 -48 48 -50 -51 -52 -53 -54 -55 -56 56 -58 -59 -60 -61 -62 -63
leaf_value=-0.0010348710107920863 -0.00060912224398122468 -0.00038364774660760542 -0.00046682717065171651 -0.0012473399373657931 0.010735396940943373 -0.0011845722757437322 0.00038636633806845568 0.0023078696568476376 0.0002426550632218224 -0.0079570568918383554 0.00056380053579973926 0.00010542074737446164 -0.0038950166626212502 -0.012455697927006716 0.00028034918925067031 -0.0018055090461107392 0.00022638976155163359 -0.00026247156282578702 0.00049374158428448333 -0.00012253586204548941 0.0050166070366685746 -0.0054681912193094229 -0.00012233726751569729 0.00020428763872866316 0.0086283772051501725 -0.00061424492414073519 0.00027104372114808943 0.00058634477239312671 -0.0067941732011327005 0.00066616707813429228 0.0078949186330040302 0.0036124273340272552 -0.0017441141076481226 -0.0072099299951600294 0.00059453840268918531 5.399585485194377e-05 0.0070634451594378343 -0.00068703655338483646 -0.0022254516911869387 0.0013950964599257812 0.010246747656952051 0.0021276412055158292 0.0051961481054258046 -0.0039726760176818704 -0.0072733530707685557 0.00024907872836922861 -0.00029216740701870441 0.0021407909949630265 0.001702909942342524 0.0094778070985436606 -0.00064567693574199211 -0.0067816576563693096 0.00069861157248697755 0.0015430152091986252 0.0018286596570856331 -0.011016310524428264 -0.0019794394995099819 -0.0015542354893113954 -0.0046830747953208627 0.0010330542149226706 0.00010821830886796598 5.8786582716464412e-05
leaf_weight=327 70 356 124 64 42 60 529 129 1470 34 357 2155 53 42 1757 298 4517 4502 224 34 31 47 2372 1345 33 1466 149 46 58 2059 32 50 43 33 30 116 39 2665 699 799 37 31 41 113 32 3648 2171 63 186 35 707 30 831 502 37 39 392 67 31 806 1443 251
leaf_count=327 70 356 124 64 42 60 529 129 1470 34 357 2155 53 42 1757 298 4517 4502 224 34 31 47 2372 1345 33 1466 149 46 58 2059 32 50 43 33 30 116 39 2665 699 799 37 31 41 113 32 3648 2171 63 186 35 707 30 831 502 37 39 392 67 31 806 1443 251
internal_value=-7.35763e-06 -0.000222698 -0.00094329 -0.000144139 -0.000254139 0.000337826 0.00158048 0.0043941 -0.000177257 -0.00190893 0.00025562 -0.000191279 -0.00181703 -0.0052707 0.000697811 -0.000349121 -0.000106435 -0.000576207 -0.00034458 0.000378971 0.000130839 -0.000518803 0.000577787 0.000980174 0.000729078 -0.00034892 -0.00128949 -0.00270034 -0.00397576 0.000244808 0.00117309 0.00270607 0.00114354 -0.000400759 -0.0035423 0.00160289 0.00241345 -0.000954001 -0.00161432 0.00175521 0.00401037 0.00662987 0.00809357 -0.000295283 -0.0025068 0.00042384 -0.00057453 0.00200377 0.00270053 0.00483042 -0.0011715 -0.00221262 0.00122151 0.00195367 0.00511062 -0.0021037 -0.00272985 -0.00504492 -0.00831705 0.00117241 -0.000154412 -0.00116819
internal_weight=40749 26165 2571 23594 18503 2558 741 212 1817 347 5091 2538 383 106 2553 15945 7723 8222 277 14584 6504 2019 8080 3649 2748 1715 313 164 118 4431 249 125 93 1972 63 796 439 3720 1055 901 102 68 83 1909 102 4485 3206 400 284 98 1035 328 1403 572 70 856 529 137 70 837 1807 364
internal_count=40749 26165 2571 23594 18503 2558 741 212 1817 347 5091 2538 383 106 2553 15945 7723 8222 277 14584 6504 2019 8080 3649 2748 1715 313 164 118 4431 249 125 93 1972 63 796 439 3720 1055 901 102 68 83 1909 102 4485 3206 400 284 98 1035 328 1403 572 70 856 529 137 70 837 1807 364
cat_boundaries=0 2 4 6 8 10 12 14 16 18 20 22 24 26 28 29 31 33 35 37 39 41 43 45 47 49 50 52 54 56 57 59
cat_threshold=1448247296 1082839484 8521833 318975244 1074841608 1207960705 268468232 118100032 1422137371 4105375606 4755488 16843076 8392704 2684355172 5369923 1291846786 3279713486 2321392801 71281169 3461905411 1976716899 184877964 1507632564 2063862760 3637126808 2287094833 2638747228 2428756701 4 33708035 2155405312 152242464 67108864 637601800 71865367 2113544 268435457 169001280 50344064 2113538 2282824832 538067458 134283776 285212744 268435456 268697600 268435584 536887296 1185481088 9856 1179649 2315266048 71303192 2151793281 1376010752 2197845601 4 2290091016 2147483648
is_linear=0
shrinkage=0.05


Tree=92
num_leaves=63
num_cat=19
split_feature=11 11 4 2 6 2 9 2 2 9 5 4 2 2 6 6 2 5 5 4 2 11 5 6 9 2 5 11 2 9 6 4 0 4 11 11 2 5 4 4 6 5 2 9 8 5 9 4 2 2 9 4 9 4 2 0 0 2 4 9 9 9
split_gain=1.22496 0.523325 0.437409 0.51936 0.489085 0.410114 0.341658 0.401408 0.31747 0.409466 0.305354 0.302589 0.47636 0.359406 0.281406 0.271215 0.259261 0.249513 0.424537 0.214603 0.241002 0.310492 0.212821 0.271373 0.262563 0.268821 0.379586 0.230156 0.21982 0.204238 0.215447 0.194407 0.192674 0.285863 0.238072 0.207633 0.192086 0.187724 0.22014 0.394081 0.178818 0.176223 0.174248 0.411527 0.52894 0.168515 0.306885 0.167196 0.332949 0.282811 0.234522 0.271839 0.186908 0.171759 0.16854 0.231654 0.165137 0.230254 0.176807 0.161187 0.157782 0.185693
threshold=2570.1774835000001 634.15042300000005 26396.500000000004 0 1.9420900000000001 1 62.500000000000007 2 3 95.500000000000014 1.0025850000000003 39785.500000000007 4 5 2.4445050000000004 2.6306300000000005 6 1.0139600000000002 1.0623050000000003 42829.500000000007 7 907.70449600000006 1.2472250000000003 1.9756400000000001 248.50000000000003 8 0.9579850000000002 3046.1211400000007 9 32.500000000000007 2.3858450000000002 19674.000000000004 10 27739.500000000004 603.98911200000009 412.82351550000004 11 0.98485000000000011 32867.500000000007 29069.500000000004 2.1482450000000006 1.3005050000000002 12 167.50000000000003 1.5000000000000002 1.3262850000000002 163.50000000000003 32793.500000000007 13 14 135.50000000000003 31821.500000000004 95.500000000000014 17711.500000000004 15 16 17 18 27199.500000000004 302.50000000000006 61.500000000000007 28.500000000000004
decision_type=2 2 2 9 2 9 2 9 9 2 2 2 9 9 2 2 9 2 2 2 9 2 2 2 2 9 2 2 9 2 2 2 1 2 2 2 9 2 2 2 2 2 9 2 2 2 2 2 9 9 2 2 2 2 9 1 1 9 2 2 2 2
left_child=1 5 3 4 8 32 7 15 9 10 -3 13 -13 -2 -9 60 19 -16 -19 41 -21 -22 24 45 28 -26 -27 -28 -15 30 40 -30 33 35 36 -1 -34 -29 39 -39 -5 56 43 -14 -45 -24 -47 49 52 53 51 54 -49 -7 55 -51 57 58 -8 -18 61 -4
right_child=11 2 6 29 -6 47 16 14 -10 -11 -12 12 42 22 17 -17 59 18 -20 20 21 -23 23 -25 25 26 27 37 31 -31 -32 -33 34 -35 -36 -37 -38 38 -40 -41 -42 -43 -44 44 -46 46 -48 48 -50 50 -52 -53 -54 -55 -56 -57 -58 -59 -60 -61 -62 -63
leaf_value=-0.0054034044275120385 -3.6297864128281607e-05 0.0029436544830198676 -0.0013607213105348787 -0.0020119958185915157 -0.00027640432006977635 -0.0026457272890005627 0.0052865652714840956 -0.00011663387154897743 0.00030759165550460406 0.0016755869895849198 0.009983884285238968 5.4731105707038231e-05 0.0010700831238371342 -0.00013189889395372274 0.0004963597900608036 -0.0052542309216935083 -7.7615669166410009e-05 0.0074868303461698817 2.9825373611755723e-05 6.8778333375770929e-05 0.0049718516480187769 0.0013304880330751209 0.0011228961568025447 0.0007326308563186261 0.00012566667308185002 0.00077975564422629723 0.0072570766983253336 0.00058846980886679006 -0.0010450834369322068 -0.00066268724800844301 -0.0056568090574618318 0.00076698736992149275 0.00050734203172572549 -0.001380603616274655 -0.0044277999453091379 -0.0022392224136227367 -0.0014849881230158148 0.002854641427693423 0.00095002613961696629 0.0097111091945290343 0.00030385630117962136 0.00084386006987733893 0.0011136607500745789 0.0091127922639398923 0.0026346575178237807 0.0019908918223796373 0.0070307670086820389 -0.0031920683184107953 0.00080098793329934587 -0.0015576824648662533 -0.00069518346629956086 -0.0068131292529869832 -0.00051232862115498654 0.0004006429595308706 -0.00077554265230656873 -0.0061590622905379295 -5.1553461193406835e-05 0.00015364772926528401 0.0013359759156664642 -0.0027724883508718841 -0.0042421144260408579 -0.00031411276766267525
leaf_weight=92 5551 33 789 350 1325 50 30 1626 264 166 30 988 213 2412 129 35 6075 41 35 339 68 397 112 1094 516 448 30 76 162 3747 32 1622 237 435 41 123 230 69 51 30 109 1012 917 43 116 88 46 76 635 61 505 31 424 498 175 50 3637 877 352 55 33 916
leaf_count=92 5551 33 789 350 1325 50 30 1626 264 166 30 988 213 2412 129 35 6075 41 35 339 68 397 112 1094 516 448 30 76 162 3747 32 1622 237 435 41 123 230 69 51 30 109 1012 917 43 116 88 46 76 635 61 505 31 424 498 175 50 3637 877 352 55 33 916
internal_value=-7.01352e-06 -0.000211679 -0.000121443 -0.000484684 0.00022279 -0.000765823 1.23367e-05 -0.000417784 0.00156679 0.00287253 0.00639976 0.000360165 0.000889539 0.000262157 0.000103303 -0.000950894 0.00013307 0.00184489 0.00409767 0.000347444 0.00111387 0.00183318 0.000506653 0.0010714 0.000367689 0.00101301 0.00163729 0.00319281 0.000179862 -0.000786823 -0.00174687 0.000598592 -0.00153991 -0.00212308 -0.000821275 -0.00361195 -0.000495858 0.00262371 0.00364418 0.00500869 -0.00146258 0.000243561 0.00151669 0.00244965 0.00443261 0.00256892 0.00376026 -0.000399771 4.74554e-05 -0.000772964 -0.00135021 -0.00243069 -0.000907102 0.000116259 -0.00193359 -0.0033663 0.000119332 0.000612637 0.00161701 -0.000102077 -0.00086673 -0.000798951
internal_weight=40749 26165 22502 6056 1818 3663 16446 3604 493 229 63 14584 2277 12307 1831 1773 12842 205 76 6712 804 465 6756 1340 5416 1220 704 256 4196 4238 491 1784 1158 650 508 215 467 226 150 99 459 5908 1289 372 159 246 134 2505 1135 1370 822 317 500 548 286 111 4896 1259 382 6130 1738 1705
internal_count=40749 26165 22502 6056 1818 3663 16446 3604 493 229 63 14584 2277 12307 1831 1773 12842 205 76 6712 804 465 6756 1340 5416 1220 704 256 4196 4238 491 1784 1158 650 508 215 467 226 150 99 459 5908 1289 372 159 246 134 2505 1135 1370 822 317 500 548 286 111 4896 1259 382 6130 1738 1705
cat_boundaries=0 2 4 6 8 10 12 14 16 18 20 21 23 25 27 29 31 32 33 35
cat_threshold=1612710946 1460768112 83627010 453580965 1417102925 2920361672 1026 117441616 26423014 3578405336 1490993437 2064944034 1000325533 2820815499 293617925 2283799170 536943808 77792332 35727522 4854805 1 9439232 34082849 1214267392 143660546 453018008 3768582426 721453448 1689395202 147520 1792 1 4 402784412 2684356610
is_linear=0
shrinkage=0.05


Tree=93
num_leaves=63
num_cat=28
split_feature=3 3 1 1 2 2 2 4 4 9 2 1 1 0 0 1 2 2 2 1 1 1 6 2 1 8 5 4 2 1 6 4 2 7 3 2 8 9 9 5 2 4 6 6 4 1 5 4 1 5 8 3 4 2 9 3 6 9 9 1 4 3
split_gain=1.13328 0.541859 0.428966 0.351435 0.495841 0.476246 0.331929 0.361856 0.622271 0.305737 0.5891 0.648058 0.427078 0.5632 0.297581 0.3293 0.470123 0.35757 0.321883 0.46462 0.369666 0.316931 0.301323 0.418577 0.488529 0.664055 0.569348 0.458413 0.391799 0.368823 0.304498 0.418507 0.284041 0.302061 0.310342 0.2797 0.727846 0.299454 0.467691 0.270567 0.269426 0.427747 0.666341 0.266477 0.256229 0.439704 0.409385 0.312689 0.249766 0.245002 0.291225 0.243327 0.239028 0.238188 0.236573 0.235672 0.263468 0.238794 0.226485 0.225568 0.343559 0.233861
threshold=534.35000000000002 1703.4500000000003 0 1 2 3 4 27838.500000000004 23828.500000000004 32.500000000000007 5 6 7 8 9 10 11 12 13 14 15 16 2.0634000000000001 17 18 3.5000000000000004 1.3005050000000002 22715.500000000004 19 20 2.1725850000000002 25393.500000000004 21 8.5000000000000018 1125.7500000000002 22 1.0000000180025095e-35 182.50000000000003 211.50000000000003 1.1880550000000001 23 46986.500000000007 2.2483150000000003 1.9019750000000002 27121.500000000004 24 0.89057000000000008 24092.000000000004 25 1.2147200000000002 2.5000000000000004 1675.4500000000003 32386.500000000004 26 278.50000000000006 265.35000000000008 2.6808200000000002 40.500000000000007 253.50000000000003 27 41694.000000000007 265.35000000000008
decision_type=2 2 9 9 9 9 9 2 2 2 9 9 9 1 1 9 9 9 9 9 9 9 2 9 9 2 2 2 9 9 2 2 9 2 2 9 2 2 2 2 9 2 2 2 2 9 2 2 9 2 2 2 2 9 2 2 2 2 2 9 2 2
left_child=2 9 6 5 44 48 7 8 -1 10 12 52 13 -2 18 17 51 21 19 32 -20 35 23 -18 53 26 27 -26 29 30 -24 -32 33 34 -11 36 -16 39 -39 -38 41 59 -43 -23 45 46 -5 -48 -3 50 -49 -17 -12 -25 -29 56 -8 -58 -9 60 61 -4
right_child=1 3 40 4 -6 -7 55 58 -10 14 11 -13 -14 -15 15 16 22 -19 20 -21 -22 43 28 24 25 -27 -28 54 -30 -31 31 -33 -34 -35 -36 -37 37 38 -40 -41 -42 42 -44 -45 -46 -47 47 49 -50 -51 -52 -53 -54 -55 -56 -57 57 -59 -60 -61 -62 -63
leaf_value=-0.00057895229498778169 -0.0013337430865417615 0.0010701280948507874 0.0029229391015101005 -0.0070978418993479691 0.00076654313622788982 0.0011314338758108412 -0.0019341348567085753 -0.00037438455928602945 -0.0099525939874001781 -0.0021853993204626536 0.00165287940214122 -0.00029538143718151934 -0.0011556123774128172 -0.0086877587013217492 -0.0080795024951738816 -0.00023143062390528236 0.00024868656658910557 -2.9209237763037195e-05 8.7307972915534103e-05 0.00040656696538767136 0.0012245525195644909 -0.0019046593655149078 0.00096199427971018761 0.0018307762027530488 0.0082656224417135219 0.00064828099078265426 0.0083752880061652071 0.0015133625508323115 -0.00039863728802749538 -4.3980383638321261e-05 0.0086885718915082916 0.002447287650431043 -0.00061747759179517478 0.00085802101784793194 -0.007751839695358401 -0.00077097554353437476 -0.0027353421342374371 -0.0087428397793701158 -0.0017792588369475735 0.0015274291922681158 -0.0004544964498578029 -0.00083865637292287196 0.0089669071710003264 -0.0001059316989541378 6.2060769458878245e-05 -6.4943499252208563e-05 -0.00035800363406197845 -0.0084976857342455234 -0.00041947785298816141 -0.00034089245666109493 -0.002567983721497049 -0.0041094896156431701 0.006128580827552705 -0.00029629214542687126 0.0062561341004648942 -0.00053306866182156417 0.0039982455020601097 -0.00063670369283334535 -0.0049765348068571517 -0.00017914706206705589 0.0061028719657770132 9.2855624142230674e-05
leaf_weight=32 53 382 93 40 2069 3031 700 114 39 56 69 1377 635 51 53 3035 1115 4587 1265 1435 1659 240 171 207 36 220 65 182 1351 354 36 103 471 31 46 500 62 31 101 90 3996 34 34 1415 2135 562 171 36 980 39 50 40 53 330 30 2555 32 175 34 1503 31 327
leaf_count=32 53 382 93 40 2069 3031 700 114 39 56 69 1377 635 51 53 3035 1115 4587 1265 1435 1659 240 171 207 36 220 65 182 1351 354 36 103 471 31 46 500 62 31 101 90 3996 34 34 1415 2135 562 171 36 980 39 50 40 53 330 30 2555 32 175 34 1503 31 327
internal_value=-6.62288e-06 0.00014075 -0.000478383 0.000455437 0.000171749 0.000782625 -0.000902739 -0.00275844 -0.00579457 2.11535e-06 -0.000550985 2.42752e-05 -0.00169375 -0.00455466 6.62208e-05 -4.91799e-05 0.000186961 -0.000291703 0.000399926 -8.35004e-05 0.000734722 -0.000772621 0.000530351 0.000938174 0.00163814 0.00270727 0.00423402 0.00311933 9.05066e-05 0.00107467 0.00230984 0.00411425 -0.00123426 -0.0032045 -0.00474664 -0.00156232 -0.00267494 -0.00173539 -0.00346808 -0.000217846 -0.000216852 0.000252713 0.00412303 -0.00036556 -0.000235301 -0.00094418 -0.00233892 -0.00175284 3.53808e-06 -0.00364299 -0.00511933 -0.000282279 0.00335823 0.00054393 0.00221073 -0.000776985 -0.00147131 9.55877e-05 -0.00145794 0.000117277 0.00108334 0.000724971
internal_weight=40749 31050 9699 9495 5102 4393 3681 219 71 21555 2238 1499 739 104 19317 14354 7275 7079 4963 2039 2924 2492 4200 2185 1070 533 313 248 2015 664 310 139 604 133 102 837 337 284 132 152 6018 2022 68 1655 3033 898 336 296 1362 125 86 3075 122 537 212 3462 907 207 148 1954 451 420
internal_count=40749 31050 9699 9495 5102 4393 3681 219 71 21555 2238 1499 739 104 19317 14354 7275 7079 4963 2039 2924 2492 4200 2185 1070 533 313 248 2015 664 310 139 604 133 102 837 337 284 132 152 6018 2022 68 1655 3033 898 336 296 1362 125 86 3075 122 537 212 3462 907 207 148 1954 451 420
cat_boundaries=0 2 4 6 8 10 12 14 16 17 18 20 22 24 26 28 30 32 34 36 38 40 42 44 46 48 50 52 54
cat_threshold=1459118147 2228408486 621337309 60533406 1777347057 688953271 1419105292 2471758072 64 33890340 17991749 638790345 50364928 536870914 83928072 256 1 4 2413693004 785901074 2103991104 72343594 281709731 2693378320 781546497 1554285701 150995592 2552758769 3337156434 1612044460 25821192 647233538 34636948 3892318805 1342198816 1361058180 8421508 1610615889 805364754 2147488001 266241 67141636 273287296 2148007952 154274246 612937844 1049632 201589761 83906692 59318288 458784 25168128 268288 553716480
is_linear=0
shrinkage=0.05


Tree=94
num_leaves=63
num_cat=25
split_feature=11 4 2 1 1 6 2 5 9 1 2 2 9 1 9 8 2 1 4 11 6 4 5 1 4 1 2 4 9 2 1 1 2 9 8 9 9 9 2 2 9 9 5 9 1 2 5 6 4 6 11 11 2 4 6 6 1 5 1 2 4 4
split_gain=1.01953 0.444032 0.576053 0.614814 0.518608 0.481924 1.25199 0.546942 0.480128 0.342754 0.663908 0.387017 0.365851 0.525162 0.504863 0.728273 0.33567 0.321692 0.31519 0.466903 0.487552 0.328413 0.361502 0.300711 0.270879 0.382137 0.464835 0.359492 0.412014 0.339112 0.37983 0.309115 0.277359 0.306008 0.373765 0.668919 0.259223 0.255557 0.253951 0.246382 0.505489 0.262994 0.241824 0.304804 0.239905 0.748527 0.662763 0.674896 0.472812 0.350252 0.287924 0.236615 0.235237 0.454824 0.291504 0.225458 0.223823 0.217536 0.216682 0.315056 0.587043 0.212955
threshold=2570.1774835000001 26396.500000000004 0 1 2 2.0004700000000004 3 1.0470950000000003 136.50000000000003 4 5 6 272.50000000000006 7 291.50000000000006 2.5000000000000004 8 9 25393.500000000004 2201.3485420000002 2.4660000000000006 18040.500000000004 1.0804050000000003 10 38468.500000000007 11 12 41541.500000000007 138.50000000000003 13 14 15 16 167.50000000000003 1.5000000000000002 229.50000000000003 292.50000000000006 296.50000000000006 17 18 18.500000000000004 69.500000000000014 0.96279500000000018 253.50000000000003 19 20 1.0185450000000003 1.7977600000000002 35875.500000000007 1.5791600000000001 1278.8160855000003 882.46887200000003 21 21490.000000000004 2.2483150000000003 2.0257750000000008 22 0.89719500000000008 23 24 26685.500000000004 18369.000000000004
decision_type=2 2 9 9 9 2 9 2 2 9 9 9 2 9 2 2 9 9 2 2 2 2 2 9 2 9 9 2 2 9 9 9 9 2 2 2 2 2 9 9 2 2 2 2 9 9 2 2 2 2 2 2 9 2 2 2 9 2 9 9 2 2
left_child=1 2 3 -1 16 6 7 -5 -9 10 44 56 23 14 15 -14 18 -8 19 20 21 22 -4 39 29 26 27 -26 -29 30 36 -31 33 -27 35 -35 52 -38 -25 40 -13 -42 -33 58 45 46 50 49 -49 -48 -3 -12 53 -2 -55 -20 -11 -6 59 60 -44 -19
right_child=24 9 4 5 57 -7 17 8 -10 11 51 12 13 -15 -16 -17 -18 61 55 -21 -22 -23 -24 38 25 32 -28 28 -30 31 -32 42 -34 34 -36 -37 37 -39 -40 -41 41 -43 43 -45 -46 -47 47 48 -50 -51 -52 -53 -54 54 -56 -57 -58 -59 -60 -61 -62 -63
leaf_value=-0.00074521462562100304 -0.0076200829230196367 0.00088036026954532774 -0.0073949357014871809 0.0022078183345594117 -0.0016771408666139871 -8.166499650805989e-05 -0.00087537666786589776 0.0053863373540623712 0.013929694316660366 -0.00063535610045830618 -0.00063379277112617679 0.0059086474841215505 0.0094464577523438731 0.00038037075444158157 0.00081319684492084398 0.0018945326908796059 -0.0008701293903991893 0.0037145033434746611 -0.0086776459817711673 -0.0067783130908177355 -0.0064497711028243246 -0.00033725573727073899 -0.00038376083939510868 -0.00045177702162639669 0.00040417806475841417 0.0010456031459553906 0.000390234188614909 -0.0010967602298882816 -0.0085184914910336734 -9.1522952705446023e-05 0.00031649712157445098 0.00010043355488322322 0.00075535220894540421 0.011835279281331169 0.0022272467508698286 0.0021240605462697292 -0.0067583509135147324 -0.0011828837233042577 0.00041240416776001389 0.00014259850802080481 -0.00070439670813630603 0.0014693903331457708 0.010104756787299149 0.0024978797314097524 -0.00068972239432099321 -0.00046024590848616262 -0.0058482908242694981 -0.0060844905801652072 -0.01401794659168445 0.0016292198778941266 -0.0048613136827043496 0.00020777790788899811 -0.00025885810869051275 -0.00031493897402653831 -0.0054357512797595878 -0.0031358087422573566 2.2785576663921234e-05 -0.00041737639490471929 0.00051210872362666613 0.0010371128087687355 0.0019053442456590183 0.00087110991472479299
leaf_weight=1672 30 68 38 42 403 1041 219 37 32 1863 1081 56 62 397 97 66 429 86 36 52 48 280 35 1709 48 313 950 35 40 1807 2815 1293 1240 31 207 41 31 59 1670 830 172 716 30 275 1935 410 31 53 31 30 31 3661 2092 177 32 40 4164 2267 2304 658 76 275
leaf_count=1672 30 68 38 42 403 1041 219 37 32 1863 1081 56 62 397 97 66 429 86 36 52 48 280 35 1709 48 313 950 35 40 1807 2815 1293 1240 31 207 41 31 59 1670 830 172 716 30 275 1935 410 31 53 31 30 31 3661 2092 177 32 40 4164 2267 2304 658 76 275
internal_value=-6.2849e-06 -0.000193003 -0.00053273 -6.37607e-05 -0.000969758 0.000594638 0.00162073 0.00622375 0.00949087 -6.81204e-05 -0.000336344 9.87068e-05 0.000390866 0.00153603 0.00339726 0.00559737 -0.00196571 0.000612947 -0.00281837 -0.00236184 -0.0017737 -0.00112143 -0.00408403 0.000253125 0.000328694 0.000760685 5.60725e-06 -0.00275326 -0.00511502 0.000221186 -7.79225e-05 0.000463636 0.00119613 0.00208877 0.00332574 0.00641013 -0.000535888 -0.00315649 -2.47213e-05 0.000777821 0.00132826 0.00104802 0.000679728 0.000905722 -0.000978676 -0.00180806 -0.00395527 -0.00625874 -0.00914279 -0.00220386 -0.000948172 1.58045e-05 -0.000435695 -0.00188665 -0.00112114 -0.00583949 -0.000181439 -0.000605809 0.000762241 0.00148876 0.00393127 0.00151502
internal_weight=40749 26165 7032 3404 3628 1732 691 111 69 19133 7331 11802 5775 622 225 128 958 580 529 453 401 353 73 5153 14584 2905 1073 123 75 11679 5236 6443 1832 592 279 72 2421 90 3379 1774 944 888 4636 3343 2589 654 244 145 84 61 99 4742 2331 239 209 76 6027 2670 3068 764 106 361
internal_count=40749 26165 7032 3404 3628 1732 691 111 69 19133 7331 11802 5775 622 225 128 958 580 529 453 401 353 73 5153 14584 2905 1073 123 75 11679 5236 6443 1832 592 279 72 2421 90 3379 1774 944 888 4636 3343 2589 654 244 145 84 61 99 4742 2331 239 209 76 6027 2670 3068 764 106 361
cat_boundaries=0 2 4 6 8 10 12 14 16 18 20 22 24 26 28 30 32 34 36 38 40 42 44 46 48 50
cat_threshold=1614447978 1476234608 3246039371 3518385209 356794377 1644793872 1090 58720256 887493718 2254410916 1155928674 2735644748 909747744 1475435953 1091600520 1082130945 486547584 537023117 536876036 536875970 134252576 939551298 1087813874 1380198794 16787072 4194368 2027733277 2064911270 3656001080 671512114 981861768 2402813025 1214251521 684758546 1094863179 537526276 1212305858 537034826 4098 2148597924 1077940256 33849408 805568784 128 134250528 939549266 3238009360 352512 64 32833
is_linear=0
shrinkage=0.05


Tree=95
num_leaves=63
num_cat=20
split_feature=3 0 2 9 5 4 2 2 8 2 2 4 4 5 0 4 2 5 5 4 3 2 5 9 5 2 5 4 2 6 5 5 2 5 2 5 2 5 5 3 4 9 5 2 4 6 3 2 5 9 6 5 2 0 2 6 4 2 6 6 4 6
split_gain=1.15962 0.491256 0.435387 0.388928 0.37477 0.319038 0.401648 0.321772 0.308982 0.278131 0.276408 0.280106 0.359984 0.265746 0.254837 0.319323 0.38571 0.305859 0.7018 0.254193 0.216752 0.215314 0.208471 0.204009 0.260803 0.29978 0.231668 0.218792 0.196422 0.193396 0.382325 0.229531 0.263219 0.248649 0.210767 0.224 0.202723 0.194594 0.252788 0.178326 0.176985 0.229278 0.295747 0.173768 0.254664 0.169546 0.169324 0.168852 0.179538 0.162681 0.236916 0.160836 0.396698 0.203806 0.370995 0.203368 0.478333 0.254832 0.304282 0.559614 0.212479 0.189431
threshold=523.75000000000011 0 1 154.50000000000003 1.3376750000000002 33130.500000000007 2 3 2.5000000000000004 4 5 31496.500000000004 31205.500000000004 1.3777700000000002 6 29887.500000000004 7 1.2361400000000002 1.1302450000000002 33038.500000000007 87.250000000000014 8 1.3848450000000001 154.50000000000003 1.1988400000000003 9 1.1902550000000003 33463.000000000007 10 2.1027400000000003 1.3984350000000003 0.86796000000000018 11 0.84652500000000008 12 1.0246681360946748 13 1.3526850000000004 1.3684850000000002 1064.1500000000003 21135.500000000004 71.500000000000014 0.99303500000000011 14 43043.000000000007 1.7840300000000002 2799.9500000000003 15 1.3809850000000001 292.50000000000006 2.2151950000000005 1.2850800000000002 16 17 18 2.2380750000000007 25795.500000000004 19 2.0306050000000004 1.9958200000000004 22113.500000000004 2.0257750000000008
decision_type=2 1 9 2 2 2 9 9 2 9 9 2 2 2 1 2 9 2 2 2 2 9 2 2 2 9 2 2 9 2 2 2 9 2 9 2 9 2 2 2 2 2 2 9 2 2 2 9 2 2 2 2 9 1 9 2 2 9 2 2 2 2
left_child=9 2 -2 10 -5 7 23 19 -6 20 -4 12 13 21 15 16 17 18 -11 29 -1 40 43 27 26 -26 -25 39 -29 30 31 32 33 -3 35 45 37 -31 -39 -7 -12 42 -42 44 -17 -33 -8 -16 -49 -38 -51 53 61 -9 -55 57 -57 -56 59 60 -59 -53
right_child=1 5 3 4 8 6 46 51 -10 14 11 -13 -14 -15 47 22 -18 -19 -20 -21 -22 -23 -24 24 25 -27 -28 28 -30 36 -32 34 -34 -35 -36 -37 49 38 -40 -41 41 -43 -44 -45 -46 -47 -48 48 -50 50 -52 52 -54 54 55 56 -58 58 -60 -61 -62 -63
leaf_value=-0.0026646922066309187 7.8499345655321431e-05 -0.0014368825655544767 0.0017185648372933134 0.0011092263135683202 0.006387533555595926 -0.00014462842057192963 0.00049461264994419456 -0.00017675797583343729 0.001907319502671906 -0.0026956495946807422 -0.004260306936856877 0.00070305511927005223 -0.0055931731661985401 -0.0044266872567516801 9.2214409421514115e-05 -0.0002247670739992476 -0.0010682620965804669 -0.00025213098215589078 -0.0089346714124107617 -0.0040570608630003608 -0.0002158203347299326 0.0003953027513470043 -0.0038354700210038576 6.877175110988787e-06 0.0030824737678076851 0.00050799766434639869 -0.0042210066161439469 -0.0010749790558385805 -0.00014409785266374138 -0.0011009062809900305 0.0041910890517756344 0.0018676153068889489 -0.00050048049417530092 -0.0061568651981710907 -0.00032259461471864778 0.0011581817998503538 -0.00024768613566206345 -0.0069587940391476659 -0.0011265108887062864 0.0049722218481988156 0.00034771418986777065 0.00081091938850152338 -0.0054783965785625494 -0.00099998361118200482 0.0032319648313629541 -0.00070989287855558012 0.0018801873361334058 -0.0010223228413258976 0.0027981852645098115 -0.00021088442085011544 -0.0053704351916586844 0.003028711440428693 -0.0001966641474851481 -0.00037870711324537547 6.2841815086819643e-05 0.0072754765180103615 0.00049482598021523489 0.0054270528180164878 0.00047594938588277629 0.009684551619941504 0.0006399645713099744 0.00098581703179689405
leaf_weight=91 3769 65 299 1898 61 34 4513 4518 105 210 44 924 33 37 965 475 645 66 57 46 5100 554 49 1785 136 553 32 853 1680 818 49 75 354 49 2499 599 1520 33 42 33 42 104 44 811 59 397 231 823 31 52 38 175 640 649 391 43 64 32 145 30 79 324
leaf_count=91 3769 65 299 1898 61 34 4513 4518 105 210 44 924 33 37 965 475 645 66 57 46 5100 554 49 1785 136 553 32 853 1680 818 49 75 354 49 2499 599 1520 33 42 33 42 104 44 811 59 397 231 823 31 52 38 175 640 649 391 43 64 32 145 30 79 324
internal_value=-1.73162e-05 0.000128057 0.000468889 0.000821589 0.00130975 1.3631e-05 0.000230743 -0.000142178 0.00358205 -0.000505211 0.000340971 9.8799e-05 -0.000550849 -0.000342629 -0.000807793 -0.00115107 -0.00184338 -0.00320897 -0.00405594 -0.000392044 -0.000258756 -0.000145497 -0.000664395 -7.73567e-05 0.000244365 0.00107193 -6.98628e-05 -0.000387719 -0.000462688 -0.000366445 -0.000154403 -0.000208159 -0.00124809 -0.00322142 -7.15211e-05 0.000512302 -0.000712474 -0.0013127 -0.00375051 0.00241167 -0.00138018 -0.000766647 -0.00266179 -0.000546105 0.000159502 -0.000297249 0.00056128 -0.000364204 -0.000870349 -0.00036851 -0.00242444 9.21344e-05 0.000636329 -1.19572e-05 0.000507392 0.00122962 0.00326189 0.000922215 0.0020202 0.00373599 0.00205616 0.00167342
internal_weight=40872 31490 7914 4145 2064 23576 9850 13726 166 9382 2081 1782 858 825 4191 2372 978 333 267 6636 5191 788 1394 5106 2506 689 1817 2600 2533 6590 4087 4038 468 114 3570 1071 2503 893 75 67 234 190 86 1345 534 472 4744 1819 854 1610 90 7090 1139 5951 1433 784 107 677 286 141 111 499
internal_count=40872 31490 7914 4145 2064 23576 9850 13726 166 9382 2081 1782 858 825 4191 2372 978 333 267 6636 5191 788 1394 5106 2506 689 1817 2600 2533 6590 4087 4038 468 114 3570 1071 2503 893 75 67 234 190 86 1345 534 472 4744 1819 854 1610 90 7090 1139 5951 1433 784 107 677 286 141 111 499
cat_boundaries=0 1 3 5 7 9 11 12 14 16 18 20 22 24 26 28 30 32 33 35 37
cat_threshold=4 1201099923 531898080 1397009546 1400566137 1523204869 3583278522 472107404 1630556123 512 24578 1 63963136 134877188 541591616 622592 33792 49168 1090782208 573560 4194308 92274704 272646144 92539008 281166080 2231633952 584585264 12292 60302946 71831588 2177184 137035777 1 555784272 539623429 68165768 4292672
is_linear=0
shrinkage=0.05


Tree=96
num_leaves=63
num_cat=36
split_feature=11 0 1 2 3 2 1 2 9 5 1 2 6 1 6 9 1 2 2 2 1 6 1 2 6 5 9 5 2 2 6 5 0 1 1 5 1 11 2 1 5 2 5 2 6 11 2 1 3 1 6 11 2 9 1 9 1 2 1 2 1 5
split_gain=1.09981 0.390922 0.65743 0.441894 0.573568 0.405537 0.361971 0.435099 0.540342 0.360198 0.576003 0.763991 0.623278 0.474856 0.958395 0.918639 0.407409 0.484722 0.370539 0.360872 0.483817 0.570519 0.336307 0.875697 0.376776 0.93128 0.442054 0.332236 0.316131 0.31042 0.326428 0.304552 0.335261 0.289472 0.269085 0.34055 0.260732 0.509848 0.243159 0.23866 0.320133 0.401376 0.779524 0.3795 0.37131 0.560404 0.237539 0.315013 0.274859 0.233171 0.237423 0.665558 0.24455 0.470441 0.232943 0.232103 0.269174 0.27394 0.265132 0.296507 0.230037 0.359376
threshold=1368.9256720000003 0 1 2 265.35000000000008 3 4 5 190.50000000000003 1.2169150000000004 6 7 1.8294100000000002 8 2.0657300000000003 155.50000000000003 9 10 11 12 13 2.4159700000000002 14 15 2.2483150000000003 1.1052850000000003 67.500000000000014 0.90826000000000018 16 17 1.8586450000000003 1.3809850000000001 18 19 20 1.2662650000000004 21 935.83231500000011 22 23 1.0314800000000004 24 1.0417450000000004 25 1.9420900000000001 2029.3802025000002 26 27 1675.4500000000003 28 1.9393950000000002 2375.9953805 29 228.50000000000003 30 239.50000000000003 31 32 33 34 35 1.3848450000000001
decision_type=2 1 9 9 2 9 9 9 2 2 9 9 2 9 2 2 9 9 9 9 9 2 9 9 2 2 2 2 9 9 2 2 1 9 9 2 9 2 9 9 2 9 2 9 2 2 9 9 2 9 2 2 9 2 9 2 9 9 9 9 9 2
left_child=1 2 3 -1 -5 36 7 8 -7 16 11 12 -11 14 -14 -16 17 -2 -18 20 21 29 23 24 -3 26 -26 -6 60 -12 -31 54 -33 46 -32 -36 37 -4 -25 -20 43 42 -42 -41 45 -44 47 -21 -49 -45 51 -51 53 -52 -30 58 57 -57 59 -19 61 -24
right_child=9 22 5 4 27 6 -8 -9 -10 10 19 -13 13 -15 15 -17 18 55 39 33 -22 -23 28 38 25 -27 -28 -29 31 30 34 32 -34 -35 35 -37 -38 -39 -40 40 41 -43 44 49 -46 -47 -48 48 -50 50 52 -53 -54 -55 -56 56 -58 -59 -60 -61 -62 -63
leaf_value=0.0010029877308507793 -0.00065234582255554573 -0.0023175406764570578 -0.0065557569803511911 -0.0071228449576942778 -0.0059035058930749082 0.0026183598060015357 0.00037789821897544519 0.0010090496566718876 0.010196370865284866 -0.0081618191824590399 0.0006199135772755114 0.000391322323018534 0.0010311001495636523 -0.00052728349444407458 -0.013596847034657272 -0.0017562931084314421 -6.5365698620638657e-05 -0.002077536730960383 0.0002136042526654091 0.00013977985119819288 0.00061375512788443829 0.0071890763256958036 -0.0010516776207608045 7.6077555002821611e-05 -0.0053647035943868108 -0.00047345508664875524 -0.014094379202898353 -0.00097320265679021157 0.00032334414285744938 0.0064081555869944283 0.00096986647268742739 0.000602083231635995 0.0061892030477070092 0.00071602956834223913 0.007356446763733402 0.0024798869935177968 -0.00019775084982911179 9.7161849680560408e-05 -0.0010860108987703501 -0.00039692600269430135 0.0087683399888272909 0.00056410690535469582 0.010160206852390642 0.00027667117586415184 0.0011852821683886537 0.0022778257190874756 0.00010830780009772975 -0.0020222341878494868 -0.0072968141230950623 0.0080506417941740866 0.0065530628107602386 0.0012645454097982721 7.7184929897218524e-05 0.0003041090367076604 -0.00046940524480198705 0.0028114102390768619 -8.4181790783320884e-06 0.00064988103918041959 0.00021512001351919343 -0.0002757132998750809 -0.00036968470928492702 -0.0053626447945425756
leaf_weight=113 3542 285 52 58 39 75 1572 336 34 36 348 1190 46 391 36 30 5328 280 3600 121 1366 52 1531 750 31 47 30 239 1508 52 241 87 38 1994 49 133 610 63 1128 826 44 651 30 545 408 86 755 74 37 51 52 120 242 70 2371 211 803 497 2368 1111 2010 49
leaf_count=113 3542 285 52 58 39 75 1572 336 34 36 348 1190 46 391 36 30 5328 280 3600 121 1366 52 1531 750 31 47 30 239 1508 52 241 87 38 1994 49 133 610 63 1128 826 44 651 30 545 408 86 755 74 37 51 52 120 242 70 2371 211 803 497 2368 1111 2010 49
internal_value=-1.64478e-05 -0.00039501 8.6026e-05 -0.00166432 -0.00256472 0.000377836 0.000741727 0.00198686 0.00463224 0.000161246 0.000472949 -0.000317841 -0.00186004 -0.00143062 -0.00413875 -0.00832132 5.73871e-05 -0.000200896 0.000246183 0.000733993 0.00121353 0.00213063 -0.000550603 -0.00108379 -0.00320331 -0.00579195 -0.00981607 -0.00168354 -0.000389091 0.00182854 0.00264232 -8.28397e-05 0.00233621 0.000370357 0.00222767 0.0036276 -0.000630489 -0.00270823 -0.000624178 0.000492716 0.000812375 0.00144749 0.002405 0.000409899 0.0019008 0.00438579 -0.000328188 -0.00168928 -0.00351595 0.00102099 0.00175838 0.00332351 0.0010642 0.00277371 -0.000161589 0.000103253 0.000626601 0.00132722 -0.000106953 -0.000651864 -0.000729363 -0.00118121
internal_weight=40872 13056 3191 449 336 2742 2017 445 109 27816 6951 1729 539 503 112 66 20865 8812 12053 5222 2241 875 9865 2271 393 108 61 278 7594 823 475 4004 125 2981 423 182 725 115 1878 6725 3125 1219 568 1906 524 116 987 232 111 1080 535 171 364 122 3879 5270 1511 708 3759 1391 3590 1580
internal_count=40872 13056 3191 449 336 2742 2017 445 109 27816 6951 1729 539 503 112 66 20865 8812 12053 5222 2241 875 9865 2271 393 108 61 278 7594 823 475 4004 125 2981 423 182 725 115 1878 6725 3125 1219 568 1906 524 116 987 232 111 1080 535 171 364 122 3879 5270 1511 708 3759 1391 3590 1580
cat_boundaries=0 1 3 5 7 9 11 13 15 17 19 21 23 25 27 29 31 33 35 36 38 40 42 44 46 48 50 52 54 56 58 60 62 64 66 68 70
cat_threshold=4 335544320 2752021028 102762536 20480 1109738083 3162514048 5527556 1073876994 17825928 524352 1385961500 13631505 164241988 19235140 1073745920 1048577 2487680128 3725029540 1305494720 132126188 17010864 2529056755 141754976 23555542 83920515 2315527076 2246316544 227561488 583010304 142874724 1259120182 2540650923 141557760 4399108 1 67142275 940314368 16778368 134226820 1073758344 147456 1208602688 539599755 1093665095 557318744 771763279 687865856 416025415 151062528 1610915840 75530240 67108865 805831680 8912952 12615680 538968072 40960 805324960 1611213924 268484736 1543962756 62 805896192 268715008 1442971780 32802 1074528256 302540932 1611148486
is_linear=0
shrinkage=0.05


Tree=97
num_leaves=63
num_cat=26
split_feature=11 4 2 1 1 2 5 4 5 1 2 9 1 2 1 2 2 6 6 3 1 9 1 2 8 4 1 2 2 1 4 3 5 4 11 4 2 1 5 6 9 3 8 9 11 6 5 11 1 1 11 9 3 11 1 2 4 2 8 1 4 9
split_gain=1.00043 0.440931 0.49193 0.674357 0.6261 0.499214 1.56034 0.80398 0.425729 0.497185 0.864771 0.727644 0.427919 0.59397 0.398539 0.507039 0.394018 0.388248 0.840558 0.630164 0.387194 0.577999 0.359002 0.494474 0.342194 0.378788 0.298609 0.314568 0.295685 0.284058 0.284001 0.277872 0.276593 0.272443 0.437012 0.267114 0.245541 0.280674 0.242659 0.349766 0.268658 0.404364 0.241569 0.315005 0.240957 0.240774 0.252569 0.234245 0.228852 0.228057 0.247099 0.332453 0.242648 0.500432 0.22722 0.224445 0.222733 0.212749 0.211608 0.204117 0.241547 0.416147
threshold=1504.1063565000002 24660.000000000004 0 1 2 3 1.1714950000000002 21490.000000000004 1.2169150000000004 4 5 169.50000000000003 6 7 8 9 10 1.9420900000000001 1.8370950000000001 1064.1500000000003 11 119.50000000000001 12 13 4.5000000000000009 31576.500000000004 14 15 16 17 32719.500000000004 1017.2500000000001 1.1836400000000002 40333.500000000007 1642.8415800000005 28367.500000000004 18 19 1.3577950000000001 1.8749800000000001 148.50000000000003 1391.1000000000001 1.5000000000000002 139.50000000000003 195.08367200000004 1.5360550000000004 1.1880550000000001 1201.8300120000001 20 21 2302.7165150000005 155.50000000000003 1746.5000000000002 2765.6042865000004 22 23 25498.500000000004 24 4.5000000000000009 25 19421.500000000004 179.50000000000003
decision_type=2 2 9 9 9 9 2 2 2 9 9 2 9 9 9 9 9 2 2 2 9 2 9 9 2 2 9 9 9 9 2 2 2 2 2 2 9 9 2 2 2 2 2 2 2 2 2 2 9 9 2 2 2 2 9 9 2 9 2 9 2 2
left_child=22 2 3 5 17 6 -2 -8 12 10 11 -10 13 14 15 32 20 18 -4 -20 21 -11 23 -1 33 -26 -18 38 -24 42 31 -23 -3 34 -17 -33 37 55 39 -28 -40 -42 43 -5 58 46 -30 -47 -48 -7 -51 52 53 -52 -38 -14 -50 -56 -25 60 61 -19
right_child=1 8 4 29 -6 49 7 -9 9 16 -12 -13 36 -15 -16 24 26 59 19 -21 -22 30 28 44 25 -27 27 -29 45 -31 -32 35 -34 -35 -36 -37 54 -39 40 -41 41 -43 -44 -45 -46 47 48 -49 56 50 51 -53 -54 -55 57 -57 -58 -59 -60 -61 -62 -63
leaf_value=-0.0019663624280989484 -0.00095594562440560874 0.00023753440938268494 0.00034862700509031229 0.0067469402740243829 -0.00028435121578376836 -0.00021827807525887289 -0.015884259366518536 -0.0049489882770055709 0.0025372420347512473 -0.0061145305984798047 0.00065135336793597772 0.0086128061495401205 -0.00093453352045763161 0.00021182696740882327 -0.00034672586943085618 -0.0063708416202537012 0.00025449052772910115 0.00054973188873228376 0.012205757661497282 0.0038694738435088253 0.00028152143697359475 0.00049173071842894633 -0.00048832453437229451 -0.0012457942141182506 -0.0082020661931892398 -0.0027403254969920587 0.006590430139631006 0.00069034899555443828 -0.00021995194569359813 -0.00036950128652949181 0.00067930179480001627 -0.00029001560997130585 -0.0045211068512906105 -0.0054207627928522214 -0.00019154693724116303 -0.0060490943686655274 0.00031248128868811479 0.00055130373929729391 0.0020340188973166635 0.0012344737238925939 0.0097329346088851094 0.0024028070684471458 0.00041232692517496617 0.00031486013483825247 -0.00041017508238874148 -0.00027674354465326067 -0.00017308609318524037 0.00045181823028622839 0.0066321790368566585 -0.00050666973042009372 -0.0026723510869332851 -0.0010394658671689936 -0.0014953576211701148 -0.010399564495601227 0.00050080825760986589 0.00012920228255291569 0.0020951997975483193 0.0015622954723619599 -0.0057071389294623479 -0.00015878860296527199 0.00052218174318265185 0.0072549795997717105
leaf_weight=680 134 299 141 41 1744 370 32 37 144 57 469 75 808 4734 2039 33 1088 48 30 91 1602 54 4716 86 55 77 32 809 270 1463 173 31 33 45 181 57 2210 1889 94 415 37 39 159 35 3249 3883 115 1540 30 163 46 111 39 39 940 1256 234 1012 38 334 143 44
leaf_count=680 134 299 141 41 1744 370 32 37 144 57 469 75 808 4734 2039 33 1088 48 30 91 1602 54 4716 86 55 77 32 809 270 1463 173 31 33 45 181 57 2210 1889 94 415 37 39 159 35 3249 3883 115 1540 30 163 46 111 39 39 940 1256 234 1012 38 334 143 44
internal_value=-1.55569e-05 0.000171224 -0.000238451 -0.000712439 0.000254703 -0.001757 -0.00393128 -0.0101749 0.000274581 0.000667507 0.00191005 0.00444554 0.000144267 -0.000128149 -0.000709388 -0.00171164 0.00047134 0.00137494 0.00298051 0.00601943 -5.81526e-05 -0.00148702 -0.000343159 -0.000743796 -0.00292012 -0.00506061 0.000885541 0.00136138 -0.000191719 -0.000107645 -0.000680014 -0.00232925 -0.0002404 -0.00192625 -0.00116963 -0.00404638 0.000395559 0.000112461 0.00221373 0.00163175 0.00385494 0.00605148 0.00146617 0.00382736 -0.000491735 3.91145e-05 0.000948544 -6.98046e-05 0.00177937 -0.00113488 -0.00195822 -0.0030416 -0.00481118 -0.00629748 0.000663436 -0.000289968 0.00253807 0.0010568 -0.0026477 0.00065583 0.0017423 0.00380012
internal_weight=40872 26031 5244 2669 2575 971 203 69 20787 5176 688 219 15611 7496 2762 723 4488 831 262 121 1974 372 14841 4053 391 132 2514 1426 10788 1698 315 142 332 259 214 88 8115 3953 617 447 170 76 235 76 3373 6072 649 5423 379 768 398 235 124 85 4162 2064 264 1952 124 569 235 92
internal_count=40872 26031 5244 2669 2575 971 203 69 20787 5176 688 219 15611 7496 2762 723 4488 831 262 121 1974 372 14841 4053 391 132 2514 1426 10788 1698 315 142 332 259 214 88 8115 3953 617 447 170 76 235 76 3373 6072 649 5423 379 768 398 235 124 85 4162 2064 264 1952 124 569 235 92
cat_boundaries=0 2 4 6 8 10 12 14 16 18 20 22 24 26 28 30 32 34 36 38 40 42 44 46 48 50 52
cat_threshold=433007528 338883827 408716935 41422869 715292697 739808262 272826368 67158144 17335424 2181104168 1209025032 73720080 3045522576 2676469924 1171309696 3280749028 2424356992 2181234816 25198720 1098924292 1200892302 1562738800 1342179850 671088897 2515046913 613470756 709230657 75825200 1221988693 1169590274 541116000 8521094 1124349458 2658892680 2147483680 262402 1225953757 177922003 39322212 1078479176 1073758368 8449 268960385 4722692 1210056969 1611678547 150995137 152257 48826402 3764387844 163848 672141318
is_linear=0
shrinkage=0.05


Tree=98
num_leaves=63
num_cat=36
split_feature=11 4 2 1 1 2 2 3 0 1 2 9 3 1 2 2 4 1 3 1 9 9 2 1 2 11 9 2 1 2 1 4 1 2 1 2 2 1 8 2 2 1 2 9 4 9 8 1 2 4 4 9 8 2 3 4 2 2 4 9 1 11
split_gain=0.903373 0.398351 0.446521 0.636114 0.539481 0.50044 0.499643 0.629488 0.362455 0.541664 0.770168 0.742094 0.412136 0.365415 0.511126 0.345202 0.334434 0.306702 0.302039 0.298894 0.296722 0.62632 0.629361 0.951032 0.706845 0.866155 0.650008 0.477675 0.471284 0.572522 0.469599 0.447427 0.39331 0.419197 0.390637 0.371831 0.354637 0.321173 0.623379 0.31502 0.294988 0.290517 0.355796 0.276296 0.480289 0.437762 0.274093 0.318917 0.399792 0.720509 0.263783 0.262985 0.284723 0.26013 0.256743 0.254757 0.372514 0.288253 0.401016 0.371804 0.253431 0.253351
threshold=1504.1063565000002 24660.000000000004 0 1 2 3 4 1039.7500000000002 5 6 7 154.50000000000003 265.35000000000008 8 9 10 18369.000000000004 11 1474.0500000000002 12 154.50000000000003 182.50000000000003 13 14 15 1797.1578510000002 177.50000000000003 16 17 18 19 30064.500000000004 20 21 22 23 24 25 1.5000000000000002 26 27 28 29 75.500000000000014 36713.500000000007 135.50000000000003 3.5000000000000004 30 31 31576.500000000004 36713.500000000007 252.50000000000003 4.5000000000000009 32 2173.4500000000003 29466.500000000004 33 34 25894.500000000004 232.50000000000003 35 1201.8300120000001
decision_type=2 2 9 9 9 9 9 2 1 9 9 2 2 9 9 9 2 9 2 9 2 2 9 9 9 2 2 9 9 9 9 2 9 9 9 9 9 9 2 9 9 9 9 2 2 2 2 9 9 2 2 2 2 9 2 2 9 9 2 2 9 2
left_child=8 2 4 6 5 16 7 -4 9 10 11 12 -1 14 -10 19 18 54 -2 -11 28 22 23 24 -22 -26 31 32 29 34 -29 -27 33 -23 35 -3 60 38 -24 -32 -15 -38 -43 -37 45 -45 47 48 49 -41 -51 52 -35 -36 -18 57 -57 -16 59 -59 -30 -58
right_child=1 20 3 -5 -6 -7 -8 -9 13 15 -12 -13 -14 40 55 -17 17 -19 -20 -21 21 27 37 -25 25 26 -28 30 36 -31 39 -33 -34 51 53 43 41 -39 -40 46 -42 42 -44 44 -46 -47 -48 -49 -50 50 -52 -53 -54 -55 -56 56 61 58 -60 -61 -62 -63
leaf_value=-0.007873303691228321 -0.0082359613024822944 -0.00060568540988625147 0.010494266799651087 -0.00019957337515694553 -9.6588433053579681e-05 -0.0007546150976311416 0.00089467649160738345 0.0023940645597031111 -0.00019005608445058555 0.0025144854116336737 0.00012674590346662415 -0.00020576953398943819 -0.0030206952735151445 -0.00061805170497165462 -0.0010428993641727038 1.9529232671800459e-05 -0.0029928517608991739 -0.00064874688621005463 -0.0020624629951164347 0.00064978163696956541 0.00090028041154359471 9.1560167690662691e-05 -0.007817238841920959 0.0010201662727219486 0.013629974691224667 0.0077315853274263829 0.010904286502692331 6.6894106299204966e-05 -0.00057297458571122482 9.65251552986286e-05 0.00044034249221813233 0.001611285367381183 1.986040586006952e-05 3.6835561079967124e-05 -0.0018623074201549079 -0.0018132709756987901 0.00023600589743696899 0.00063878728360618599 0.00019625470560640678 0.0016503787938591077 -4.0280406768435165e-05 0.0022564920907599106 0.00066661854786686614 -0.0010901705691627817 -0.0090603517706842138 -0.0079392880928053546 0.00074409757398309585 0.0012074611233311274 0.0017874567812857076 0.012907283351523802 0.0063854198358827639 -0.0044506113984800113 -0.0048894681774715827 5.8680633171306752e-07 -0.0084278752227433997 0.00012764789188973258 -0.0013282728192503925 -0.00097484848893079293 -0.0060770644000595064 -0.0065791260381382402 0.00036089972142874522 -0.0039208555891409964
leaf_weight=57 52 222 34 2005 1571 698 505 79 1052 348 1217 226 190 4246 224 986 80 157 33 599 120 236 34 734 33 41 35 2498 1360 2602 1206 106 2529 103 249 133 1951 884 79 52 4609 495 1266 81 48 32 563 431 204 31 38 135 40 681 30 347 324 136 110 37 1535 133
leaf_count=57 52 222 34 2005 1571 698 505 79 1052 348 1217 226 190 4246 224 986 80 157 33 599 120 236 34 734 33 41 35 2498 1360 2602 1206 106 2529 103 249 133 1951 884 79 52 4609 495 1266 81 48 32 563 431 204 31 38 135 40 681 30 347 324 136 110 37 1535 133
internal_value=-1.47882e-05 0.000162702 -0.00022669 0.000234676 -0.000686599 -0.00155921 0.00162238 0.00450665 -0.000326094 0.000108683 -0.000543604 -0.00223205 -0.00416776 -0.000466508 -0.00101795 0.00067826 -0.00308348 -0.0022861 -0.00589104 0.00135602 0.000260941 0.000454649 0.00123119 0.0020658 0.00425157 0.0059872 0.00486169 0.000255619 7.67154e-05 -0.000347629 0.000554418 0.00335901 -0.000238657 -0.00148439 -0.00114155 -0.00223805 0.000336734 0.000311321 -0.00207986 0.00103435 -0.000317747 0.00065971 0.00112475 -0.00340435 -0.00490955 -0.00308237 0.00156933 0.00220282 0.00337452 0.00567829 0.00945806 -0.00277481 -0.00136554 -0.000514127 -0.00416269 -0.00167518 -0.00113216 -0.00256535 -0.00359903 -0.00220437 -7.83197e-05 -0.00204505
internal_weight=40872 26031 5244 2623 2621 1050 618 113 14841 3623 1690 473 247 11218 2363 1933 352 267 85 947 20787 10132 2066 1069 335 215 182 8066 10655 4048 5023 147 3043 514 1446 516 6607 997 113 2525 8855 3712 1761 294 161 113 1319 756 325 121 69 278 143 930 110 1311 804 507 283 173 2895 457
internal_count=40872 26031 5244 2623 2621 1050 618 113 14841 3623 1690 473 247 11218 2363 1933 352 267 85 947 20787 10132 2066 1069 335 215 182 8066 10655 4048 5023 147 3043 514 1446 516 6607 997 113 2525 8855 3712 1761 294 161 113 1319 756 325 121 69 278 143 930 110 1311 804 507 283 173 2895 457
cat_boundaries=0 2 4 6 8 10 11 13 15 17 19 21 23 25 27 29 31 33 35 37 39 41 43 45 47 49 51 53 55 57 59 61 63 65 67 69 71
cat_threshold=432880168 355661043 2854387736 68718598 408850070 108531733 415236104 352370816 603980866 1073741824 4 4253057257 2756299621 143552 606776000 2246840832 210784272 1344878148 1667998603 84949128 86527687 524930 71303172 5527556 1073872898 678440564 702996822 352879648 3121092353 7340068 134250500 722490512 1133954286 4026952848 4254761001 1146357574 34390420 1207309618 2936809970 546357248 463040 553652352 1099989058 3489947648 2693791745 1050178 540816 1105995871 2811433824 16777248 134225921 339979040 405277441 1259120166 2541441451 137396484 6567892 268502528 1074561158 671645897 6324233 2359305 67117056 1311810 16512 546457728 268457988 83886345 2483045472 131076623 90118
is_linear=0
shrinkage=0.05


Tree=99
num_leaves=63
num_cat=33
split_feature=11 0 1 2 2 0 1 2 3 9 2 1 6 1 2 2 6 1 1 5 5 11 3 1 2 2 2 5 5 2 5 1 2 6 5 9 6 2 5 0 1 9 9 1 5 11 6 5 1 2 5 1 2 11 9 1 2 5 5 1 2 7
split_gain=0.822842 0.350998 0.417136 0.477281 0.375651 0.318772 0.557942 0.377033 0.594451 1.27309 0.374789 0.316849 0.307826 0.428357 0.891324 0.499286 0.711757 0.462914 0.422888 0.454989 0.52324 0.340567 0.724445 0.329605 0.541352 0.387632 0.305783 0.292375 0.277401 0.274798 0.271038 0.264321 0.75267 0.347858 0.837506 0.395976 0.254411 0.252882 0.263075 0.277519 0.245975 0.250928 0.236499 0.233173 0.433093 0.226178 0.460858 0.217491 0.216649 0.264388 0.216126 0.519555 0.449601 0.447638 0.289508 0.266026 0.611589 0.782143 0.471122 0.23923 0.315025 0.354197
threshold=1368.9256720000003 0 1 2 3 4 5 6 265.35000000000008 131.50000000000003 7 8 2.1053300000000004 9 10 11 2.3598700000000004 12 13 1.342605 1.1947650000000003 2510.3698490000006 841.45000000000016 14 15 16 17 1.3743200000000002 0.8776250000000001 18 1.2071750000000001 19 20 2.2483150000000003 1.1052850000000003 67.500000000000014 2.1776650000000006 21 1.3809850000000001 22 23 24.500000000000004 234.50000000000003 24 1.3848450000000001 511.63449500000007 2.0353250000000007 0.97108500000000009 25 26 1.0992250000000003 27 28 4562.9588195000006 277.50000000000006 29 30 0.92634500000000009 0.99303500000000011 31 32 4.5000000000000009
decision_type=2 1 9 9 9 1 9 9 2 2 9 9 2 9 9 9 2 9 9 2 2 2 2 9 9 9 9 2 2 9 2 9 9 2 2 2 2 9 2 1 9 2 2 9 2 2 2 2 9 9 2 9 9 2 2 9 9 2 2 9 9 2
left_child=5 12 3 50 40 6 7 -1 9 -9 -8 26 23 14 18 16 17 36 19 20 21 22 -14 25 -25 -2 30 48 -10 -20 45 32 33 -7 35 -35 -15 43 -39 -40 41 47 -23 44 -33 -12 -47 -4 49 -6 51 52 53 -3 55 -54 -57 -58 -59 60 61 -52
right_child=1 2 4 -5 27 31 10 8 28 -11 11 -13 13 15 -16 -17 -18 -19 29 -21 -22 42 -24 24 -26 -27 -28 -29 -30 -31 -32 37 -34 34 -36 -37 -38 38 39 -41 -42 -43 -44 -45 -46 46 -48 -49 -50 -51 59 -53 54 -55 -56 56 57 58 -60 -61 -62 -63
leaf_value=0.0011168798985093746 0.00039431241836740362 -0.0030305052916026818 -0.0008264566068464773 0.00040243829475769381 0.00046368565813904926 -0.0020645511925194895 -0.00059050943782463974 -0.013901468813269131 -0.0058395684619162863 0.00020328052590176573 0.0078470219248342084 0.00029721316637053633 -0.0017896580263314879 0.0066522261982397916 5.5002453665920895e-06 -0.00024175957187338402 0.0080107566607939829 0.00024667956854956087 -0.0002486858635217521 -0.0093456753997474377 9.2966623679087722e-05 -0.00017435470561278946 -0.011918884991274144 0.0012898775193582678 0.00010523405689674128 -0.00047771745786981222 0.00080468894265886971 0.0030707464074881639 -0.00085860309057318165 -0.0022519931335528271 0.00056340202013416274 -0.0010450636748634827 -0.00052894366830112725 -0.00500784416337865 -0.00035943814727943394 -0.013264895512181666 0.0016854572991459545 -0.00015156550747540693 0.00053587970808924486 0.0054085327915239512 0.00063369956458110565 -0.00010618942351407401 -0.0058285763389581162 -0.00034367308541670384 -0.0062757603884475849 0.0074788169046639402 0.00087401043027256664 -0.0051069786732114153 0.00054279573233145459 0.0019296460090722244 -0.0068955516138486002 4.774452446225306e-06 -0.00044723018328429081 -0.0099867068498176257 0.0017561919044751181 -9.6534657325631298e-05 -0.0012452440699884651 -0.013888971352829569 -0.0052346683984855983 0.00073916622873737646 0.0001362319770969306 -0.0011847811119900231
leaf_weight=108 2177 77 79 3523 529 285 725 30 30 33 37 1354 33 50 1343 2989 36 543 341 32 85 46 38 1382 3158 3043 407 155 291 357 63 1183 1878 31 47 30 54 4078 92 42 1318 1126 30 2159 40 41 72 47 2194 809 40 732 234 33 67 113 55 30 36 540 260 82
leaf_count=108 2177 77 79 3523 529 285 725 30 30 33 37 1354 33 50 1343 2989 36 543 341 32 85 46 38 1382 3158 3043 407 155 291 357 63 1183 1878 31 47 30 54 4078 92 42 1318 1126 30 2159 40 41 72 47 2194 809 40 732 234 33 67 113 55 30 36 540 260 82
internal_value=-1.39725e-05 0.000139727 0.000342446 3.71827e-05 0.000625377 -0.000341417 9.2962e-05 -0.00143711 -0.00216651 -0.00662553 0.000376236 0.000732601 -1.58829e-05 -0.000298437 -0.000830657 3.79428e-05 0.00124643 0.000877506 -0.00198484 -0.00369083 -0.00303249 -0.00482814 -0.00730118 0.000157166 0.000468092 -0.000113973 0.00166168 0.000948783 -0.0013408 -0.00129234 0.00317928 -0.000481919 -0.00095458 -0.00291876 -0.00540106 -0.00921714 0.00375621 -0.000338759 -7.95245e-05 0.00209188 0.000159341 -0.000341193 -0.00245299 -0.00066031 -0.00121123 0.00447748 0.00331503 -0.0024508 0.000857505 0.00135856 -0.000521788 -0.000920519 -0.00193906 -0.00475973 -0.0012749 -0.00173884 -0.00288141 -0.00525738 -0.00931703 6.84128e-05 -0.000875663 -0.00286507
internal_weight=40872 27816 12079 5822 6257 13056 3191 492 384 63 2699 1974 15737 5977 2305 3672 683 647 962 264 232 147 71 9760 4540 5220 620 3687 321 698 213 9865 2271 393 108 61 104 7594 4212 134 2570 1252 76 3382 1223 150 113 126 3532 1338 2299 1377 645 110 535 468 234 121 66 922 382 122
internal_count=40872 27816 12079 5822 6257 13056 3191 492 384 63 2699 1974 15737 5977 2305 3672 683 647 962 264 232 147 71 9760 4540 5220 620 3687 321 698 213 9865 2271 393 108 61 104 7594 4212 134 2570 1252 76 3382 1223 150 113 126 3532 1338 2299 1377 645 110 535 468 234 121 66 922 382 122
cat_boundaries=0 1 3 5 7 8 10 12 14 16 18 20 22 24 26 28 30 32 34 36 38 40 42 43 45 47 49 51 53 55 57 59 61 63
cat_threshold=1 4040490021 3601993913 1163182546 2198130908 300332301 1605959689 4 469762048 2752021028 1191184416 20480 1109738083 1015292552 8157196 1073876994 1125273730 3793613352 1759298440 14840288 1073774798 532736 813703176 256 151552 2182430720 2096000148 222505877 1017406568 270925960 997853973 793053754 1048712 17302593 1757986816 10490112 2246316544 227561488 583010304 142874724 1259087398 2540650915 1 251658970 138690820 302532772 1610624198 153092610 138502912 1591442 158724 2696995872 2425491456 64 266376 541114400 8388608 1073758336 16810064 9701412 69206160 16777216 16826500
is_linear=0
shrinkage=0.05


Tree=100
num_leaves=63
num_cat=28
split_feature=3 6 5 1 2 4 5 9 9 2 9 1 2 1 2 1 2 2 1 1 3 6 2 6 4 4 3 1 1 1 4 5 1 2 4 9 4 2 1 1 4 2 5 8 5 6 2 6 9 6 8 2 5 6 5 2 4 2 3 6 2 0
split_gain=0.646637 0.429597 0.35226 0.506783 0.63444 0.95194 0.946553 0.967007 2.38466 0.379995 0.376982 0.67279 0.679004 0.707532 0.54162 0.421443 0.494557 0.483268 0.424929 0.417352 0.408148 0.403312 0.372119 0.444384 0.491818 0.824981 0.459933 0.310587 0.291116 0.290783 0.286547 0.27144 0.488469 0.534397 0.526139 0.448231 0.425638 0.379889 0.585161 0.56026 0.382552 0.339579 0.329358 0.296712 0.234777 0.21806 0.283721 0.454277 0.643931 0.344912 0.249908 0.212307 0.207895 0.738741 0.400559 0.19947 0.199176 0.316373 0.318096 0.348097 0.272287 0.226125
threshold=529.1500000000002 1.5607050000000002 1.22374 0 1 32386.500000000004 1.3107700000000002 163.50000000000003 140.50000000000003 2 266.50000000000006 3 4 5 6 7 8 9 10 11 1391.1000000000001 2.0496300000000005 12 2.2519850000000008 32719.500000000004 29626.500000000004 985.25000000000011 13 14 15 25795.500000000004 1.1113250000000001 16 17 35143.000000000007 116.50000000000001 25498.500000000004 18 19 20 41694.000000000007 21 1.0908550000000001 2.5000000000000004 0.91271000000000002 2.4159700000000002 22 1.8550600000000002 141.50000000000003 1.7679250000000002 3.5000000000000004 23 0.99460000000000004 2.4762850000000003 1.0380250000000002 24 31576.500000000004 25 2519.8500000000008 1.8866950000000002 26 27
decision_type=2 2 2 9 9 2 2 2 2 9 2 9 9 9 9 9 9 9 9 9 2 2 9 2 2 2 2 9 9 9 2 2 9 9 2 2 2 9 9 9 2 9 2 2 2 2 9 2 2 2 2 9 2 2 2 9 2 9 2 2 9 1
left_child=31 -2 10 4 5 6 -4 8 -8 -5 15 12 13 20 29 17 28 -3 -18 22 21 -12 -16 24 25 26 -24 -11 -17 30 -13 37 41 34 36 -36 -34 39 40 -1 51 -33 -41 -37 -26 46 47 48 -29 -50 -47 -39 -53 -54 -55 -49 57 -19 59 -59 61 -58
right_child=1 2 3 9 -6 -7 7 -9 -10 27 11 14 -14 -15 19 16 18 56 -20 -21 -22 -23 23 -25 44 -27 -28 45 -30 -31 -32 32 33 -35 35 43 -38 38 -40 42 -42 -43 -44 -45 -46 50 -48 55 49 -51 -52 52 53 54 -56 -57 60 58 -60 -61 -62 -63
leaf_value=-0.00022424757576761496 0.0030344843365056147 6.7185710348282028e-05 -0.0007123969056119677 8.5422833651846824e-05 0.0001659132701131872 0.00065171871703747944 -0.0026959337874685823 -0.0019353841165866471 -0.021465368476140525 0.00049703828345904085 0.00050477517911026054 -0.0064214756227879526 0.00026601483812831579 -0.00057092184754933611 0.0005061569270185675 -0.00057155769724452372 -6.2305526226114422e-05 -0.00057529088722675984 0.00075282213963629981 0.0011383322012721317 -0.0098469618501929729 -0.0066040305274189292 0.009454626997279364 -0.00031134724568801178 0.005560144100759533 0.014602091389679118 0.0013855602048055899 0.00010988721838466039 5.1296666144792185e-05 0.00046933236324696976 -0.00076666394625902632 -0.0012954252574500704 0.0042398480842065411 0.00014948540922676755 0.01040803351938995 0.0066855904455720028 -0.00039629549856675473 -0.00071057268656122012 -0.00065013001118730961 -0.0016835603837203072 0.003597965724367424 2.0209290989401709e-05 -0.0058037067009661094 0.00030816729617765221 0.00047869351160354168 0.0058432984281752039 0.00078104974783864032 0.0025951886536319082 0.0044577495197318647 0.012215874394807485 0.00036418839025667267 0.00022449590822800369 0.00046543773001593954 0.010719692753627897 0.0025649527907409073 0.00057046996612854781 -0.0029458775313719507 0.00050342535432445633 -0.0061939551858813504 -0.0023595967567226622 0.00022304378866582592 -0.0007195224009276279
leaf_weight=1000 125 2521 99 1976 1548 172 38 49 30 1891 35 30 1268 259 102 3118 2867 814 3611 884 38 45 30 39 41 31 42 37 4687 822 82 895 71 1600 30 32 158 270 2527 1084 107 1078 50 41 50 56 1051 245 30 30 33 368 176 31 30 271 140 132 43 535 738 603
leaf_count=1000 125 2521 99 1976 1548 172 38 49 30 1891 35 30 1268 259 102 3118 2867 814 3611 884 38 45 30 39 41 31 42 37 4687 822 82 895 71 1600 30 32 158 270 2527 1084 107 1078 50 41 50 56 1051 245 30 30 33 368 176 31 30 271 140 132 43 535 738 603
internal_value=1.08926e-05 0.000120806 0.000109022 0.000406134 -0.000291305 -0.00206975 -0.00432524 -0.00735031 -0.0111676 0.000645769 1.39102e-05 0.000470156 -0.000292005 -0.00212318 0.00104884 -7.35855e-05 6.9959e-05 -0.000443873 0.000392573 0.001741 -0.00519105 -0.00352609 0.00324457 0.0043665 0.00552758 0.00788403 0.00483113 0.000948452 -0.00019798 0.00013572 -0.00213576 -0.000349259 -2.87639e-05 0.000534892 0.00232791 0.00534824 0.0010533 -0.000571 -0.000248112 -0.00109528 0.00078215 -0.000580467 -0.00185384 0.00315632 0.00280369 0.00142927 0.00130677 0.00215753 0.00531692 0.00847348 0.00383834 0.00044303 0.000954164 0.00212154 0.00681522 0.00159621 -0.000871299 -0.00127537 -0.00203928 -0.0017931 -0.000460797 -0.00112727
internal_weight=40836 31288 31163 7556 1936 388 216 117 68 5620 23607 3798 1645 377 2153 19809 14283 5526 6478 1219 118 80 335 233 194 103 72 3644 7805 934 112 9548 3905 1932 332 103 229 5643 3509 2134 982 1973 1134 73 91 1753 1664 613 97 60 89 875 605 237 61 516 3005 1524 710 667 1481 743
internal_count=40836 31288 31163 7556 1936 388 216 117 68 5620 23607 3798 1645 377 2153 19809 14283 5526 6478 1219 118 80 335 233 194 103 72 3644 7805 934 112 9548 3905 1932 332 103 229 5643 3509 2134 982 1973 1134 73 91 1753 1664 613 97 60 89 875 605 237 61 516 3005 1524 710 667 1481 743
cat_boundaries=0 2 4 6 8 10 12 14 16 18 20 22 24 26 28 30 32 34 36 38 40 42 44 46 48 50 52 54 55
cat_threshold=2027163657 13633858 147325448 270797120 1996784906 3188260911 2126520644 3880408426 9183768 1753419904 71303168 33576192 2070525444 3466072684 17171616 3061981361 215240107 862483766 258824984 2898871846 680577290 1216157706 1098248 276889728 16384 2515200 67297652 1563071497 3527944196 1090553604 49160 128 3599823945 2797745828 137568322 2232336 1625629889 2428390456 2494960672 671097612 1782745984 3013660039 164758568 662835905 4419648 1085690880 302141442 574652928 155648 3277824 1082172420 20357209 1082172485 17203289 2
is_linear=0
shrinkage=0.05


Tree=101
num_leaves=63
num_cat=26
split_feature=3 6 3 2 1 4 1 2 1 6 9 2 2 1 1 6 9 1 9 9 1 4 4 1 1 2 1 8 4 4 9 8 6 6 1 11 1 4 3 9 2 11 1 4 4 2 1 11 0 11 4 4 2 9 1 4 3 6 2 1 11 6
split_gain=0.584405 0.406493 0.303425 0.252331 0.263312 0.246714 0.390113 0.548891 0.561061 0.81772 0.740247 0.349733 0.274795 0.52071 0.370561 0.269516 0.229666 0.224993 0.302558 0.254781 0.320663 0.302797 0.260482 0.222254 0.215103 0.27764 0.273959 0.606397 0.441771 0.358364 0.342879 0.350793 0.236707 0.233968 0.265551 0.255848 0.240675 0.249014 0.336095 0.222807 0.216403 0.243079 0.215236 0.794456 0.208954 0.378999 0.701809 0.494805 0.670375 0.462401 0.33434 0.20848 0.281489 0.302349 0.208231 0.207855 0.197647 0.220399 0.191571 0.203898 0.184487 0.183708
threshold=534.35000000000002 1.5607050000000002 1979.8500000000001 0 1 24660.000000000004 2 3 4 1.9420900000000001 116.50000000000001 5 6 7 8 2.1805950000000007 258.50000000000006 9 216.50000000000003 142.50000000000003 10 21490.000000000004 23219.500000000004 11 12 13 14 1.5000000000000002 41694.000000000007 19674.000000000004 238.50000000000003 2.5000000000000004 2.6068650000000004 1.4833100000000001 15 258.39811300000002 16 41541.500000000007 337.15000000000003 191.50000000000003 17 232.06818700000002 18 35875.500000000007 31368.500000000004 19 20 1345.0840880000003 21 2104.2209790000006 28367.500000000004 37420.500000000007 22 108.50000000000001 23 42629.500000000007 2057.9500000000003 2.0778700000000003 24 25 526.60665450000022 2.1643350000000008
decision_type=2 2 2 9 9 2 9 9 9 2 2 9 9 9 9 2 2 9 2 2 9 2 2 9 9 9 9 2 2 2 2 2 2 2 9 2 9 2 2 2 9 2 9 2 2 9 9 2 1 2 2 2 9 2 9 2 2 2 9 9 2 2
left_child=24 -2 5 23 55 6 11 8 -8 10 -10 17 13 -7 -14 -11 -6 -3 19 20 -19 -22 -23 56 40 26 27 -26 29 -29 31 -31 -33 34 39 -35 37 60 -39 -27 -1 -42 43 -43 45 -15 47 -47 -49 50 -50 -44 53 -53 -18 -5 57 -4 59 61 -37 -9
right_child=1 2 3 4 16 12 7 58 9 15 -12 -13 14 44 -16 -17 54 18 -20 -21 21 22 -24 -25 25 33 -28 28 -30 30 -32 32 -34 35 -36 36 -38 38 -40 -41 41 42 51 -45 -46 46 -48 48 49 -51 -52 52 -54 -55 -56 -57 -58 -59 -60 -61 -62 -63
leaf_value=-0.000179232226854017 0.0030328116185978811 -0.00023799071723180082 0.001650879406616486 -0.00032286297808281866 0.0002505656165756645 0.00031543278272250989 -0.00023549357934522655 -0.0013704313506957878 0.0025976407277772612 0.00015579069560331076 0.012299840747655253 -0.00034711687094294126 0.00074637027363476112 -0.0001797425425832537 8.773752146313632e-05 0.0040557654843832464 0.0023733920644190224 -0.00018687855786809742 -0.0042764365438521775 0.00031838646513827532 -0.0018771626399231738 -0.0094367997443957907 -0.0030776199615502268 0.00032175778080758617 -0.0013362760932507829 0.0045025585035201971 5.8556603919028436e-06 0.0068661600529043368 0.0081712175693903731 0.0065451965128886513 -0.0017380823748021944 0.00058545323064871258 0.005181774619610652 -0.0043495454394195067 -0.00010428795612359699 -0.0032528826928538614 -0.00018390695238866602 0.0054724763305256932 -0.00073355410253547282 -0.00020244826476137416 -0.0030827348888755493 -0.00060274870403292068 -0.00092308672380923276 -0.0099047438174180106 -0.00020107385453846458 0.0006981937864924127 -0.00066531862074480888 0.00043395323562435808 -0.013037540362307077 -0.0041378418342989587 -0.0057547995327588393 0.0060316930350381888 -0.00040731319712743728 0.00057299601109444263 0.00056269277277245632 -0.0030576887826573042 0.0014115701687584341 0.0073897449917445374 0.00013628171905132624 -0.00023222756781754255 -0.0011599315402892182 -0.004680678318088707
leaf_weight=1882 118 215 38 715 3957 4110 229 164 40 131 39 1861 2993 943 7421 66 245 108 136 125 71 36 31 573 148 73 1573 32 30 39 68 161 33 43 302 125 1903 30 73 38 120 89 1756 30 3125 46 588 44 35 92 33 39 397 70 478 76 570 30 1198 387 659 56
leaf_count=1882 118 215 38 715 3957 4110 229 164 40 131 39 1861 2993 943 7421 66 245 108 136 125 71 36 31 573 148 73 1573 32 30 39 68 161 33 43 302 125 1903 30 73 38 120 89 1756 30 3125 46 588 44 35 92 33 39 397 70 478 76 570 30 1198 387 659 56
internal_value=1.04312e-05 0.0001161 0.000104902 0.0004033 0.000256817 2.29126e-05 -0.000294378 0.000178241 0.00161682 0.00310382 0.00748121 -0.000714874 0.000102826 -9.92743e-05 0.000277617 0.00147627 0.000399592 -0.00164336 -0.00222161 -0.00151861 -0.00244955 -0.00391142 -0.00658302 0.0010535 -0.000328135 -0.000113802 0.000335544 0.00132891 0.00245273 0.00191463 0.00136723 0.00227706 0.00138987 -0.00040245 0.000706888 -0.000565784 -0.000505931 -0.00118046 0.00110927 0.00266634 -0.000587093 -0.00089188 -0.000783959 -0.00277919 -0.000446624 -0.000879625 -0.00164431 -0.0038218 -0.00502588 -0.00652071 -0.00963789 -0.000662603 0.000228337 0.00234959 0.00121926 -0.00058181 0.0016941 0.00425314 -0.000231598 -0.000947162 -0.00149735 -0.00213385
internal_weight=40836 31123 31005 6682 5471 24323 4893 2310 505 276 79 2583 19430 9016 10414 197 4680 722 507 371 246 138 67 1211 9713 5330 2084 511 363 333 301 233 194 3246 413 2833 2790 887 103 111 4383 2501 2381 119 4906 1781 838 250 204 160 68 2262 506 109 723 791 638 68 1805 607 784 220
internal_count=40836 31123 31005 6682 5471 24323 4893 2310 505 276 79 2583 19430 9016 10414 197 4680 722 507 371 246 138 67 1211 9713 5330 2084 511 363 333 301 233 194 3246 413 2833 2790 887 103 111 4383 2501 2381 119 4906 1781 838 250 204 160 68 2262 506 109 723 791 638 68 1805 607 784 220
cat_boundaries=0 2 4 6 8 10 12 14 16 18 20 22 24 26 28 30 32 34 36 38 40 42 43 45 47 49 51
cat_threshold=2490960 75695680 541335552 2160197793 1431710788 3803510393 624959690 562036736 136347650 420153604 25165952 1906316164 880060171 1930021998 272297862 1223960661 855638097 2197907288 268705856 547619873 1074790404 1073795072 2097672 545095813 1452860747 2513588400 36716878 673749494 2365444 671681024 553650176 1073743875 553916448 1744898560 1032444804 3875742721 2 1048624 69509641 285230126 4198408 3020031234 2 131072 540832 67125801 65540 1344294145 2383425602 8962177 524416
is_linear=0
shrinkage=0.05


Tree=102
num_leaves=63
num_cat=29
split_feature=3 6 5 1 2 5 2 9 1 2 1 2 6 1 2 2 1 1 2 6 9 8 1 1 1 5 1 2 9 2 1 2 1 3 5 6 9 8 2 5 9 9 6 6 1 9 2 6 1 6 5 2 3 1 6 5 5 9 6 6 3 2
split_gain=0.527808 0.351019 0.318269 0.450813 0.574944 0.819863 0.342314 0.333733 0.589123 0.629904 0.55564 0.522114 0.388513 0.37566 0.458116 0.433951 0.353011 0.323671 0.329775 0.385179 0.464236 0.300591 0.291288 0.275188 0.250464 0.23828 0.436448 0.481679 0.350416 0.30987 0.49206 0.305155 0.304604 0.303196 0.587859 0.284924 0.27266 0.237911 0.229624 0.239113 0.464386 0.228295 0.232853 0.378619 0.211065 0.206653 0.350467 0.482883 0.371328 0.475629 0.532502 0.222255 0.226676 0.196987 0.258122 0.337456 0.354263 0.348519 0.191314 0.399136 0.188667 0.187651
threshold=529.1500000000002 1.5607050000000002 1.22374 0 1 1.3848450000000001 2 266.50000000000006 3 4 5 6 1.9019750000000002 7 8 9 10 11 12 2.2448150000000004 277.50000000000006 2.5000000000000004 13 14 15 1.1083550000000002 16 17 77.500000000000014 18 19 20 21 161.75000000000003 1.0246681360946748 1.5360550000000004 267.50000000000006 2.5000000000000004 22 0.99630500000000011 44.500000000000007 279.50000000000006 2.1776650000000006 2.0634000000000001 23 131.50000000000003 24 1.8063900000000002 25 2.4084050000000006 1.2632300000000003 26 1810.3500000000001 27 1.8776450000000002 1.3107700000000002 1.3602150000000002 163.50000000000003 1.9912650000000003 1.9393950000000002 687.75000000000011 28
decision_type=2 2 2 9 9 2 9 2 9 9 9 9 2 9 9 9 9 9 9 2 2 2 9 9 9 2 9 9 2 9 9 9 9 2 2 2 2 2 9 2 2 2 2 2 9 2 9 2 9 2 2 9 2 9 2 2 2 2 2 2 2 9
left_child=25 -2 7 4 5 53 44 13 9 10 12 24 -9 14 -3 23 -17 18 -13 20 -20 -22 -8 -15 60 29 31 28 -28 32 38 -27 -1 34 -34 37 -32 -30 -31 -40 -41 -14 43 -43 -5 51 -47 -48 49 50 -49 52 -24 -4 -55 -56 57 -57 59 -50 -10 -37
right_child=1 2 3 6 -6 -7 22 8 11 -11 -12 17 41 15 -16 16 -18 -19 19 -21 21 -23 45 -25 -26 26 27 -29 35 30 36 -33 33 -35 -36 61 -38 -39 39 40 -42 42 -44 -45 -46 46 47 48 58 -51 -52 -53 -54 54 55 56 -58 -59 -60 -61 -62 -63
leaf_value=-0.00028472039789074669 0.0027429925671431047 -0.00092090560498593881 0.00060460196870842193 -0.00083574811696363505 0.00015845901424672962 -0.0093235999068877265 0.0004428377872178242 0.00081309872046590617 -0.0055357755297013832 0.00032851856536150748 -9.8798831196921633e-05 0.0004469618313753297 -0.002280917158842875 -0.00061835959967324907 1.8725171984558764e-05 -5.3518483887138757e-05 0.0006505763430207928 0.0011152646032945462 0.008772486223557887 -0.00014589496210894802 0.0059113650875909068 0.0013268599275481673 0.00095481878895393156 1.5469497137244965e-05 0.00040683201894641419 0.00022193646323308316 0.0068244135731624234 0.00011572144853115736 0.0065697966293535304 -4.0184070398322947e-05 -0.001278939837386197 -0.0010447902095735817 -0.0014692499369421961 -0.0011088544670571575 -0.0077754693786398731 0.0021109053842889402 0.00051600632358410326 0.0017196112357225025 0.00041832492978237276 0.007455912480751674 0.0014660468423541289 -0.0076048504747025921 -0.0098317978637022605 -0.00094490470648452181 0.00036818267164512189 0.00075755580650065785 0.0071647656687156419 0.0083563511533587178 0.00020867937393112307 0.0095558532889211383 0.0017466136910994903 2.0085888288405687e-05 0.0058900965365889556 0.0010598950215422039 -0.00081392692110396228 -0.01048156409071193 -0.00071145282526101394 -0.0031802838022806958 0.00046188614828021233 0.0066856894703094102 -0.00091722892098914603 -0.00056855580134565356
leaf_weight=1192 125 2523 100 490 1548 34 1949 38 30 1261 237 106 64 2661 2666 3248 3935 824 59 43 67 77 64 4776 797 787 35 1588 44 960 982 1189 130 1419 51 111 269 60 362 38 195 47 30 39 1321 613 50 36 55 30 178 454 36 52 101 34 34 33 303 41 79 136
leaf_count=1192 125 2523 100 490 1548 34 1949 38 30 1261 237 106 64 2661 2666 3248 3935 824 59 43 67 77 64 4776 797 787 35 1588 44 960 982 1189 130 1419 51 111 269 60 362 38 195 47 30 39 1321 613 50 36 55 30 178 454 36 52 101 34 34 33 303 41 79 136
internal_value=9.93067e-06 0.000109233 9.85805e-05 0.000380995 -0.000276789 -0.00196979 0.000607012 8.17463e-06 0.000437452 -0.000249444 -0.00182117 0.000999843 -0.00359897 -7.41491e-05 -0.000439125 5.56731e-05 0.000332605 0.00169245 0.00296885 0.00398987 0.00505793 0.00348599 0.000876014 -0.000211896 9.13118e-05 -0.000315451 -1.80804e-05 0.000506402 0.00206592 -0.000525238 -0.00015155 -0.000541843 -0.000896856 -0.00134784 -0.0032791 0.00163207 -0.000885797 0.00381464 0.000441225 0.00120458 0.00247062 -0.00472859 -0.00604799 -0.00463022 3.93576e-05 0.00132465 0.00167489 0.00243801 0.00209776 0.00360024 0.00289223 0.000521327 0.00252249 -0.00129471 -0.00198767 -0.00287146 -0.00490084 -0.00698506 0.00105585 0.00301531 -0.00204156 0.000701422
internal_weight=40836 31288 31163 7556 1936 388 5620 23607 3798 1716 455 2082 218 19809 5189 14620 7183 1176 352 246 203 144 3809 7437 906 9548 3950 1974 386 5598 2806 1976 2792 1600 181 351 1251 104 1555 595 233 180 116 86 1811 1860 1306 693 643 244 214 554 100 354 254 202 101 67 399 96 109 247
internal_count=40836 31288 31163 7556 1936 388 5620 23607 3798 1716 455 2082 218 19809 5189 14620 7183 1176 352 246 203 144 3809 7437 906 9548 3950 1974 386 5598 2806 1976 2792 1600 181 351 1251 104 1555 595 233 180 116 86 1811 1860 1306 693 643 244 214 554 100 354 254 202 101 67 399 96 109 247
cat_boundaries=0 2 4 6 8 10 12 14 16 18 20 22 24 26 28 30 32 34 36 38 40 42 44 46 48 50 52 54 56 58
cat_threshold=2027163657 13633858 147325448 270797120 1996784906 3121152039 2126521684 3880408426 9183768 1753698432 205520896 50484544 2070525572 3466068588 17171616 3061981345 814916839 1127526873 206851467 862485814 680544586 1216157722 1098248 276824193 0 6451456 67297652 1563071489 3225952261 1090553108 49160 128 3734565897 2797745324 137568322 2232400 1710568641 2428390584 2620554416 680011724 1981864004 3492867386 1250329472 3072496007 402702876 1094722117 85985280 2684625552 8939573 22054728 2164262018 2181300776 8937472 33792 939524096 12582914 136314882 2097232
is_linear=0
shrinkage=0.05


Tree=103
num_leaves=63
num_cat=31
split_feature=11 6 0 1 2 2 5 1 2 1 9 2 9 5 1 2 5 4 2 1 1 4 2 4 2 1 6 4 10 0 2 1 5 2 1 4 1 2 6 9 2 9 11 11 1 2 4 1 4 5 5 5 4 6 1 1 4 11 2 9 2 7
split_gain=0.488055 0.346558 0.31403 0.380073 0.401474 0.367387 0.304605 0.284725 0.447408 0.403123 0.610813 0.358636 0.342186 0.277329 0.439568 0.599831 0.512622 0.438418 0.358524 0.482179 0.432639 0.49437 0.321221 0.541716 0.313799 0.32891 0.368015 0.322523 0.313186 0.26626 0.320609 0.314729 0.300647 0.276331 0.297019 0.585198 0.265647 0.252949 0.605602 0.358269 0.239582 0.231968 0.230134 0.239634 0.219604 0.418612 0.630099 0.23992 0.375742 0.715161 0.214484 0.212417 0.222475 0.206319 0.254466 0.201668 0.302953 0.674079 0.200591 0.199596 0.198446 0.194506
threshold=1227.8069700000003 1.5607050000000002 0 1 2 3 1.4045850000000002 4 5 6 252.50000000000003 7 287.50000000000006 1.1083550000000002 8 9 1.1596850000000003 25498.500000000004 10 11 12 41694.000000000007 13 23713.500000000004 14 15 1.9278950000000001 39655.000000000007 1.0000000180025095e-35 16 17 18 0.8493750000000001 19 20 26004.500000000004 21 22 2.1643350000000008 173.50000000000003 23 270.50000000000006 1062.0564355000004 511.63449500000007 24 25 41541.500000000007 26 28895.500000000004 1.0992250000000003 1.1533650000000002 1.3848450000000001 31450.500000000004 1.9546550000000003 27 28 27838.500000000004 869.79633850000016 29 133.50000000000003 30 6.5000000000000009
decision_type=2 2 1 9 9 9 2 9 9 9 2 9 2 2 9 9 2 2 9 9 9 2 9 2 9 9 2 2 2 1 9 9 2 9 9 2 9 9 2 2 9 2 2 2 9 9 2 9 2 2 2 2 2 2 9 9 2 2 9 2 9 2
left_child=13 -2 7 5 6 44 -5 11 9 -9 50 36 41 18 15 16 -15 -18 19 22 21 40 -1 -24 25 26 27 28 -16 30 55 32 -32 34 35 -31 37 38 59 -40 -20 -12 43 -25 45 46 47 -4 -49 -50 -11 -6 -53 -52 -55 56 57 -22 -10 -3 -17 -56
right_child=1 2 3 4 51 -7 -8 8 58 10 12 -13 -14 14 24 60 17 -19 20 -21 29 -23 23 42 -26 -27 -28 -29 -30 33 31 -33 -34 -35 -36 -37 -38 -39 39 -41 -42 -43 -44 -45 -46 -47 -48 48 49 -51 53 52 -54 54 61 -57 -58 -59 -60 -61 -62 -63
leaf_value=-0.0008581742823950112 0.00495212832060674 -0.002744041693210875 1.9748516061608463e-05 0.00021006327464892223 0.00085733531931387111 0.00038868686352419834 -0.004478373949948166 0.00012860902571151743 -0.00045125260802132271 0.00030324890750141955 0.0035779015449548348 8.1303406015826473e-05 0.00098825689472670838 0.0088618957522240555 -0.0014110311976328377 0.00092082219952228364 0.0067387513660189767 0.00094278255440766114 -0.00057556414686397214 -0.00058595911668269491 0.0093731033865497599 0.003486703772712259 -0.0081768414724446882 -0.0054043774960463812 -3.3898157163664461e-05 -0.00024658534592492354 -0.00012756402040796223 -0.0074590813504376756 -0.0058409586911677093 0.0094617290244176765 -0.0074218917287274082 -0.0008769506484744247 -0.0023510084549870506 -0.000391321322465033 0.00013716134828496682 0.0012406989904354454 -0.00035420033173219048 -0.00061110172184528945 -0.0023744103235290633 -0.009037360662493504 0.00092630737497491713 0.0086257569340646902 -0.005228042420714115 -0.00064828429499324105 -6.6636830117518389e-05 -0.00022986450737459392 -0.0083833071586223717 -0.00021654467782354915 -0.0077881730583817775 0.00037418484095145355 0.0049024655076209461 0.0052167097838562394 0.00060085441693853671 -0.00032164902816201371 0.0019590780362818807 -0.00066448940834028985 -5.1262240000452466e-05 -0.00054858396447693501 0.00016201282271097693 -7.1757187653284131e-05 -0.00023205686801179345 0.0065047794616475592
leaf_weight=233 36 127 140 3411 3387 3013 34 829 1836 378 44 4300 43 32 149 654 40 162 482 1724 30 131 52 32 2238 453 126 41 54 30 32 721 282 951 201 73 3197 545 37 46 567 52 58 136 1865 698 38 79 70 43 53 57 48 115 95 520 163 38 4784 154 846 31
leaf_count=233 36 127 140 3411 3387 3013 34 829 1836 378 44 4300 43 32 149 654 40 162 482 1724 30 131 52 32 2238 453 126 41 54 30 32 721 282 951 201 73 3197 545 37 46 567 52 58 136 1865 698 38 79 70 43 53 57 48 115 95 520 163 38 4784 154 846 31
internal_value=9.50724e-06 0.000116104 0.000110045 0.000295426 0.000546439 1.61453e-06 0.000162035 -3.32667e-05 0.000175122 0.000911597 0.00169953 -0.000237958 0.0047261 -0.000270778 1.72721e-05 0.000650933 0.00294859 0.00211804 -0.000484689 -0.000995111 -0.000211393 0.000597731 -0.00233406 -0.0034913 -0.000342787 -0.00117123 -0.00226349 -0.00345383 -0.00261229 -0.00052638 -0.000920126 -0.00148393 -0.00280079 3.00577e-05 0.00131493 0.00337829 -0.000571628 -0.00132295 -0.00233958 -0.00613076 0.000239669 0.00637289 -0.00253574 -0.00158082 -0.000395982 -0.00096456 -0.0023039 -0.00165417 -0.00272818 -0.00470611 0.00109266 0.000923969 0.00313218 0.00210315 0.00146982 -0.000120839 0.00107754 0.00390104 -8.53749e-06 -0.00128496 0.000273643 0.00289215
internal_weight=40836 29585 29549 12883 6937 5946 3445 16666 8260 1640 811 8406 139 11251 4795 1734 234 202 6456 2235 4221 1180 511 278 3061 823 370 244 203 3041 1786 1035 314 1255 304 103 4106 909 364 83 1049 96 226 168 2933 1068 370 332 192 113 672 3492 105 294 241 751 231 68 6620 281 1500 126
internal_count=40836 29585 29549 12883 6937 5946 3445 16666 8260 1640 811 8406 139 11251 4795 1734 234 202 6456 2235 4221 1180 511 278 3061 823 370 244 203 3041 1786 1035 314 1255 304 103 4106 909 364 83 1049 96 226 168 2933 1068 370 332 192 113 672 3492 105 294 241 751 231 68 6620 281 1500 126
cat_boundaries=0 1 3 5 7 9 11 13 15 17 19 21 23 25 27 29 31 32 34 36 38 40 42 44 46 48 50 52 54 56 58 60
cat_threshold=1 3766889513 3065909683 1475265932 1537493273 345258705 3593384188 1610499468 1916812390 2506952 541197336 12883 218267928 974439663 3091733987 556680358 3222915155 136511554 2290225168 1626680001 2417116184 83906592 201850952 2276594224 671228164 2099713 2415936512 4849704 797577856 1409296385 603985284 1 402817308 1663052290 1342188544 2164282368 256 185073921 1073768448 1600 55443456 33557536 805601472 671094880 469947650 591954496 545521696 2157056416 67383825 2181824640 262176 8388864 34848 524417 536881152 16780354 1146095616 1351698722 1074815145 18876108
is_linear=0
shrinkage=0.05


Tree=104
num_leaves=63
num_cat=17
split_feature=3 5 1 11 1 1 1 4 3 5 5 3 4 1 4 1 5 6 7 1 4 11 6 0 0 1 5 1 11 11 11 4 4 6 6 4 5 1 6 1 11 4 11 11 4 6 1 6 5 5 6 4 5 5 11 0 5 3 0 6 7 1
split_gain=0.465294 0.394547 0.394627 0.331396 0.461844 0.313978 0.23766 0.238461 0.215928 0.326463 0.250647 0.214935 0.207508 0.2095 0.199866 0.263179 0.197355 0.368201 0.192036 0.230473 0.228558 0.193106 0.23887 0.169444 0.167737 0.376046 0.3404 0.313184 0.288787 0.211218 0.166118 0.265014 0.237599 0.16573 0.200819 0.297404 0.163965 0.209977 0.181076 0.160609 0.154877 0.306184 0.149955 0.146541 0.144064 0.142604 0.140256 0.176095 0.135983 0.13587 0.172713 0.223714 0.170522 0.157496 0.140205 0.135709 0.134035 0.147217 0.133551 0.312395 0.132285 0.320892
threshold=1330.2500000000002 1.1020050000000003 0 475.45866350000011 1 2 3 40333.500000000007 218.80000000000004 1.0278200000000002 1.0603650000000002 87.250000000000014 29887.500000000004 4 24769.500000000004 5 1.4045850000000002 2.1182450000000004 8.5000000000000018 6 30651.500000000004 541.20424950000006 2.4254250000000002 7 8 9 1.1206450000000003 10 2454.7386885000005 2845.1416180000006 717.98283600000002 39655.000000000007 42240.000000000007 1.9393950000000002 1.8550600000000002 27739.500000000004 0.9748300000000002 11 2.1725850000000002 12 412.82351550000004 27121.500000000004 4195.6550000000016 412.82351550000004 26206.500000000004 2.1380950000000003 13 1.6389900000000004 1.1686100000000004 1.2147200000000002 1.9982550000000001 42629.500000000007 1.3526850000000004 1.2110050000000003 2592.242221 14 1.0009750000000002 273.30000000000001 15 2.4445050000000004 8.5000000000000018 16
decision_type=2 2 9 2 9 9 9 2 2 2 2 2 2 9 2 9 2 2 2 9 2 2 2 1 1 9 2 9 2 2 2 2 2 2 2 2 2 9 2 9 2 2 2 2 2 2 9 2 2 2 2 2 2 2 2 1 2 2 1 2 2 9
left_child=1 3 30 4 8 -5 16 36 9 11 -11 -1 13 -7 15 -4 49 -18 21 20 -20 22 -14 -13 25 26 -16 -26 43 -27 31 46 -33 34 -15 -36 60 38 42 58 41 -29 -38 -28 -45 -44 47 -3 -40 53 51 52 -51 54 -2 -41 57 -6 59 -23 -8 -62
right_child=6 2 14 5 56 12 7 -9 -10 10 -12 23 18 33 24 -17 17 -19 19 -21 -22 39 -24 -25 27 29 28 40 -30 -31 -32 32 -34 -35 35 -37 37 -39 48 55 -42 -43 45 44 -46 -47 -48 -49 -50 50 -52 -53 -54 -55 -56 -57 -58 -59 -60 -61 61 -63
leaf_value=-0.0042179841939783231 0.0020381758695293684 -0.0048869481662140142 -0.00080663086549248347 -0.00043290652614763224 -0.0005960337838291118 -0.00073270318807901788 -0.00042252958473918155 0.0011763144242651874 -0.0053834177740888361 -0.0079319435972946741 -0.0021727740114181149 0.0027570627736470971 0.0058798676533173893 -0.00016985268439698146 0.0066858956723340928 0.00034952085967682829 -0.0055131045565014409 0.0012269131664652379 0.0050026754145316467 0.00011171857587790013 0.0011835584016756083 0.00057484473738752834 -0.00022583197090117371 -0.0010785695404744425 0.00072317805545191226 0.00041868825537624306 0.0041458759989473036 -0.0058561610671946963 0.0060976374303484621 -0.0035703520407717893 -0.00031822062974272338 -0.0075832239404741326 -0.0013398383734966046 -0.00017703586092152301 0.0011241063791764135 0.0059590613772886689 -5.283756352029718e-05 0.00080942514839545641 -0.0016500378452848155 0.00046164852318633241 4.2742298688652796e-05 -0.00059562379373001659 0.00079465120436413613 0.004202567189167894 0.0007098884784472485 0.0034696873658328527 -4.1675255571525284e-05 -0.00078848528066726483 -2.3216614118729993e-05 0.00026435021558639688 0.00015607302656098462 0.0045840197793601892 0.0026530725443487065 -0.0027529720954286557 -7.2452652830163968e-05 -0.00070566549051814679 0.00056774419286438648 -0.0039590114270039419 0.00012434251569509819 0.005479511459125206 0.0028963951368721416 3.5680364434798695e-05
leaf_weight=43 79 43 942 7728 346 1392 1054 978 59 35 42 35 30 173 34 1010 43 37 41 724 614 174 33 143 1999 1394 39 30 32 33 1535 30 31 1135 145 40 647 2412 215 326 3475 260 406 31 394 56 199 66 317 273 1220 46 102 53 4779 1045 253 35 1056 39 102 754
leaf_count=43 79 43 942 7728 346 1392 1054 978 59 35 42 35 30 173 34 1010 43 37 41 724 614 174 33 143 1999 1394 39 30 32 33 1535 30 31 1135 145 40 647 2412 215 326 3475 260 406 31 394 56 199 66 317 273 1220 46 102 53 4779 1045 253 35 1056 39 102 754
internal_value=8.98086e-06 -0.000110105 0.000111296 -0.000273506 -0.00115804 -0.000213781 0.00024817 0.000452364 -0.00256423 -0.00207569 -0.00485871 -0.00108852 2.9886e-05 -0.000294598 0.000240803 -0.000210885 3.36939e-05 -0.00241918 0.000259308 0.000739213 0.00140841 1.42895e-05 0.00272809 -0.000313183 0.000355321 0.000755173 0.00187791 0.000219456 0.00157333 0.000321751 -0.000544829 -0.00149881 -0.00448314 0.000118201 0.00105539 0.00219592 0.000334209 0.000514159 7.45553e-05 -5.148e-05 -4.99011e-05 -0.00115807 0.0004387 0.00124887 0.000973916 0.00112569 -0.000895165 -0.00223212 -0.000682535 6.40596e-05 0.000457803 0.00132973 0.000919411 -6.75753e-05 -3.77176e-05 -0.000424868 -0.000318048 -0.000914524 0.000352507 0.00149429 -4.77135e-05 0.000413755
internal_weight=40836 27263 11577 15686 991 14695 13573 6941 357 298 77 221 6967 2885 9673 1952 6632 80 4082 1379 655 2703 63 178 7721 1957 530 5764 496 1427 1904 369 61 1493 358 185 5963 4053 1641 2640 3765 290 1109 464 425 462 308 109 532 6552 1641 421 375 4911 4858 1371 634 381 1269 213 1910 856
internal_count=40836 27263 11577 15686 991 14695 13573 6941 357 298 77 221 6967 2885 9673 1952 6632 80 4082 1379 655 2703 63 178 7721 1957 530 5764 496 1427 1904 369 61 1493 358 185 5963 4053 1641 2640 3765 290 1109 464 425 462 308 109 532 6552 1641 421 375 4911 4858 1371 634 381 1269 213 1910 856
cat_boundaries=0 2 4 6 8 10 12 14 15 16 18 20 22 24 26 27 28 30
cat_threshold=1343356929 637534340 340795400 1358993496 763913538 3747312691 1087777968 1977490867 4364841 545292612 117753026 2560642905 1343230120 545293056 4 4 88605696 1074274898 536921090 2285193593 522207496 2129920 39881357 536871116 1073741824 67108992 4 2 134234624 66048
is_linear=0
shrinkage=0.05


Tree=105
num_leaves=63
num_cat=32
split_feature=4 5 1 2 2 1 4 1 2 2 1 4 3 1 2 1 2 5 4 2 5 1 4 2 1 2 1 8 9 5 5 1 2 1 2 2 5 9 3 9 3 1 9 5 2 1 4 9 3 5 5 1 5 2 4 4 1 2 1 5 1 9
split_gain=0.515358 0.387237 0.608407 0.711384 0.544322 0.512453 0.51589 0.448461 0.678796 0.641149 0.413358 0.821307 0.649513 0.375563 0.711151 0.333697 0.323449 0.312842 0.463579 0.293902 0.2751 0.273963 0.27074 0.319299 0.296388 0.267816 0.643308 0.330356 0.450653 0.423953 0.25554 0.252772 0.287116 0.251715 0.326869 0.248889 0.543435 0.241395 0.237124 0.229425 0.2251 0.224089 0.218204 0.419695 0.216422 0.216797 0.282591 0.212555 0.209817 0.1914 0.186153 0.185815 0.185796 0.265618 0.314082 0.448913 0.185295 0.258925 0.276807 0.539389 0.183244 0.238523
threshold=33541.500000000007 0.9748300000000002 0 1 2 3 25080.500000000004 4 5 6 7 28091.500000000004 451.55000000000007 8 9 10 11 0.94904500000000003 27199.500000000004 12 0.86302500000000004 13 17003.500000000004 14 15 16 17 1.5000000000000002 118.50000000000001 1.3401550000000002 0.96620000000000006 18 19 20 21 22 1.3319400000000001 146.50000000000003 479.55000000000007 161.50000000000003 872.45000000000016 23 216.50000000000003 1.0332800000000002 24 25 25498.500000000004 24.500000000000004 404.85000000000008 1.3848450000000001 1.3848450000000001 26 0.8822850000000001 27 40891.500000000007 37739.500000000007 28 29 30 1.2361400000000002 31 127.50000000000001
decision_type=2 2 9 9 9 9 2 9 9 9 9 2 2 9 9 9 9 2 2 9 2 9 2 9 9 9 9 2 2 2 2 9 9 9 9 9 2 2 2 2 2 9 2 2 9 9 2 2 2 2 2 9 2 9 2 2 9 9 9 2 9 2
left_child=1 2 4 -4 5 6 -1 9 56 15 11 48 -13 14 37 19 31 18 -8 -3 -14 35 38 24 -24 26 -17 28 -28 60 -26 32 47 -10 51 36 42 50 -12 -38 -20 -18 -11 -44 45 -6 -47 -15 -5 -36 -2 -35 53 54 55 -33 57 58 59 -9 -29 -62
right_child=13 7 3 10 44 -7 17 8 33 21 22 12 20 16 -16 25 41 -19 40 -21 -22 -23 23 -25 30 -27 27 29 -30 -31 -32 52 -34 34 49 -37 39 -39 -40 -41 -42 -43 43 -45 -46 46 -48 -49 -50 -51 -52 -53 -54 -55 -56 -57 -58 -59 -60 -61 61 -63
leaf_value=0.00014151209825421807 -0.00039987321509588606 0.0011905866705858503 -0.00016360673610251906 0.0028378405655178456 -0.00010419177833363503 0.00011906848513715428 0.0086038686865527597 -0.0013293376123328926 0.00022122068247643008 0.00039823828663324142 -0.0073278581781778488 -0.012444000151481305 -0.00016862225057857655 -0.0044485860079193709 0.0011313448864571334 0.0010231492581286668 0.00068000324547760199 0.0076800082912086513 -0.0002428667313179703 -0.00043154950515336162 -0.0057888022309634836 -9.2771817356078527e-05 -0.00015606083949822034 -0.00032766662567872915 -0.0021305993867425507 -0.00075989658008692113 -0.0015237606213132323 0.00017428302115519802 -0.0089106071671703826 -0.0071305121801560753 -0.0064480263892619412 -0.001602543422341114 -0.0002389413743061353 0.00077943254731602197 0.00047792660297891207 0.00025462141951421429 0.0031640541193307097 0.00043204067639953953 -0.0021732077579462239 0.0089016938157710102 0.0037518563944029491 1.394393289783503e-05 0.00028355358447465826 0.0074283397417249436 -0.00014994976301518985 -0.0042641466648657683 -0.00092334233773484211 -0.0012662539882858821 -0.0017643092056753252 0.0035416658841708306 -0.0035136719250876921 0.0023706562936952028 0.00015052811195069305 -0.0002135511757415509 0.00020700962082752418 -0.009714047670657297 0.00019463079849154231 -0.00021578332140140133 -0.00077584951860545622 -0.008446309926442892 -0.0045800616368675646 -0.00084329909158533268
leaf_weight=133 1216 332 1751 30 217 588 30 74 1415 344 30 31 30 57 2676 129 2480 47 68 1495 79 3325 218 780 529 2304 36 102 49 39 36 39 1307 318 1361 1001 44 1384 85 30 72 2573 50 34 2478 110 149 577 123 52 49 577 3578 396 43 30 1613 1603 340 41 83 88
leaf_count=133 1216 332 1751 30 217 588 30 74 1415 344 30 31 30 57 2676 129 2480 47 68 1495 79 3325 218 780 529 2304 36 102 49 39 36 39 1307 318 1361 1001 44 1384 85 30 72 2573 50 34 2478 110 149 577 123 52 49 577 3578 396 43 30 1613 1603 340 41 83 88
internal_value=-3.72767e-06 -0.000148984 -0.000444967 -0.000900721 -6.66913e-06 0.00103559 0.00252479 -1.54493e-05 0.000276235 -0.000242871 -0.00155102 -0.00328073 -0.00614567 0.000213138 0.000557716 -0.000660813 4.6955e-05 0.00409398 0.00306344 -0.000131416 -0.00425756 0.000160854 -0.00122959 -0.00106312 -0.00176767 -0.00100075 -0.00201857 -0.00300788 -0.00583616 -0.00231727 -0.00237464 -0.000200255 -0.000668462 0.000751067 0.00107332 0.000718532 0.00161829 -2.40425e-05 -0.00356948 0.0055778 0.0018236 0.000341611 0.000960012 0.00322886 -0.000340237 -0.00130509 -0.00226601 -0.00153475 -0.000849359 0.000588936 -0.000523167 0.00182161 2.33576e-05 -0.000870421 -0.00289536 -0.00521767 -0.000206128 -0.000519595 -0.00155959 -0.00360671 -0.00160615 -0.00252626
internal_weight=40898 24493 7614 3722 3892 938 350 16879 7394 9485 1971 293 140 16405 5325 4657 11080 217 170 1827 109 4828 1678 1563 783 2830 526 397 85 312 565 6027 1941 3723 2308 1503 502 2649 115 74 140 5053 428 84 2954 476 259 634 153 1413 1265 895 4086 508 112 69 3671 2058 455 115 273 171
internal_count=40898 24493 7614 3722 3892 938 350 16879 7394 9485 1971 293 140 16405 5325 4657 11080 217 170 1827 109 4828 1678 1563 783 2830 526 397 85 312 565 6027 1941 3723 2308 1503 502 2649 115 74 140 5053 428 84 2954 476 259 634 153 1413 1265 895 4086 508 112 69 3671 2058 455 115 273 171
cat_boundaries=0 2 4 6 8 10 12 14 16 18 20 22 24 26 28 30 32 34 36 38 40 42 44 46 48 50 52 54 56 58 60 62 64
cat_threshold=540187277 3354765767 1317515577 207968022 407110113 271073297 1081473 1157957635 1576154509 3558646087 2052493130 621827829 30429601 3661496088 2172649472 537001984 1168113700 2686685524 1420526513 4113850493 1223688449 1409318916 1330953828 686458315 0 557824 285217804 1581120 540558400 1938425864 1107567952 268435464 0 34112256 67113984 1 571360898 34619433 134493188 144867338 294930 31462424 18948256 1116110856 203425354 134 2856897226 1476419593 25182720 2315526144 2261128 1149510020 570425440 671088672 1091575808 192 537446944 687884464 1342570752 208 540672 134217760 285220996 64
is_linear=0
shrinkage=0.05


Tree=106
num_leaves=63
num_cat=34
split_feature=4 3 2 9 6 1 2 2 9 1 2 2 2 1 1 9 6 2 1 6 7 1 1 2 11 9 2 1 1 2 3 4 0 11 1 11 1 4 6 0 10 2 1 6 6 0 2 1 9 6 2 1 9 1 2 3 9 3 2 4 1 11
split_gain=0.465039 0.35858 0.386967 0.506863 0.628428 0.339921 0.58223 0.326485 0.286298 0.591034 0.495524 0.369575 0.30534 0.630187 0.421724 0.267356 0.779695 0.265465 0.658619 0.657294 1.00323 0.242296 0.219821 0.224168 0.218638 0.308271 0.208873 0.224686 0.204876 0.488736 0.440552 0.608019 0.762269 0.394453 0.188405 0.233319 0.187772 0.21873 0.180053 0.177104 0.174645 0.368534 0.21488 0.328733 0.289093 0.169023 0.249678 0.352372 0.222864 0.385892 0.219884 0.268472 0.262183 0.187254 0.281428 0.222302 0.295839 0.431028 0.165009 0.20884 0.35407 0.547517
threshold=33541.500000000007 239.05000000000004 0 119.50000000000001 2.4880750000000007 1 2 3 32.500000000000007 4 5 6 7 8 9 22.500000000000004 2.0829850000000003 10 11 1.9934400000000003 5.5000000000000009 12 13 14 4447.2661710000002 154.50000000000003 15 16 17 18 813.6500000000002 29245.500000000004 19 1963.4553050000002 20 526.60665450000022 21 29245.500000000004 1.6945400000000002 22 1.0000000180025095e-35 23 24 2.2826850000000003 1.9194000000000002 25 26 27 196.50000000000003 2.0379750000000008 28 29 48.500000000000007 30 31 783.55000000000007 229.50000000000003 1703.4500000000003 32 38045.500000000007 33 1744.2438180000001
decision_type=2 2 9 2 2 9 9 9 2 9 9 9 9 9 9 2 2 9 9 2 2 9 9 9 2 2 9 9 9 9 2 2 1 2 9 2 9 2 2 1 2 9 9 2 2 1 9 9 2 2 9 9 2 9 9 2 2 2 9 2 9 2
left_child=1 2 3 4 -1 6 39 21 9 10 -3 -11 13 28 26 36 -17 18 19 20 -16 24 23 -9 -7 -26 27 38 29 -10 31 32 -31 -32 35 -4 -12 -38 -14 -2 -23 42 43 44 -42 46 47 48 -15 -50 51 -47 -53 54 55 -48 57 -57 -8 60 61 -60
right_child=5 8 34 -5 -6 7 58 22 12 11 15 -13 14 45 17 16 -18 -19 -20 -21 -22 40 -24 -25 25 -27 -28 -29 -30 30 33 -33 -34 -35 -36 -37 37 -39 -40 -41 41 -43 -44 -45 -46 50 53 -49 49 -51 -52 52 -54 -55 -56 56 -58 -59 59 -61 -62 -63
leaf_value=-0.0093048976385034631 -0.00031533927696840848 4.4881333523617605e-05 9.2998912958415538e-05 -0.00085830146867920125 -0.0013737532436106431 -0.00057656753559862225 0.00061875528424047612 0.00017622683073980827 0.00012176084529014391 0.0012688799594783476 -0.00021347055371101622 -0.00049345121266383392 -0.0036469226901438864 0.0011740597588641322 0.00093730317118267221 -0.0026019881172172836 -0.011374966562931042 0.00034180467611249349 -0.00010683904767618316 0.0015114201048402184 0.011789239134416174 0.00022632899889095081 5.4247866780379416e-05 0.0012684654700149955 -0.0049674528799840403 -0.00043507469411081361 0.00013230219180588576 3.8704420429440979e-06 -0.00044878328201945528 -0.0027457426745105158 0.0025530180581865769 -0.00073288753050696365 -0.011234381814021617 -0.0020596153542566755 -0.00087916321239492063 0.0046058319447397746 -0.0045464881956683136 -0.00090629254957414515 -0.00083880669909023025 0.00044735109897689387 -0.0060260011256104921 0.00024893092258557685 -0.00085298086870556748 -0.0082753978740994737 -6.732515992776474e-05 -0.00012032204872887643 -0.00081285540545275245 2.8506405191496933e-05 0.00068224282280052422 0.0075448449708185057 0.00016948804537412799 0.0061472119557038248 0.0016826559517464442 -0.00010706390668644832 0.00010174363022594858 -0.0089905308506390818 -0.00057614017207734559 -0.001738428845494174 0.0049015512161883993 0.0019258190626222341 -0.00012671668664273651 0.00015999994389216335
leaf_weight=52 1795 221 182 135 48 1578 1646 951 357 360 104 1494 59 151 38 103 33 4985 282 140 48 2225 3447 943 70 80 2598 1130 4973 58 56 71 49 249 777 33 109 67 1226 1320 31 519 234 30 56 228 96 720 38 44 1239 35 409 1181 190 45 42 38 110 789 446 135
leaf_count=52 1795 221 182 135 48 1578 1646 951 357 360 104 1494 59 151 38 103 33 4985 282 140 48 2225 3447 943 70 80 2598 1130 4973 58 56 71 49 249 777 33 109 67 1226 1320 31 519 234 30 56 228 96 720 38 44 1239 35 409 1181 190 45 42 38 110 789 446 135
internal_value=-3.54084e-06 -0.000141523 -0.000974239 -0.00275286 -0.00554924 0.000202466 0.000492514 2.3829e-05 -9.75678e-05 -0.000603982 -0.00190314 -0.000145785 -3.68206e-05 -0.000230568 0.000152634 -0.00291252 -0.00479822 0.000454886 0.00153378 0.00349088 0.00706009 -0.000274054 0.000292832 0.000724224 -0.000746596 -0.00256907 -0.000178829 -0.00051262 -0.00057311 -0.00129384 -0.00231957 -0.00433791 -0.00670109 -0.00120713 -0.000517611 0.000768217 -0.00208644 -0.00300397 -0.000962987 7.86995e-06 -8.51432e-06 -0.000608787 -0.00182925 -0.00354068 -0.00223488 0.000216601 -4.97773e-05 0.000586536 0.0022319 0.00441115 0.000572328 0.00129199 0.00200261 -0.000431787 -0.00133776 -0.00252148 -0.00401696 -0.00573051 0.000973732 0.00136105 0.000733992 0.00221028
internal_weight=40898 24493 1227 235 100 16405 6241 10164 23266 2491 637 1854 20775 10269 10506 416 136 5493 508 226 86 4823 5341 1894 1728 150 5013 2415 5813 840 483 178 107 305 992 215 280 176 1285 3115 3095 870 351 117 87 4456 2545 953 233 82 1911 672 444 1592 411 221 125 83 3126 1480 691 245
internal_count=40898 24493 1227 235 100 16405 6241 10164 23266 2491 637 1854 20775 10269 10506 416 136 5493 508 226 86 4823 5341 1894 1728 150 5013 2415 5813 840 483 178 107 305 992 215 280 176 1285 3115 3095 870 351 117 87 4456 2545 953 233 82 1911 672 444 1592 411 221 125 83 3126 1480 691 245
cat_boundaries=0 2 4 6 8 10 12 14 16 18 20 22 24 26 28 30 32 34 36 38 39 41 43 44 46 48 49 51 53 55 57 59 61 63 65
cat_threshold=1082148864 34113601 1168113708 2955121492 1411482611 4114440285 1331048036 678068427 2487264289 2836004864 1713208 10011653 671105416 1149239318 584734082 3600678418 802304680 2981028294 3655731557 506731897 2162752 131072 8 562619008 575049346 1065001 541641346 138952712 279445906 369114880 2435684 134349252 1235222561 202379385 25165832 2147745794 43123714 336681984 1 272909360 1075843720 272662560 16777216 1 1158949952 131136 548864 16778368 1 13107586 343973888 1074266113 67593 4211712 2181587458 268977171 1073808384 1342703617 65568 538066944 2148286480 25848836 37752608 1157627908 2147483908
is_linear=0
shrinkage=0.05


Tree=107
num_leaves=63
num_cat=18
split_feature=0 1 11 1 9 1 1 9 1 1 5 5 5 5 8 6 9 6 1 5 1 9 5 1 5 6 4 6 9 1 3 6 8 9 11 11 4 6 8 5 1 4 1 5 5 9 5 9 1 6 6 4 1 9 1 4 1 3 3 5 1 4
split_gain=0.44499 0.450298 0.411366 0.350281 0.303412 0.546055 0.379069 0.225323 0.261465 0.247958 0.223586 0.220462 0.21799 0.621201 0.212146 0.233135 0.200785 0.198496 0.227423 0.214108 0.210155 0.195963 0.195482 0.190859 0.615223 0.331872 0.215371 0.178797 0.175134 0.238836 0.325074 0.325386 0.459196 0.312514 0.190276 0.250008 0.171095 0.167819 0.210992 0.15696 0.173863 0.155993 0.295717 0.160828 0.54049 0.157066 0.151533 0.192956 0.261699 0.242836 0.494693 0.202603 0.200172 0.175968 0.306014 0.212662 0.184604 0.171387 0.259551 0.166382 0.149052 0.458221
threshold=0 1 619.1701240000001 2 40.500000000000007 3 4 154.50000000000003 5 6 1.3401550000000002 1.3107700000000002 0.9977950000000001 0.97108500000000009 2.5000000000000004 2.3304050000000003 294.50000000000006 2.0803000000000007 7 1.4109000000000003 8 151.50000000000003 1.3886900000000002 9 0.9977950000000001 1.9420900000000001 15239.500000000002 1.5360550000000004 248.50000000000003 10 1097.8000000000004 1.9934400000000003 3.5000000000000004 255.50000000000003 5120.5068640000009 5345.3678895000003 35964.500000000007 1.6522650000000001 2.5000000000000004 0.84652500000000008 11 27739.500000000004 12 1.2694050000000001 1.1836400000000002 48.500000000000007 1.0261750000000003 257.50000000000006 13 1.8897250000000001 1.8717600000000003 24984.500000000004 14 163.50000000000003 15 13893.500000000002 16 2417.7500000000005 2561.5000000000005 1.0880750000000001 17 44832.500000000007
decision_type=1 9 2 9 2 9 9 2 9 9 2 2 2 2 2 2 2 2 9 2 9 2 2 9 2 2 2 2 2 9 2 2 2 2 2 2 2 2 2 2 9 2 9 2 2 2 2 2 9 2 2 2 9 2 9 2 9 2 2 2 9 2
left_child=1 7 3 22 5 60 46 8 10 16 12 -3 13 -1 15 27 -9 18 19 -8 -19 -10 39 24 -7 -26 -25 -13 34 30 -30 33 -33 -32 37 -36 -11 38 -20 -2 -41 42 43 44 45 -5 47 48 49 50 51 -6 -49 54 -48 -56 -55 -58 -59 -57 61 -4
right_child=2 11 4 41 6 23 17 9 21 36 -12 14 -14 -15 -16 -17 -18 20 28 -21 -22 -23 -24 26 25 -27 -28 -29 29 -31 31 32 -34 -35 35 -37 -38 -39 -40 40 -42 -43 -44 -45 -46 -47 53 52 -50 -51 -52 -53 -54 56 55 59 57 58 -60 -61 -62 -63
leaf_value=-0.00085413873263186853 0.0035776020322159374 0.00048531644986293744 0.0004490315639431396 -0.0058665156890187536 -0.0044207218175585034 -0.00092161619018201 5.5796270840768364e-05 0.00072762840651018404 -2.6279371855900994e-05 -0.00047375485311719777 -0.0042492396264951198 0.0051736723615356502 -0.00032216117049159725 -0.0082054174077269195 0.00079822417588646256 0.0058664666984797175 0.0036076011950633702 -0.00030551563734346378 0.0054172419618840357 0.0034872697032962766 0.00023890554079870538 -0.0034773107415059625 -0.0036732623334197949 -0.0044180206599412483 -0.0018697022776801274 -0.0082674389705061913 -0.00070248070313320705 0.001163240360061685 0.0007315700556272983 0.00029906101623687988 0.0057451491121485437 0.010413862876760376 0.0021739705475712461 0.00056705803764304727 0.0058708880838428349 0.00075027770307961096 0.00067333607315317511 0.00032673840003912826 0.00020420707366308004 0.0016623823487062332 -0.00021683230152325772 -0.00079080674573691093 -0.00077621330285056016 -0.00041029462649021296 -0.0098747883073883724 -0.0018414772678963258 0.00015493210558028821 -0.00093113134131610513 -0.00029414127818513935 -0.0010310401924141341 -0.0087337427384682094 -0.00053506490740346641 0.00036149526090389076 -0.00022431519113699471 -0.0046167495776899157 0.00048752616319800481 0.00050943863475650839 0.0063004853995428699 0.00083978184160183776 -0.00088107427385762855 -0.00016099604807152587 0.0060410859722021719
leaf_weight=130 33 4480 608 30 50 258 3864 899 1999 1029 57 33 383 36 434 45 64 3216 36 45 3922 41 32 39 34 52 1638 158 197 334 41 34 34 96 36 68 474 2698 41 138 699 1158 333 39 31 120 1921 419 1187 712 31 99 976 1035 34 260 1172 32 65 1499 1202 38
leaf_count=130 33 4480 608 30 50 258 3864 899 1999 1029 57 33 383 36 434 45 64 3216 36 45 3922 41 32 39 34 52 1638 158 197 334 41 34 34 96 36 68 474 2698 41 138 699 1158 333 39 31 120 1921 419 1187 712 31 99 976 1035 34 260 1172 32 65 1499 1202 38
internal_value=-3.39446e-06 0.000281556 -9.88491e-05 -0.000698731 -4.28903e-05 -0.000453908 2.29628e-05 -5.13444e-05 -0.000371841 0.00029235 -0.00127335 0.00061086 -0.000980368 -0.00248798 0.00145744 0.00266126 0.0009131 0.000182278 0.000361574 9.59355e-05 -6.48319e-06 -9.68336e-05 0.000103138 -0.0010189 -0.00209102 -0.00578866 -0.000786781 0.00187948 0.000646656 0.00133637 0.00213493 0.00357706 0.00638513 0.00214711 0.000472178 0.00256183 -0.000111052 0.000392969 0.00267967 0.000247282 0.000111866 -0.00111536 -0.00181246 -0.00319085 -0.00395975 -0.00268 -0.000223076 -0.0004862 -0.000791325 -0.00143253 -0.00308532 -0.00185976 -3.12254e-05 -7.14978e-05 -0.000284421 -0.000751637 0.000271705 0.000672588 0.00268716 -0.000678618 0.000168787 0.000774829
internal_weight=40898 10262 30636 2613 28023 3869 24154 5112 2646 2466 606 5150 549 166 670 236 963 14662 7524 3909 7138 2040 902 2021 344 86 1677 191 3615 736 402 205 68 137 2879 104 1503 2775 77 870 837 1711 553 220 181 150 9492 3474 2079 892 180 149 1395 6018 3714 1793 2304 1269 97 1759 1848 646
internal_count=40898 10262 30636 2613 28023 3869 24154 5112 2646 2466 606 5150 549 166 670 236 963 14662 7524 3909 7138 2040 902 2021 344 86 1677 191 3615 736 402 205 68 137 2879 104 1503 2775 77 870 837 1711 553 220 181 150 9492 3474 2079 892 180 149 1395 6018 3714 1793 2304 1269 97 1759 1848 646
cat_boundaries=0 1 3 5 7 9 11 13 15 17 19 21 23 25 27 29 31 33 35
cat_threshold=4 2023809979 2989230523 1627652120 3894945136 1537887085 844404883 1272319809 1024745474 268435968 2418016560 404759314 270532920 2485661726 135637 2154628 40404513 2684355584 142672896 536920192 1080066560 1074003968 671612928 205551648 268436096 26347520 470818816 33554432 889208832 58722112 486563840 62916416 335552514 42093121 805306370
is_linear=0
shrinkage=0.05


end of trees

feature_importances:
distance=1034
delivery=1007
pickup=907
weight=699
quote_signal=691
distance_x_quote=642
day_of_year=579
market_index=530
equipment=465
day_of_week=73
month=63
is_weekend=6

parameters:
[boosting: gbdt]
[objective: regression]
[metric: l1]
[tree_learner: serial]
[device_type: cpu]
[data_sample_strategy: bagging]
[data: ]
[valid: ]
[num_iterations: 108]
[learning_rate: 0.05]
[num_leaves: 63]
[num_threads: 0]
[seed: 42]
[deterministic: 0]
[force_col_wise: 0]
[force_row_wise: 0]
[histogram_pool_size: -1]
[max_depth: -1]
[min_data_in_leaf: 30]
[min_sum_hessian_in_leaf: 0.001]
[bagging_fraction: 0.85]
[pos_bagging_fraction: 1]
[neg_bagging_fraction: 1]
[bagging_freq: 5]
[bagging_seed: 400]
[bagging_by_query: 0]
[feature_fraction: 0.85]
[feature_fraction_bynode: 1]
[feature_fraction_seed: 30056]
[extra_trees: 0]
[extra_seed: 12879]
[early_stopping_round: 0]
[early_stopping_min_delta: 0]
[first_metric_only: 0]
[max_delta_step: 0]
[lambda_l1: 0]
[lambda_l2: 1]
[linear_lambda: 0]
[min_gain_to_split: 0]
[drop_rate: 0.1]
[max_drop: 50]
[skip_drop: 0.5]
[xgboost_dart_mode: 0]
[uniform_drop: 0]
[drop_seed: 17869]
[top_rate: 0.2]
[other_rate: 0.1]
[min_data_per_group: 100]
[max_cat_threshold: 32]
[cat_l2: 10]
[cat_smooth: 10]
[max_cat_to_onehot: 4]
[top_k: 20]
[monotone_constraints: ]
[monotone_constraints_method: basic]
[monotone_penalty: 0]
[feature_contri: ]
[forcedsplits_filename: ]
[refit_decay_rate: 0.9]
[cegb_tradeoff: 1]
[cegb_penalty_split: 0]
[cegb_penalty_feature_lazy: ]
[cegb_penalty_feature_coupled: ]
[path_smooth: 0]
[interaction_constraints: ]
[verbosity: -1]
[saved_feature_importance_type: 0]
[use_quantized_grad: 0]
[num_grad_quant_bins: 4]
[quant_train_renew_leaf: 0]
[stochastic_rounding: 1]
[linear_tree: 0]
[max_bin: 255]
[max_bin_by_feature: ]
[min_data_in_bin: 3]
[bin_construct_sample_cnt: 200000]
[data_random_seed: 175]
[is_enable_sparse: 1]
[enable_bundle: 1]
[use_missing: 1]
[zero_as_missing: 0]
[feature_pre_filter: 1]
[pre_partition: 0]
[two_round: 0]
[header: 0]
[label_column: ]
[weight_column: ]
[group_column: ]
[ignore_column: ]
[categorical_feature: 0,1,2]
[forcedbins_filename: ]
[precise_float_parser: 0]
[parser_config_file: ]
[objective_seed: 16083]
[num_class: 1]
[is_unbalance: 0]
[scale_pos_weight: 1]
[sigmoid: 1]
[boost_from_average: 1]
[reg_sqrt: 0]
[alpha: 0.9]
[fair_c: 1]
[poisson_max_delta_step: 0.7]
[tweedie_variance_power: 1.5]
[lambdarank_truncation_level: 30]
[lambdarank_norm: 1]
[label_gain: ]
[lambdarank_position_bias_regularization: 0]
[eval_at: ]
[multi_error_top_k: 1]
[auc_mu_weights: ]
[num_machines: 1]
[local_listen_port: 12400]
[time_out: 120]
[machine_list_filename: ]
[machines: ]
[gpu_platform_id: -1]
[gpu_device_id: -1]
[gpu_device_id_list: ]
[gpu_use_dp: 0]
[num_gpu: 1]

end of parameters

pandas_categorical:[["Dry Van", "Flatbed", "Reefer"], ["Albany", "Albuquerque", "Amarillo", "Atlanta", "Austin", "Bakersfield", "Baltimore", "Baton Rouge", "Birmingham", "Boston", "Buffalo", "Charleston", "Chattanooga", "Cincinnati", "Columbia", "Corpus Christi", "Dallas", "Dayton", "Detroit", "El Paso", "Fort Wayne", "Fresno", "Grand Rapids", "Green Bay", "Greensboro", "Harrisburg", "Hartford", "Houston", "Indianapolis", "Jacksonville", "Kansas City", "Las Vegas", "Lexington", "Little Rock", "Los Angeles", "Louisville", "Lubbock", "Madison", "Memphis", "Milwaukee", "Mobile", "Montgomery", "Nashville", "New Orleans", "New York", "Oklahoma City", "Philadelphia", "Phoenix", "Providence", "Raleigh", "Reno", "Richmond", "Salt Lake City", "San Antonio", "San Francisco", "Savannah", "Shreveport", "St. Louis", "Syracuse", "Tampa", "Toledo", "Tucson", "Tulsa", "Washington"], ["Albany", "Albuquerque", "Amarillo", "Atlanta", "Austin", "Bakersfield", "Baltimore", "Baton Rouge", "Birmingham", "Boston", "Buffalo", "Charleston", "Chattanooga", "Cincinnati", "Columbia", "Corpus Christi", "Dallas", "Dayton", "Detroit", "El Paso", "Fort Wayne", "Fresno", "Grand Rapids", "Green Bay", "Greensboro", "Harrisburg", "Hartford", "Houston", "Indianapolis", "Jacksonville", "Kansas City", "Las Vegas", "Lexington", "Little Rock", "Los Angeles", "Louisville", "Lubbock", "Madison", "Memphis", "Milwaukee", "Mobile", "Montgomery", "Nashville", "New Orleans", "New York", "Oklahoma City", "Philadelphia", "Phoenix", "Providence", "Raleigh", "Reno", "Richmond", "Salt Lake City", "San Antonio", "San Francisco", "Savannah", "Shreveport", "St. Louis", "Syracuse", "Tampa", "Toledo", "Tucson", "Tulsa", "Washington"]]
