tree
version=v4
num_class=1
num_tree_per_iteration=1
label_index=0
max_feature_idx=11
objective=regression
feature_names=equipment pickup delivery distance weight market_index quote_signal month day_of_week day_of_year is_weekend distance_x_quote
feature_infos=-1:0:2:1 -1:45:32:5:20:51:7:47:26:42:40:13:30:56:14:3:53:61:34:39:58:46:41:38:11:24:2:21:22:0:44:36:19:12:60:10:27:23:29:50:62:9:49:15:25:1:59:17:28:37:55:6:54:33:48:4:43:52:8:63:35:18:57:31 -1:20:32:7:26:5:45:3:13:14:40:51:42:47:30:61:56:46:53:34:58:41:22:38:39:11:2:0:44:24:19:21:29:36:27:60:12:10:23:62:50:17:49:9:15:1:28:25:59:55:6:33:54:37:4:52:48:63:35:43:57:8:18:16 [70:3439.8000000000002] [5000:47500] [0.72389999999999999:1.4677800000000001] [0.69228000000000001:3.6103499999999999] [1:9] [0:6] [1:257] [0:1] [58.549400000000006:8138.2624599999999]
tree_sizes=5158 5725 5833 5540 5574 5511 5744 5730 5597 5616 5634 5760 5796 5701 5612 5615 5691 5631 5798 5647 5796 5857 5694 5715 5750 5850 5830 5789 5781 5748 5929 5777 5846 5863 5933 5903 5941 5825 5932 5859 5883 5839 5862 5981 5977 5934 5934 5796 5855 5986 5886 5987 5953 5998 6003 5980 5901 5942 6006 5861 6001 5897 5992 5896 5881 6053 5997 5953 5976 5879 5961 5908 5893 5882 6032 5955 5931 5952 5962 5986 5984 5856 6011 5889 5929 5982 6002 5894 5958 5855 6018 5971 5897 5949

Tree=0
num_leaves=63
num_cat=15
split_feature=3 3 3 3 3 3 3 3 3 3 3 3 3 3 3 3 3 0 0 0 0 0 3 0 0 0 0 0 0 3 0 11 3 0 11 3 11 3 4 3 11 3 3 3 3 0 0 3 11 6 11 3 6 11 5 3 11 11 11 5 6 4
split_gain=9584.03 1722.09 1664.38 385.322 223.897 186.785 179.807 87.0491 44.685 34.0935 33.6507 27.4829 25.1152 24.6934 19.084 9.47567 7.93801 7.78487 7.58549 7.2646 6.91316 6.4502 6.33567 6.22174 5.914 4.95107 4.90689 4.76769 4.7251 3.70981 3.22852 2.71695 2.50536 2.30325 2.24594 2.1387 2.1245 2.09035 2.0094 1.95662 1.8694 1.83816 1.7938 1.76163 1.64011 1.59282 1.58564 1.49202 1.48133 1.4745 1.47005 1.33532 1.27202 1.2707 1.25974 1.19416 1.16819 1.15682 1.14027 0.977483 0.943071 0.830575
threshold=814.75000000000011 398.15000000000003 1487.8500000000001 185.55000000000004 585.75000000000011 2117.2500000000005 1066.7500000000002 287.85000000000008 113.00000000000001 1798.0500000000002 2602.4500000000003 1268.8500000000001 494.65000000000003 696.6500000000002 920.45000000000016 229.95000000000002 164.35000000000005 0 1 2 3 4 337.90000000000003 5 6 7 8 9 10 2999.6500000000005 11 3150.9532275000006 1146.7 12 1600.6398875000002 744.85000000000002 3612.8332035000008 1364.2500000000002 29238.500000000004 974.35000000000002 4140.1433150000003 452.45000000000005 437.45000000000005 1651.5500000000002 1146.7 13 14 531.1500000000002 2222.5407380000001 1.8608300000000002 1405.1039950000002 2324.8500000000008 1.8240550000000002 1366.5061775000001 1.1958350000000002 1377.4500000000003 4083.7623625000001 2047.2339755 715.06315000000018 1.0834750000000002 1.8424500000000001 28806.500000000004
decision_type=2 2 2 2 2 2 2 2 2 2 2 2 2 2 2 2 2 1 1 1 1 1 2 1 1 1 1 1 1 2 1 2 2 1 2 2 2 2 2 2 2 2 2 2 2 1 1 2 2 2 2 2 2 2 2 2 2 2 2 2 2 2
left_child=1 3 6 8 12 9 14 15 -1 19 27 20 28 23 21 46 -10 36 39 31 32 54 33 50 35 37 47 40 41 45 -24 -4 -8 -9 52 -15 -11 -13 -26 -16 -7 -3 -30 59 -22 -12 -5 -14 49 -20 -6 -29 -25 -28 -2 -27 -19 60 -17 -21 -23 -37
right_child=2 4 5 7 13 10 11 22 16 17 29 25 26 24 18 58 -18 56 48 43 44 57 30 34 38 55 53 51 42 -31 -32 -33 -34 -35 -36 61 -38 -39 -40 -41 -42 -43 -44 -45 -46 -47 -48 -49 -50 -51 -52 -53 -54 -55 -56 -57 -58 -59 -60 -61 -62 -63
leaf_value=7.471283804759862 7.5664216800137689 7.5379563859013095 7.5935217680932032 7.507271975820407 7.5536574176806894 7.6076333446121263 7.5791727197724574 7.5250157441789041 7.4909939658654574 7.6008540473812776 7.6191392643969955 7.5866267901803273 7.5446940407975518 7.5595088145093658 7.5717288499496318 7.5177196451501889 7.5033337531120798 7.608005739545324 7.5816367527970678 7.5971183174043624 7.5842158396717023 7.5753105795023794 7.5304315039833423 7.5616231823306315 7.5638290114636897 7.5919856859552244 7.5513096689508838 7.6141125127188181 7.541690847969357 7.6273551243232713 7.5360471208325004 7.5981671833448479 7.5831360068929072 7.5303719500426798 7.5660255654123576 7.5613737740401863 7.6054137732961369 7.5908644749539675 7.5681009257029261 7.5752950753316819 7.612475225938919 7.5421422657805497 7.5462822209189353 7.6040995695318498 7.5879325601855641 7.6238070106514249 7.5141019961752651 7.5486874697889617 7.5818460330828712 7.576820893913867 7.5577323912820145 7.6185601188793441 7.5575550488292631 7.5569004873198864 7.5697312686637064 7.5958605356152358 7.6116258317050915 7.5770249189560301 7.5254407519241884 7.6018571058924067 7.5713612173362517 7.5645892403175417
leaf_weight=273 782 774 512 366 993 345 683 618 420 394 711 554 450 594 603 862 280 751 213 254 528 199 710 311 430 473 784 630 423 402 533 1030 988 480 132 326 1347 685 774 1060 1130 551 604 577 757 496 305 692 369 640 315 459 577 133 458 447 587 155 107 324 618 572
leaf_count=273 782 774 512 366 993 345 683 618 420 394 711 554 450 594 603 862 280 751 213 254 528 199 710 311 430 473 784 630 423 402 533 1030 988 480 132 326 1347 685 774 1060 1130 551 604 577 757 496 305 692 369 640 315 459 577 133 458 447 587 155 107 324 618 572
internal_value=7.5721 7.54093 7.59435 7.51707 7.55347 7.60891 7.58017 7.52398 7.48884 7.60307 7.61697 7.58679 7.54525 7.56069 7.57352 7.51512 7.49582 7.60668 7.5762 7.59894 7.58365 7.57003 7.53021 7.55692 7.56395 7.59108 7.54931 7.61336 7.54171 7.6227 7.53281 7.59664 7.58152 7.52732 7.55987 7.56185 7.6044 7.58898 7.56657 7.574 7.61137 7.53967 7.54436 7.60198 7.58642 7.6211 7.51029 7.54709 7.57919 7.57803 7.55463 7.61603 7.55897 7.5521 7.56764 7.59389 7.60962 7.57308 7.51852 7.59982 7.57233 7.56341
internal_weight=34550 14389 20161 4954 9435 9949 10212 3981 973 5776 4173 5115 4411 5024 5097 1640 700 3079 2885 2697 2956 2212 2341 2328 2696 2159 2059 2564 2352 1609 1243 1542 1671 1098 1020 1492 1741 1239 1204 1663 1475 1325 1027 1155 1285 1207 671 1142 1222 853 1308 1089 888 917 1240 920 1338 972 969 578 817 898
internal_count=34550 14389 20161 4954 9435 9949 10212 3981 973 5776 4173 5115 4411 5024 5097 1640 700 3079 2885 2697 2956 2212 2341 2328 2696 2159 2059 2564 2352 1609 1243 1542 1671 1098 1020 1492 1741 1239 1204 1663 1475 1325 1027 1155 1285 1207 671 1142 1222 853 1308 1089 888 917 1240 920 1338 972 969 578 817 898
cat_boundaries=0 1 2 3 4 5 6 7 8 9 10 11 12 13 14 15
cat_threshold=1 1 1 1 1 1 1 1 1 1 1 1 1 1 1
is_linear=0
shrinkage=1


Tree=1
num_leaves=63
num_cat=1
split_feature=3 3 3 3 3 3 3 3 3 3 3 3 3 3 3 3 3 11 3 3 6 11 11 3 11 11 3 11 6 11 6 6 11 3 3 6 3 6 11 6 11 11 3 4 3 3 2 9 9 11 11 3 9 11 11 6 3 11 6 4 6 9
split_gain=8651.34 1555.29 1502.42 326.937 225.703 175.014 155.258 68.1893 40.3557 33.3256 30.476 26.9903 24.4209 22.4913 17.2261 8.56128 7.15932 5.14702 5.14129 4.43955 4.27133 4.08624 3.91859 3.91723 3.89961 3.88461 3.77016 3.62675 3.81088 2.85113 3.08412 2.85099 2.73256 2.64773 2.11183 2.08537 2.08421 1.95817 2.05274 1.94783 1.73536 1.59424 1.57937 1.54544 1.40384 1.23032 1.19313 1.15912 1.13416 1.12298 1.12009 1.11489 1.03485 1.82769 1.01849 1.01761 1.0125 0.969005 0.961019 0.921675 0.976736 0.882771
threshold=814.75000000000011 383.25000000000006 1475.5500000000002 185.55000000000004 578.55000000000007 2117.2500000000005 1066.7500000000002 287.85000000000008 113.00000000000001 1798.0500000000002 2556.0000000000005 458.55000000000007 696.6500000000002 1268.8500000000001 920.45000000000016 229.95000000000002 164.35000000000005 1501.640079 525.6500000000002 1567.6500000000003 1.8240550000000002 3638.2292995000003 4202.7335770000018 2999.6500000000005 869.86961650000012 2222.5407380000001 1146.7 1739.6099970000002 1.853245 1157.1081670000001 1.8000200000000002 2.2836000000000003 1061.3925525000002 1364.2500000000002 1000.6500000000002 1.7414650000000003 333.05000000000007 1.714485 1277.2553430000005 1.7908100000000002 4939.9119950000013 1366.5061775000001 739.25000000000011 28448.500000000004 1935.7000000000003 2283.2500000000005 0 98.500000000000014 62.500000000000007 987.64687050000009 1626.2840745000001 652.95000000000016 82.500000000000014 1992.3869480000001 715.06315000000018 1.8201400000000001 1678.0500000000002 584.91759000000013 1.9399250000000003 31199.500000000004 2.2969050000000002 84.500000000000014
decision_type=2 2 2 2 2 2 2 2 2 2 2 2 2 2 2 2 2 2 2 2 2 2 2 2 2 2 2 2 2 2 2 2 2 2 2 2 2 2 2 2 2 2 2 2 2 2 9 2 2 2 2 2 2 2 2 2 2 2 2 2 2 2
left_child=1 3 6 8 11 9 14 15 -1 19 22 32 17 26 31 -5 -10 20 29 -4 -6 -11 -7 40 36 34 48 28 -14 30 -13 39 35 -15 52 -3 -9 -20 -39 -2 -12 47 50 -21 -23 -24 -41 -22 -8 -37 -30 -49 53 -16 -17 -36 -45 -38 -54 -28 -61 -35
right_child=2 4 5 7 12 10 13 24 16 21 23 18 27 33 25 54 -18 -19 37 43 41 44 45 -25 -26 -27 59 -29 42 -31 -32 -33 -34 61 55 49 57 38 -40 46 -42 -43 -44 56 -46 -47 -48 51 -50 -51 -52 -53 58 -55 -56 -57 -58 -59 -60 60 -62 -63
leaf_value=-0.095830720119232687 0.0025741090189735846 -0.028272668547420339 0.02200945271551609 -0.058769801541763755 -0.010836248558301193 0.034670916756987573 0.0061046124017427247 -0.043267728489982255 -0.077097295523751663 0.028791978323731034 0.041920062125365504 -0.021684288545463323 -0.0041907740309798276 0.015833060283082189 -0.0025638251518413473 -0.051701414932390014 -0.065377105471555452 -0.0090952174075775681 -0.014828090524231946 0.024456655644251309 -0.020061941466161182 0.031767949992195399 0.038252386214803653 0.052462294438932439 -0.034710962392614043 0.0077937238933034605 0.011218967273120137 -0.0033115694916386004 -0.012180034222470876 -0.021020366719545481 -0.027885074662936556 0.0024289405648979042 -0.026053913081474745 0.017402508350213369 0.00994133668910753 -0.034101864006306881 -0.03512151686699836 -0.022667037474470728 -0.017259031461506355 -0.0045932767561809055 0.047318009043118545 -0.014675206446107448 -0.0083351373075608078 0.02595530206718237 0.034660480879291487 0.041380576008256204 -0.0018977394642253433 -0.017750812427451215 0.0096723488111268678 -0.029932492897162013 -0.0065537634040784406 -0.012748176922521941 0.0054303512625787208 0.0035478660431579644 -0.044384833480472924 0.0043388946961126903 0.029103223681449894 -0.040384633979036987 0.0018455183945690877 0.012992678815440523 0.018635626615065595 0.020664750773868812
leaf_weight=273 158 351 799 671 389 499 305 915 420 570 280 288 417 961 292 862 280 359 134 702 419 828 861 402 298 515 858 391 611 346 897 311 258 374 90 880 181 858 245 824 1060 650 1169 640 1681 1071 919 479 906 300 108 163 253 209 107 810 689 670 716 796 91 691
leaf_count=273 158 351 799 671 389 499 305 915 420 570 280 288 417 961 292 862 280 359 134 702 419 828 861 402 298 515 858 391 611 346 897 311 258 374 90 880 181 858 245 824 1060 650 1169 640 1681 1071 919 479 906 300 108 163 253 209 107 810 689 670 716 796 91 691
internal_value=-3.26028e-05 -0.0296476 0.0211042 -0.0533334 -0.0182369 0.0347505 0.00745171 -0.0465337 -0.0791443 0.0292037 0.0425959 -0.0263435 -0.011067 0.0137277 0.00131587 -0.0541774 -0.0725092 -0.0146712 -0.0232286 0.0252629 -0.0156196 0.0328165 0.0389264 0.0476915 -0.0404368 0.00386052 0.0109393 -0.0077755 -0.00853096 -0.0251969 -0.0263976 -0.00200324 -0.0311471 0.0177885 0.00300291 -0.0319879 -0.0413828 -0.0207742 -0.0214825 -0.00272923 0.0462222 -0.0167002 -0.00948685 0.0265313 0.0337189 0.040007 -0.00321117 -0.0179257 0.00877956 -0.0330681 -0.0113452 -0.0165025 0.00183304 -1.22488e-05 -0.0509401 0.00490955 0.0276079 -0.0393078 0.00278613 0.0124323 0.0135919 0.0195365
internal_weight=34550 14389 20161 4677 9712 10082 10079 3704 973 5909 4173 4557 5155 4982 5097 1640 700 2459 2768 2830 2100 3079 2431 1742 2064 2885 2956 2696 2305 1531 1185 2212 1789 2026 2370 1531 1766 1237 1103 1901 1340 1711 1888 2031 2509 1932 1743 1061 1211 1180 719 642 1470 501 969 900 1329 851 969 1745 887 1065
internal_count=34550 14389 20161 4677 9712 10082 10079 3704 973 5909 4173 4557 5155 4982 5097 1640 700 2459 2768 2830 2100 3079 2431 1742 2064 2885 2956 2696 2305 1531 1185 2212 1789 2026 2370 1531 1766 1237 1103 1901 1340 1711 1888 2031 2509 1932 1743 1061 1211 1180 719 642 1470 501 969 900 1329 851 969 1745 887 1065
cat_boundaries=0 2
cat_threshold=1959806117 2239791715
is_linear=0
shrinkage=0.05


Tree=2
num_leaves=63
num_cat=50
split_feature=6 6 1 2 2 1 6 1 2 2 9 6 2 1 2 5 0 0 2 2 1 2 2 1 0 0 1 2 1 1 2 1 6 1 0 6 6 2 1 2 1 1 2 1 1 9 2 1 0 2 1 1 6 1 1 0 7 2 1 2 1 1
split_gain=1501.61 1181.78 981.975 1966.36 408.519 248.741 152.922 143.457 598.45 115.741 111.943 96.3401 82.8597 66.5076 65.0132 49.9758 44.217 43.4555 43.2989 39.4623 84.8244 121.02 90.1155 64.6197 38.8307 36.7644 36.1954 33.679 33.1808 30.534 54.9741 52.1372 30.5108 29.4822 24.9131 25.391 24.5223 21.0941 20.7107 20.1934 52.8678 36.0344 19.0232 56.3872 34.8671 17.3241 16.6844 15.8027 15.2118 15.0231 136.103 13.8178 13.7454 12.8638 12.196 11.7338 11.3246 11.3149 19.2055 10.7949 10.6786 10.5534
threshold=2.4537700000000005 1.6150700000000002 0 1 2 3 2.7208800000000006 4 5 6 72.500000000000014 1.5064750000000002 7 8 9 1.0153550000000002 10 11 12 13 14 15 16 17 18 19 20 21 22 23 24 25 1.2845100000000003 26 27 2.9344000000000006 2.5373800000000006 28 29 30 31 32 33 34 35 83.500000000000014 36 37 38 39 40 41 2.5373800000000006 42 43 44 3.5000000000000004 45 46 47 48 49
decision_type=2 2 9 9 9 9 2 9 9 9 2 2 9 9 9 2 1 1 9 9 9 9 9 9 1 1 9 9 9 9 9 9 2 9 1 2 2 9 9 9 9 9 9 9 9 2 9 9 1 9 9 9 2 9 9 1 2 9 9 9 9 9
left_child=1 11 7 12 5 18 10 8 27 26 17 24 28 -7 -10 56 36 -2 53 20 21 -9 -22 37 -1 -17 -6 -3 -4 39 31 -31 -26 -14 -8 45 -12 -21 -24 40 -11 60 43 -28 59 -36 -16 -20 -15 50 -25 -42 -18 -5 -30 -51 -13 -32 -59 -44 -41 -61
right_child=6 2 3 4 9 13 34 19 14 29 16 15 33 48 46 25 52 -19 47 23 22 -23 38 49 32 -27 42 -29 54 30 57 -33 -34 -35 35 -37 -38 -39 -40 41 51 -43 44 -45 -46 -47 -48 -49 -50 55 -52 -53 -54 -55 -56 -57 -58 58 -60 61 -62 -63
leaf_value=-0.064139817370153909 -0.061373001041597333 -0.0040287394821469213 0.024923869861005109 -0.013311343776337079 0.00051922798065526276 -0.00029373090528554631 -0.072270177340466688 -0.013833286667742382 0.040161802553901893 0.019212495450240872 -0.0204517258387059 0.034303016912552622 0.022535881417245159 -0.016389992776757584 0.015546815941555006 -0.046813875267116153 -0.0056283748852456487 -0.034789360381740457 -0.027849398029915019 0.0011390947671607136 0.032062529534336213 0.043031061841325442 0.0076985862117128177 0.025305043805618679 -0.056587215242060757 -0.020523036055936247 0.0075569367446250424 -0.028431468307192034 -0.0010211189578080344 -0.028113152244977194 0.0025306625154045814 -0.0017309816709578268 -0.03381019682305262 0.035316505359044854 -0.052820589081918612 -0.061736304639094332 -0.044466242349769279 0.025386074809357524 -0.011601444495070001 0.0068570638131686696 0.00031309239279536574 0.021558700266934374 -0.01024716739345985 -0.014634390287898633 -0.0064481244834142084 -0.031886849284936222 0.028685395963779781 -0.03903459407303525 -0.0094118832156655525 0.0054849049392985023 -0.026733047757550438 -0.022095411284241136 -0.018086614283898513 -0.024935202795175901 0.013496325807841986 0.012403708917173684 -0.002302142524911063 0.018477110295083848 0.0033648836973026058 -0.035580645536939647 -0.011477848446699218 -0.018777587879134496
leaf_weight=285 231 239 702 528 959 1302 145 112 1786 229 224 30 758 2038 401 201 399 479 1146 114 266 546 242 234 230 399 464 395 214 215 637 1122 430 2452 182 248 207 749 300 252 126 616 199 719 723 233 1506 859 1275 1525 247 156 500 665 464 1027 66 456 413 221 103 359
leaf_count=285 231 239 702 528 959 1302 145 112 1786 229 224 30 758 2038 401 201 399 479 1146 114 266 546 242 234 230 399 464 395 214 215 637 1122 430 2452 182 248 207 749 300 252 126 616 199 719 723 233 1506 859 1275 1525 247 156 500 665 464 1027 66 456 413 221 103 359
internal_value=-3.15239e-05 0.00309318 0.00534919 -0.000887076 -0.00926661 -0.0173859 -0.0348025 0.0184421 0.0252516 -0.00129328 -0.0274869 -0.0382121 0.0278779 -0.00990368 0.0329621 -0.0240408 -0.0189056 -0.0435126 -0.0281125 0.0129066 0.0199647 0.0332837 0.00881687 0.010202 -0.0486129 -0.0293937 -0.00784601 -0.0194579 0.0172191 0.00423358 0.00118452 -0.00616823 -0.0418212 0.0323858 -0.0532157 -0.0489458 -0.0320616 0.0222378 -0.00300236 0.0100309 0.00184666 0.0142691 -0.0108237 -0.005941 -0.0145983 -0.0411723 0.0260277 -0.0328283 -0.0136669 0.00670946 -0.00141746 -0.0124472 -0.0125697 -0.0199593 0.00897098 0.00824072 0.00937268 0.00770955 0.0114267 -0.0219675 0.00135228 -0.0257232
internal_weight=34550 31702 30061 20372 15782 7813 2848 9689 4327 7969 2040 1641 4590 4615 3693 696 1330 710 3198 5362 1466 658 808 3896 945 600 3644 634 1380 4325 2843 1337 660 3210 808 663 431 863 542 1482 511 971 2685 1183 1502 415 1907 2005 3313 3033 481 282 899 1193 678 2552 96 1506 869 779 355 580
internal_count=34550 31702 30061 20372 15782 7813 2848 9689 4327 7969 2040 1641 4590 4615 3693 696 1330 710 3198 5362 1466 658 808 3896 945 600 3644 634 1380 4325 2843 1337 660 3210 808 663 431 863 542 1482 511 971 2685 1183 1502 415 1907 2005 3313 3033 481 282 899 1193 678 2552 96 1506 869 779 355 580
cat_boundaries=0 2 4 6 8 10 12 14 16 18 20 21 22 24 26 28 30 32 34 35 36 38 40 42 44 46 48 50 51 53 55 57 59 61 63 65 67 69 71 72 74 76 78 80 82 83 84 86 88 90 92
cat_threshold=2217214583 544571412 2621478 542408724 1901493512 310380521 1901228296 310379753 2149580832 541360132 2621494 542408708 42008704 3439986690 524294 16 134250496 28672 655380041 2492158465 1 1 541330432 8389376 69763635 542482452 67109441 65536 67142145 65536 67109377 4259840 524290 1048576 1 1 142901376 1158162466 22 262144 869551104 2223657473 1757446272 1224767776 201326656 86016 33555456 2215116800 1207992448 1090529322 1 134217732 1075841026 16 2097168 134250512 2105344 12582912 20512 1623195648 20512 65664 1224738816 38800384 2416070656 55733248 2416070657 98304 1075847184 1632649472 310378528 1 33557568 2215133184 20 2097168 1610612736 134217728 1884291328 301989984 134250624 1090529282 1 33281 51792896 2492071936 8388608 2 1619001344 32 50332672 268587008
is_linear=0
shrinkage=0.05


Tree=3
num_leaves=63
num_cat=15
split_feature=3 3 3 3 3 3 3 3 3 3 3 3 3 3 3 0 0 3 0 3 0 0 0 0 0 0 0 0 0 3 0 3 3 3 3 4 0 3 3 3 3 3 3 9 3 3 5 3 3 3 5 5 5 3 4 2 9 4 9 5 5 4
split_gain=7185.42 1316.97 1224.68 294.742 171.566 145.267 128.217 65.1478 35.7818 26.4927 26.48 19.6201 19.5042 18.2698 13.0894 6.94874 6.67422 6.55053 6.48014 6.30794 6.09751 5.45678 5.23068 5.10817 4.87657 4.3361 4.13611 4.13479 4.0693 2.67346 2.6284 2.08533 2.08282 1.97991 1.86308 1.76201 1.69415 1.59439 1.55097 1.45006 1.44813 1.44005 1.39927 1.32785 1.31237 1.30687 1.2794 1.26412 1.23392 1.15267 1.08137 1.05525 1.0166 0.972341 0.898841 0.890876 0.858431 0.779605 0.77951 0.741911 0.69118 0.680879
threshold=814.75000000000011 398.15000000000003 1475.5500000000002 185.55000000000004 585.75000000000011 2117.2500000000005 1057.8500000000001 287.85000000000008 113.00000000000001 2645.6500000000001 1798.0500000000002 1268.8500000000001 494.65000000000003 696.6500000000002 913.1500000000002 0 1 239.45000000000002 2 143.95000000000002 3 4 5 6 7 8 9 10 11 333.05000000000007 12 1637.8500000000001 1146.7 2283.2500000000005 337.90000000000003 29238.500000000004 13 773.55000000000007 1651.5500000000002 1146.7 437.45000000000005 974.35000000000002 452.45000000000005 75.500000000000014 1347.0000000000002 2324.8500000000008 1.1492700000000002 652.95000000000016 531.1500000000002 1935.7000000000003 1.2418650000000002 1.1462100000000002 1.0950950000000002 974.35000000000002 32825.500000000007 14 69.500000000000014 28448.500000000004 62.500000000000007 1.1958350000000002 1.0186700000000002 25302.500000000004
decision_type=2 2 2 2 2 2 2 2 2 2 2 2 2 2 2 1 1 2 1 2 1 1 1 1 1 1 1 1 1 2 1 2 2 2 2 2 1 2 2 2 2 2 2 2 2 2 2 2 2 2 2 2 2 2 2 9 2 2 2 2 2 2
left_child=1 3 6 8 12 10 14 17 -1 25 16 20 28 23 22 49 31 36 41 -10 32 29 50 47 37 33 48 44 42 -9 -11 -4 54 -7 -23 60 -5 51 52 -22 -30 -16 -3 -20 -13 -27 -25 -6 -14 -12 -2 -15 -18 -45 -8 -24 -29 -33 -17 -51 -26 -41
right_child=2 4 5 7 13 9 11 21 19 30 15 27 26 24 18 58 38 -19 43 -21 39 34 55 46 35 45 -28 56 40 -31 -32 57 -34 -35 -36 -37 -38 -39 -40 61 -42 -43 -44 53 -46 -47 -48 -49 -50 59 -52 -53 -54 -55 -56 -57 -58 -59 -60 -61 -62 -63
leaf_value=-0.088266628219263399 -0.0049725534259125251 -0.029750987500913685 0.018869935148335126 -0.055515423872311821 -0.016353185930606074 0.031661035978529754 0.0044244016975304506 -0.041646560344418715 -0.072844303041482913 0.042035863058508351 0.025732373893260958 0.012202121827743523 -0.023874854033775712 -0.011530361103790777 -0.00044823641702948237 0.029885927248283251 0.021527608161086516 -0.046145990117937151 0.003546317835076643 -0.061892383061921845 0.010572071352090321 -0.036023738012182491 -0.0011395108486371968 -0.011866229534277628 -0.0097626391367740799 0.036297639604604755 -0.017118213034370885 0.016247324773158687 -0.026309251618343146 -0.036587149772320963 0.046886049173120857 0.020301718985367763 0.0095034478499701949 0.035643532737845283 -0.031243863955754021 -0.0031230026526661071 -0.049591987063739823 -0.0065664402706408073 0.027834962731207943 0.011153444447504577 -0.022208548517020282 0.0025486392138925388 -0.026100590924961843 0.0053073180136264803 0.015724272918322183 0.040382868458188302 -0.0082366073258617282 -0.013068959370284017 -0.020267262432353324 0.027487142599412123 -0.0015247262149596982 -0.0081651873044567575 0.025964379488208962 0.0087176643426680727 0.0079082871945193641 0.0021040385297439574 0.019996241086954403 0.023849556558310878 0.033333158567399088 0.030772485639564792 -0.0055554404619012135 0.014828436265181081
leaf_weight=273 857 774 769 445 787 698 417 532 278 852 669 472 450 539 675 337 292 832 355 422 590 480 318 579 158 630 917 250 423 796 628 303 988 853 533 774 363 516 577 185 604 985 551 386 691 512 441 521 692 684 311 437 343 475 341 598 613 546 1001 388 272 572
leaf_count=273 857 774 769 445 787 698 417 532 278 852 669 472 450 539 675 337 292 832 355 422 590 480 318 579 158 630 917 250 423 796 628 303 988 853 533 774 363 516 577 185 604 985 551 386 691 512 441 521 692 684 311 437 343 475 341 598 613 546 1001 388 272 572
internal_value=-2.99343e-05 -0.0270195 0.019233 -0.0478929 -0.0160557 0.0315536 0.00690686 -0.0418433 -0.0725761 0.0387012 0.0265002 0.0124572 -0.0232509 -0.00973495 0.00117724 0.0297212 0.0229867 -0.0495131 0.00336322 -0.0663396 0.00994579 -0.0364514 -0.00183967 -0.0129804 -0.00692874 0.0357056 -0.0196734 0.0162844 -0.0263731 -0.0386438 0.0441242 0.0208445 0.0079868 0.0338728 -0.0335421 -0.00455537 -0.0529189 -0.00883965 0.0258268 0.0124772 -0.0239215 0.00133049 -0.0282538 0.00613478 0.0143065 0.0381629 -0.0103066 -0.015056 -0.0217085 0.0275774 -0.0040566 -0.0100335 0.0239612 0.00719668 0.00600004 0.000988506 0.0189303 0.0226087 0.0324879 0.0287038 -0.00712041 0.0139462
internal_weight=34550 14389 20161 4954 9435 10082 10079 3981 973 4173 5909 5119 4411 5024 4960 3079 2830 1640 2876 700 3093 2341 2084 2328 2696 2693 2059 2026 2352 1328 1480 1618 1746 1551 1013 1204 808 1492 1212 1347 1027 1660 1325 1216 1163 1142 1020 1308 1142 1741 1168 976 635 861 758 916 863 849 1338 1072 430 757
internal_count=34550 14389 20161 4954 9435 10082 10079 3981 973 4173 5909 5119 4411 5024 4960 3079 2830 1640 2876 700 3093 2341 2084 2328 2696 2693 2059 2026 2352 1328 1480 1618 1746 1551 1013 1204 808 1492 1212 1347 1027 1660 1325 1216 1163 1142 1020 1308 1142 1741 1168 976 635 861 758 916 863 849 1338 1072 430 757
cat_boundaries=0 1 2 3 4 5 6 7 8 9 10 11 12 13 14 16
cat_threshold=1 1 1 1 1 1 1 1 1 1 1 1 1 1 1452409921 361283712
is_linear=0
shrinkage=0.05


Tree=4
num_leaves=63
num_cat=13
split_feature=3 3 3 3 3 3 3 3 3 11 3 3 3 3 3 0 3 3 0 0 0 0 0 0 0 0 0 0 0 11 3 11 3 11 11 3 3 4 3 0 3 3 3 11 3 11 6 3 11 11 11 5 3 11 6 3 6 3 3 5 9 6
split_gain=6486.13 1188.87 1105.45 266.145 154.861 131.117 115.769 58.8102 32.3137 25.3534 22.5657 17.6066 16.6126 16.4898 12.8716 5.99988 5.9769 5.90918 5.706 5.38165 5.22919 4.92382 4.6104 4.40134 3.8571 3.79019 3.73459 3.7332 3.67201 3.54212 3.29613 2.63149 2.41469 1.94135 1.75167 1.6895 1.6821 1.59154 1.54965 1.47082 1.45439 1.31132 1.30788 1.22212 1.18429 1.18108 1.37705 1.17199 1.1597 1.14584 1.13871 1.12065 1.1184 1.08201 1.04758 1.03709 1.03149 0.983031 0.970701 0.947258 0.887499 0.850855
threshold=814.75000000000011 398.15000000000003 1475.5500000000002 185.55000000000004 585.75000000000011 2132.5000000000005 1066.7500000000002 287.85000000000008 113.00000000000001 3612.8332035000008 2645.6500000000001 494.65000000000003 1268.8500000000001 696.6500000000002 927.35000000000002 0 229.95000000000002 164.35000000000005 1 2 3 4 5 6 7 8 9 10 11 3150.9532275000006 1829.7500000000002 5137.623195000001 333.05000000000007 1600.6398875000002 3991.7598750000006 1157.2500000000002 337.90000000000003 29238.500000000004 2352.3500000000004 12 744.85000000000002 437.45000000000005 437.45000000000005 2666.1939210000005 1347.0000000000002 715.06315000000018 1.5340900000000002 988.75000000000011 2418.9036735000004 1429.4512270000002 1366.5061775000001 1.1958350000000002 536.45000000000016 2076.4084510000007 1.8240550000000002 2999.6500000000005 1.9369850000000002 2381.2000000000003 1531.5500000000002 1.1958350000000002 52.500000000000007 1.7528050000000002
decision_type=2 2 2 2 2 2 2 2 2 2 2 2 2 2 2 1 2 2 1 1 1 1 1 1 1 1 1 1 1 2 2 2 2 2 2 2 2 2 2 1 2 2 2 2 2 2 2 2 2 2 2 2 2 2 2 2 2 2 2 2 2 2
left_child=1 3 6 8 11 9 14 16 -1 24 25 28 19 22 20 30 39 -10 47 35 51 32 49 40 56 38 52 44 41 -26 -11 -12 -9 54 -17 -8 -23 -25 -7 -5 -15 -3 -30 59 -14 46 -18 -16 60 -6 61 -2 -13 -22 -24 -33 -4 -27 -31 -21 -20 -28
right_child=2 4 5 7 13 10 12 21 17 15 31 26 27 23 18 34 45 -19 48 43 53 36 33 37 29 57 50 -29 42 58 -32 55 -34 -35 -36 -37 -38 -39 -40 -41 -42 -43 -44 -45 -46 -47 -48 -49 -50 -51 -52 -53 -54 -55 -56 -57 -58 -59 -60 -61 -62 -63
leaf_value=-0.083869403372280965 -0.0046888606782603086 -0.028902247501622649 0.028280945301311724 -0.053606716171922086 -0.014990424898019584 0.030774125256415069 0.005948870146740259 -0.039568139240844617 -0.0671635787447388 0.021940161024148648 0.037243586798119392 -0.022454814788681859 0.011593305688138746 -0.010329014557499846 9.8265612735583119e-05 0.028593673979110543 -0.03974240394774825 -0.056618173708774658 0.002900498342182067 0.010199064506858369 0.00055722231435130748 -0.034226295864693591 -0.0082371999400679789 -0.0067661624712867631 0.017773055944706545 0.035016727203308326 -0.014274843016253978 0.017985872858790337 -0.024996891584387931 0.017600088578183206 0.027380107247963886 0.041689276095593766 -0.034760087403180165 -0.0040932438516625225 0.032259584950799704 0.0091620594081560786 -0.029684596335731644 -0.0029670539810847975 0.034463609219754783 -0.047479994522005908 -0.0071115308577449667 -0.025373890008920291 -0.021099956577474422 0.015447424831134933 0.014939195484009094 -0.037917510144136572 -0.046220976210315713 0.0028280336614929448 0.01173189349886444 -0.010932231583529049 -0.011792335203334468 -0.0016467553632634306 -0.019083255723095018 0.0053278517854964211 -0.011909067930466782 0.045811797644345814 0.023459406735771945 0.038926196953122938 0.022599482647317797 0.013451614615008784 0.0065082375165746945 -0.018118615533201706
leaf_weight=273 823 544 232 366 1084 869 760 532 420 389 305 516 472 594 696 751 159 280 216 710 900 480 311 430 713 687 231 863 423 127 1329 783 796 132 832 911 533 774 617 305 898 781 604 223 691 107 703 903 89 224 133 481 626 136 577 392 342 386 1328 352 853 553
leaf_count=273 823 544 232 366 1084 869 760 532 420 389 305 516 472 594 696 751 159 280 216 710 900 480 311 430 713 687 231 863 423 127 1329 783 796 132 832 911 533 774 617 305 898 781 604 223 691 107 703 903 89 224 133 481 626 136 577 392 342 386 1328 352 853 553
internal_value=-2.86037e-05 -0.0256712 0.018273 -0.0455035 -0.0152543 0.0299785 0.00656224 -0.0397549 -0.0689587 0.0253078 0.0369586 -0.0220903 0.0119816 -0.00924914 0.00126382 0.0282698 -0.047042 -0.0630322 0.00357808 0.00958507 -0.00146321 -0.034632 -0.0123324 -0.00658313 0.021733 0.0340734 -0.0186913 0.0154718 -0.0250566 0.0207365 0.0261618 0.041921 -0.0367145 -0.00979221 0.0305396 0.00770508 -0.0318683 -0.00432837 0.0323282 -0.0508966 -0.00839855 -0.0268432 -0.0227278 0.0120219 0.0135924 -0.0443231 -0.0450734 0.00164065 0.00624962 -0.0143043 -0.0162632 -0.00356886 -0.020625 0.00118802 -0.0106338 0.0431024 0.025454 0.0364581 0.0221755 0.0112888 0.00578266 -0.0170057
internal_weight=34550 14389 20161 4954 9435 10082 10079 3981 973 6043 4039 4411 4982 5024 5097 3301 1640 700 2757 2956 2340 2341 2328 2696 2742 2559 2059 2026 2352 2168 1718 1480 1328 1020 1583 1671 1013 1204 1486 671 1492 1325 1027 1285 1163 969 862 1599 1158 1308 917 1304 1142 1036 888 1175 574 1073 1455 1062 1069 784
internal_count=34550 14389 20161 4954 9435 10082 10079 3981 973 6043 4039 4411 4982 5024 5097 3301 1640 700 2757 2956 2340 2341 2328 2696 2742 2559 2059 2026 2352 2168 1718 1480 1328 1020 1583 1671 1013 1204 1486 671 1492 1325 1027 1285 1163 969 862 1599 1158 1308 917 1304 1142 1036 888 1175 574 1073 1455 1062 1069 784
cat_boundaries=0 1 2 3 4 5 6 7 8 9 10 11 12 13
cat_threshold=1 1 1 1 1 1 1 4 1 1 1 1 1
is_linear=0
shrinkage=0.05


Tree=5
num_leaves=63
num_cat=17
split_feature=3 3 3 3 3 3 3 3 3 3 3 3 3 3 3 0 0 0 0 3 0 3 0 3 0 0 0 0 0 3 0 0 6 3 3 4 3 0 3 5 3 2 9 3 3 3 6 3 0 3 1 3 3 5 9 4 3 4 3 5 3 6
split_gain=5823.01 1075.07 992.423 243.506 140.1 111.823 111.359 44.4318 36.6948 22.9619 18.4722 17.9536 17.9147 12.8485 10.3013 5.86767 5.5099 4.98582 4.41028 4.27642 4.26405 4.17467 4.08622 4.01598 3.98983 3.96955 3.28583 3.25118 2.87794 2.81546 2.3576 2.21956 2.03091 1.9222 1.81009 1.6528 1.58595 1.42322 1.33091 1.32919 1.3023 1.2228 1.21844 1.18665 1.1444 1.13872 1.08229 1.07272 1.02867 1.0027 0.944736 0.913865 0.885113 0.859639 0.858559 0.839877 0.802661 0.800018 0.784518 0.753047 0.745809 0.723164
threshold=814.75000000000011 398.15000000000003 1487.8500000000001 193.95000000000002 571.60000000000014 1057.8500000000001 2151.3500000000004 287.85000000000008 129.15000000000001 1813.3000000000004 678.40000000000009 1246.0500000000002 2645.6500000000001 475.05000000000007 920.45000000000016 0 1 2 3 88.15000000000002 4 350.55000000000007 5 239.45000000000002 6 7 8 9 10 164.35000000000005 11 12 2.5717900000000005 744.85000000000002 1637.8500000000001 31798.500000000004 1377.4500000000003 13 525.6500000000002 1.0834750000000002 1146.7 14 64.500000000000014 1651.5500000000002 2352.3500000000004 1146.7 1.9312950000000002 1991.9500000000003 15 974.35000000000002 16 1318.2 627.05000000000007 1.0762650000000002 118.50000000000001 23243.000000000004 2999.6500000000005 32750.500000000004 437.45000000000005 1.2084450000000002 612.1500000000002 2.2969050000000002
decision_type=2 2 2 2 2 2 2 2 2 2 2 2 2 2 2 1 1 1 1 2 1 2 1 2 1 1 1 1 1 2 1 1 2 2 2 2 2 1 2 2 2 9 2 2 2 2 2 2 1 2 9 2 2 2 2 2 2 2 2 2 2 2
left_child=1 3 5 8 13 14 9 23 19 15 18 22 27 28 25 34 47 41 52 -1 33 30 40 48 36 50 38 44 58 -10 -9 56 60 59 -4 39 46 -23 -15 -22 -7 57 -26 -17 -8 -24 -13 -11 -5 -19 54 -44 -6 -28 -2 -47 -14 -16 -3 -12 -20 -27
right_child=2 4 6 7 10 11 12 21 29 16 20 24 31 26 17 43 -18 49 32 -21 35 37 45 -25 42 61 53 -29 -30 -31 -32 -33 -34 -35 -36 -37 -38 -39 -40 -41 -42 -43 51 -45 -46 55 -48 -49 -50 -51 -52 -53 -54 -55 -56 -57 -58 -59 -60 -61 -62 -63
leaf_value=-0.084507427380440092 -0.0071748426515429358 -0.0276562905300567 0.017103479076546243 -0.049286843337700705 -0.015882913064106507 0.0055351687744238896 0.029443088527134662 -0.036841609005434109 -0.061194351993422207 0.02402470921076651 -0.011144248689455329 0.007816747974425076 0.03650433042458575 -0.022227402179691921 -0.0016554530029327819 0.021908868113165246 0.029688466511429829 0.0037870281489960586 -0.012484613543818773 -0.071260472827701163 -0.0085773219495148979 -0.026564590902730764 0.009290067374358996 -0.041417937679274694 0.013839578222650202 8.969554329782337e-05 -0.0181604488709417 0.034862920584586947 -0.022088272978493344 -0.053331882467493423 -0.032219972908996898 0.042278837298716954 -0.001222173786825604 -0.006662628354286171 0.02060542566840045 -0.0027764832552228834 0.014682544767856598 -0.031514591893748098 -0.018729637221843485 -0.0041615914335085364 0.0084122551976359202 0.0025123711359618613 0.01534637435158687 0.025279320724924705 0.032779069654396829 0.0081499749634947102 0.012303715663086591 0.026740889636042355 -0.043944670708534223 0.0068332456284402225 -0.0020497014400145236 0.019167258820674396 -0.013123427392460231 -0.014988986835923307 -0.003258958984938545 0.013219032347678468 0.041085736972412898 0.00166097787204113 -0.024534964829902441 -0.0078945634080980053 -0.009427507639518995 0.0033077457631576317
leaf_weight=140 253 540 705 399 637 753 792 752 282 893 535 186 605 602 433 582 1414 466 340 278 325 242 589 796 267 715 450 1013 861 399 595 614 62 911 915 684 624 735 621 365 848 843 267 664 603 104 566 909 288 659 684 533 634 515 319 531 223 312 543 288 556 230
leaf_count=140 253 540 705 399 637 753 792 752 282 893 535 186 605 602 433 582 1414 466 340 278 325 242 589 796 267 715 450 1013 861 399 595 614 62 911 915 684 624 735 621 365 848 843 267 664 603 104 566 909 288 659 684 533 634 515 319 531 223 312 543 288 556 230
internal_value=-2.87905e-06 -0.0243043 0.0173651 -0.0432989 -0.0144595 0.00639503 0.0286096 -0.0372951 -0.0640436 0.0243884 -0.00910537 0.011455 0.0352699 -0.0213711 0.00096927 0.0211138 0.0272992 0.00303075 -0.0125794 -0.0758884 -0.00661062 -0.032944 0.00873494 -0.0440868 0.0145956 -0.00157198 -0.0187198 0.0325853 -0.024344 -0.0566727 -0.0348255 0.0397272 -0.00999517 -0.00826004 0.0190929 -0.00452454 0.012792 -0.0303169 -0.0204681 -0.00625087 0.00706337 0.00122529 0.0169074 0.0237238 0.0309075 0.0109138 0.0112058 0.0254089 -0.0471145 0.00557592 -0.00341274 0.0179128 -0.0145178 -0.0164852 -0.00491471 0.0124029 0.0377863 -0.000262673 -0.0261154 -0.010018 -0.0106002 0.000875593
internal_weight=34489 14375 20114 4906 9469 10182 9932 3807 1099 6082 5337 5268 3850 4132 4914 2866 3216 2713 2229 418 3108 2324 2825 1483 2443 2201 2188 2408 1944 681 1347 1442 958 1734 1620 1374 1376 977 1223 690 1601 1588 1067 1246 1395 1224 752 1802 687 1125 1256 800 1271 965 572 635 828 745 1083 823 896 945
internal_count=34489 14375 20114 4906 9469 10182 9932 3807 1099 6082 5337 5268 3850 4132 4914 2866 3216 2713 2229 418 3108 2324 2825 1483 2443 2201 2188 2408 1944 681 1347 1442 958 1734 1620 1374 1376 977 1223 690 1601 1588 1067 1246 1395 1224 752 1802 687 1125 1256 800 1271 965 572 635 828 745 1083 823 896 945
cat_boundaries=0 1 2 3 4 5 6 7 8 9 10 11 12 13 14 16 17 19
cat_threshold=1 1 1 1 1 1 1 1 1 1 1 1 1 4 1171674057 134830368 1 72505665 2651460193
is_linear=0
shrinkage=0.05


Tree=6
num_leaves=63
num_cat=1
split_feature=3 3 3 3 3 3 3 3 3 11 3 3 3 3 3 3 3 3 11 11 6 11 3 11 6 3 11 11 3 11 11 6 6 11 6 3 3 6 9 5 9 11 6 11 11 2 5 11 11 9 11 3 3 11 3 11 6 11 6 9 6 11
split_gain=5256.33 970.618 895.768 205.783 141.913 100.943 100.61 34.6545 33.1551 20.1847 17.2301 16.6741 16.296 15.6267 9.30278 4.81616 3.87463 3.55075 3.54171 3.27226 3.46906 3.18599 3.12257 2.9538 4.21042 2.92023 2.6787 2.57428 2.5447 2.32744 2.2182 2.19891 1.95406 1.92805 1.75313 1.6316 1.60538 1.54392 1.53626 1.50957 1.4896 1.48111 1.45309 1.33787 1.31419 1.3133 1.29799 1.23916 1.2169 1.19787 1.09686 1.09617 1.07096 1.47391 1.05916 1.01129 1.10664 0.901614 0.883406 0.88322 0.851847 0.798236
threshold=814.75000000000011 383.25000000000006 1487.8500000000001 193.95000000000002 571.60000000000014 1057.8500000000001 2132.5000000000005 273.15000000000003 129.15000000000001 3694.4443900000006 2645.6500000000001 678.40000000000009 1221.3500000000001 458.55000000000007 920.45000000000016 314.05000000000007 88.15000000000002 1347.0000000000002 4202.7335770000018 1716.7337040000004 1.8850650000000002 1600.6398875000002 1692.8000000000004 1250.9161045000003 1.8240550000000002 1860.0500000000004 2203.6157720000006 5137.623195000001 164.35000000000005 1061.3925525000002 908.97908250000012 1.8240550000000002 2.2836000000000003 1429.4512270000002 1.7528050000000002 219.35000000000005 739.25000000000011 1.5809450000000003 83.500000000000014 1.1807350000000001 82.500000000000014 2643.1870020000001 1.96357 2005.936144 1132.6132800000003 0 1.0364250000000002 1562.6194880000003 3150.9532275000006 61.500000000000007 2977.7966100000008 514.85000000000002 2381.2000000000003 4532.4828560000014 525.6500000000002 830.35675900000012 1.5064750000000002 2325.4203820000002 2.2027150000000004 62.500000000000007 1.8608300000000002 987.64687050000009
decision_type=2 2 2 2 2 2 2 2 2 2 2 2 2 2 2 2 2 2 2 2 2 2 2 2 2 2 2 2 2 2 2 2 2 2 2 2 2 2 2 2 2 2 2 2 2 9 2 2 2 2 2 2 2 2 2 2 2 2 2 2 2 2
left_child=1 3 5 8 13 14 9 35 16 22 18 21 41 29 32 55 -1 59 -8 20 -13 31 46 24 54 -11 40 -12 -10 34 37 -6 45 -33 -3 -5 47 -17 50 -24 43 49 -42 -16 51 -2 48 -22 -4 57 -19 -26 58 -54 -15 56 -9 -7 -20 -14 -47 -36
right_child=2 4 6 7 11 12 10 15 28 25 27 19 17 23 26 30 -18 38 52 -21 36 -23 39 -25 44 -27 -28 -29 -30 -31 -32 33 -34 -35 61 -37 -38 -39 -40 -41 42 -43 -44 -45 -46 60 -48 -49 -50 -51 -52 -53 53 -55 -56 -57 -58 -59 -60 -61 -62 -63
leaf_value=-0.080312024342252861 -0.0034687839864350929 -0.021897794981358461 0.014782123049484433 -0.046007011883764298 -0.0087382411771798393 0.0038823124913560762 0.026536270328335932 -0.030747163010140261 -0.05814544556155643 0.023064472008379779 0.033143790306260926 -0.0035675341589041102 0.0093917834769878823 -0.01688156463766852 -0.0014621774601998169 -0.026586533040622546 -0.06771022043454604 0.011532255994946991 0.03161643499286914 -0.0026753397280228162 -0.010506116961175191 -0.0024256177279058586 0.020927571293079494 -0.014094079420247192 -0.022690411083798375 0.026928733979295568 0.0061347216691778244 0.038908501110489879 -0.050671955176891062 -0.019926493447543922 -0.024820756356744373 -0.013936621838233867 0.0023628149005149694 -0.0098929653682595931 -0.026999634026803755 -0.041329646880381661 -0.0065913101767158967 -0.032121119359787953 0.016523874039242489 0.024998238369264247 0.0052144191154230961 0.012059143486394718 0.0018960944706094404 0.0028533007121044011 -0.018243612092957755 0.0023495213304995559 0.019835595991025912 -0.0064318082199014475 0.019313637935159153 0.0081594846538589425 0.017526229857825315 -0.019189781315332197 0.028233495769621454 0.034313448812398645 -0.012161057936778002 -0.026481412177862124 -0.037091291147451966 0.0080683846169939417 0.02815018710951326 0.012400086811666405 -0.0014788027384916025 -0.023467058667414626
leaf_weight=140 885 361 361 407 364 348 443 119 282 701 297 572 334 331 440 182 278 364 848 525 725 85 989 376 654 2234 512 1145 399 275 168 1390 285 390 879 803 1026 1164 903 346 505 195 954 302 610 174 1023 260 292 1670 103 432 157 719 210 42 643 207 377 1144 857 283
leaf_count=140 885 361 361 407 364 348 443 119 282 701 297 572 334 331 440 182 278 364 848 525 725 85 989 376 654 2234 512 1145 399 275 168 1390 285 390 879 803 1026 1164 903 346 505 195 954 302 610 174 1023 260 292 1670 103 432 157 719 210 42 643 207 377 1144 857 283
internal_value=-3.10489e-06 -0.0230918 0.0164982 -0.041948 -0.0141381 0.00607595 0.027181 -0.0360431 -0.0608537 0.0230522 0.0333328 -0.00865097 0.0108835 -0.0207737 0.000920894 -0.0324262 -0.0721125 0.0134482 0.030818 -0.00628075 -0.00701224 -0.0119516 0.0201575 -0.0182871 -0.0189852 0.026014 0.00287992 0.037745 -0.0538474 -0.0243752 -0.0306806 -0.0123279 -0.00149406 -0.0130567 -0.0251649 -0.0429396 -0.00798977 -0.0313931 0.0152951 0.0220005 0.00212034 0.0078609 0.00304744 0.000295733 -0.0202229 -0.00206869 0.0186772 -0.00943828 0.0168349 0.00748771 0.0128889 -0.0213168 0.0317078 0.0332572 -0.015075 -0.035671 -0.0361421 0.00545531 0.0305735 0.0117271 -0.000823077 -0.0261602
internal_weight=34489 14375 20114 4627 9748 10182 9932 3528 1099 5946 3986 5337 5268 4411 4914 2318 418 2848 2544 3108 2583 2229 3011 2613 2237 2935 2713 1442 681 1798 1514 2144 2201 1780 1523 1210 2011 1346 1370 1335 2201 2420 1459 742 1696 1916 1676 985 653 2225 467 1086 2101 876 541 804 762 555 1225 1478 1031 1162
internal_count=34489 14375 20114 4627 9748 10182 9932 3528 1099 5946 3986 5337 5268 4411 4914 2318 418 2848 2544 3108 2583 2229 3011 2613 2237 2935 2713 1442 681 1798 1514 2144 2201 1780 1523 1210 2011 1346 1370 1335 2201 2420 1459 742 1696 1916 1676 985 653 2225 467 1086 2101 876 541 804 762 555 1225 1478 1031 1162
cat_boundaries=0 2
cat_threshold=1691501697 2273874563
is_linear=0
shrinkage=0.05


Tree=7
num_leaves=63
num_cat=2
split_feature=3 3 3 3 3 3 3 3 3 11 3 3 3 3 3 11 3 11 3 11 3 6 3 3 6 11 6 11 6 6 6 11 11 3 6 6 3 3 11 11 9 2 4 9 9 6 3 11 4 3 11 4 3 9 11 5 6 1 6 3 9 6
split_gain=4744.8 876.833 808.637 198.66 114.147 94.2172 87.5697 35.8215 30.5021 18.6041 16.4674 14.5707 13.9495 11.5305 7.65012 4.00082 3.51056 3.5084 3.48609 3.34287 3.05089 2.85937 2.85538 2.5341 2.52631 2.49426 3.41984 2.31921 2.26076 2.63063 2.20203 2.19239 2.18012 2.14303 1.87676 1.75345 1.66336 1.43828 1.43558 1.25029 1.1914 1.18481 1.171 1.16371 1.14445 1.38399 1.12945 1.35389 1.09379 0.975989 0.974695 0.939592 0.84291 0.819234 0.779012 0.758484 1.1561 0.752691 0.748453 0.742128 0.735254 0.730074
threshold=814.75000000000011 398.15000000000003 1475.5500000000002 201.55000000000004 578.55000000000007 2117.2500000000005 1050.4500000000003 129.15000000000001 287.85000000000008 3638.2292995000003 2645.6500000000001 1221.3500000000001 709.25000000000011 475.05000000000007 904.45000000000016 869.86961650000012 88.15000000000002 1562.6194880000003 164.35000000000005 4202.7335770000018 1845.5000000000002 1.8850650000000002 1318.2 1651.5500000000002 2.2791250000000001 1263.3667750000002 1.8240550000000002 5137.623195000001 2.2453450000000004 1.853245 1.5809450000000003 1108.8459945000004 1366.5061775000001 248.40000000000003 1.7287650000000003 2.2836000000000003 350.55000000000007 974.35000000000002 2574.5139400000003 616.12715800000012 61.500000000000007 0 33433.500000000007 91.500000000000014 69.500000000000014 2.0061050000000002 2352.3500000000004 4572.2751120000012 31114.500000000004 1107.4500000000003 771.74469000000011 29067.500000000004 2999.6500000000005 62.500000000000007 1011.7521765 1.0219850000000001 1.8496350000000004 1 2.2027150000000004 525.6500000000002 239.50000000000003 1.5340900000000002
decision_type=2 2 2 2 2 2 2 2 2 2 2 2 2 2 2 2 2 2 2 2 2 2 2 2 2 2 2 2 2 2 2 2 2 2 2 2 2 2 2 2 2 9 2 2 2 2 2 2 2 2 2 2 2 2 2 2 2 9 2 2 2 2
left_child=1 3 6 7 13 9 14 16 33 23 19 38 17 31 35 30 -1 21 -9 -7 51 -6 53 44 37 26 -15 -12 29 -14 -10 34 -23 39 -3 41 50 -16 40 -5 -8 -2 -24 -25 45 -4 58 -48 -31 -42 -32 -11 -29 -13 -36 -39 -57 -43 -21 -28 -45 -35
right_child=2 4 5 8 12 10 11 18 15 20 27 22 28 25 24 -17 -18 -19 -20 46 -22 32 42 43 -26 -27 59 52 -30 48 36 -33 -34 61 54 -37 -38 55 -40 -41 49 57 -44 60 -46 -47 47 -49 -50 -51 -52 -53 -54 -55 -56 56 -58 -59 -60 -61 -62 -63
leaf_value=-0.076324902971585604 -0.0036709508214703363 -0.019002184720227012 0.012723490411585029 -0.042544134288127054 -0.0079987661567197648 0.025215941704198965 0.0048860042305651089 -0.055248446682305156 -0.026501391476295034 0.018994869942062738 0.031492161950809047 0.0083109623564905297 -0.0021381679071664976 -0.013625798311664354 0.00061347744306660063 -0.025061858037527463 -0.064336843350668541 -0.0052531072473281934 -0.04745274836574917 0.029821704851166426 0.025314092529394358 -0.013705206161008399 0.012905668800663765 0.018759979431169103 0.0065233687830119728 -0.012813780479358905 -0.019775743693152187 0.035698187319979285 -0.0021037997170468377 -0.0081582748197923573 -0.034075691866636615 -0.017371198315654073 -0.010280256537328846 -0.032075390284476077 -0.024296149343860395 0.0021201501027966374 -0.02912175538813884 0.0013242670864071573 0.010494588458624025 -0.03541669006410398 0.0060983149771569826 0.0026086213733151455 0.015838145900909841 0.022454178217918643 0.018113724241311861 0.019339420504806457 0.027411306428688543 0.032490629888597036 -0.005534738844876568 0.0085810925634106621 -0.030113997878818168 0.022971880108616841 0.039385191824597619 0.011510803482893819 -0.021320454181745802 0.0090182057428221732 0.0032084829333648467 -0.0015586690781505003 0.026598529447619035 -0.017348912558601392 0.017295767101320889 -0.037867439957933693
leaf_weight=140 799 323 274 579 580 487 555 282 304 282 297 272 357 468 1225 410 278 289 532 808 2303 976 903 753 325 362 766 762 452 831 700 247 931 114 979 259 582 447 324 113 681 117 607 619 1015 120 215 785 785 997 328 477 383 936 395 96 763 746 382 728 100 544
leaf_count=140 799 323 274 579 580 487 555 282 304 282 297 272 357 468 1225 410 278 289 532 808 2303 976 903 753 325 362 766 762 452 831 700 247 931 114 979 259 582 447 324 113 681 117 607 619 1015 120 215 785 785 997 328 477 383 936 395 96 763 746 382 728 100 544
internal_value=-3.43141e-06 -0.0219399 0.0156744 -0.0390941 -0.0130489 0.025694 0.00564319 -0.0564797 -0.0332505 0.0216581 0.0315105 0.0100836 -0.0080735 -0.0191087 0.000738765 -0.0297445 -0.0685246 -0.010494 -0.0502179 0.0291549 0.0243813 -0.0111007 0.0126336 0.0187564 0.00237944 -0.0167128 -0.0174253 0.0358602 -0.00529945 -0.00603012 -0.0307339 -0.0219629 -0.0120394 -0.0392595 -0.0226206 -0.00170044 -0.0315162 0.00184496 0.00736917 -0.041433 0.00691119 -0.00229674 0.0140942 0.02024 0.0171933 0.0147824 0.0300189 0.0314271 -0.00688806 0.00757771 -0.0328421 0.0215212 0.0369648 0.0107978 -0.0234568 0.00299871 0.0038675 -0.000967974 0.0288102 -0.0186056 0.0217618 -0.0369141
internal_weight=34489 14375 20114 4906 9469 10062 10052 1232 3674 5943 4119 5275 5201 4268 4777 2324 418 2776 814 2677 3062 2487 2718 2881 2856 2324 1962 1442 2425 1973 1914 1944 1907 1350 1697 1921 1610 2531 2557 692 2233 1662 1510 1472 1409 394 2190 1000 1616 1678 1028 759 1145 1208 1374 1306 859 863 1190 1494 719 658
internal_count=34489 14375 20114 4906 9469 10062 10052 1232 3674 5943 4119 5275 5201 4268 4777 2324 418 2776 814 2677 3062 2487 2718 2881 2856 2324 1962 1442 2425 1973 1914 1944 1907 1350 1697 1921 1610 2531 2557 692 2233 1662 1510 1472 1409 394 2190 1000 1616 1678 1028 759 1145 1208 1374 1306 859 863 1190 1494 719 658
cat_boundaries=0 2 4
cat_threshold=1691533441 2542310145 180248 75497600
is_linear=0
shrinkage=0.05


Tree=8
num_leaves=63
num_cat=18
split_feature=3 3 3 3 11 3 3 3 3 3 3 3 3 3 3 0 3 0 0 0 11 0 0 3 0 0 0 3 0 0 3 11 11 11 3 5 0 0 0 11 9 2 5 2 3 3 5 11 0 9 9 11 11 3 11 2 11 3 11 5 5 11
split_gain=4283.64 786.622 741.78 168.024 102.849 99.7079 71.9093 28.3033 26.9972 22.6409 16.21 12.8114 10.1282 9.41783 8.03163 4.6782 4.00062 3.8944 3.67097 3.63585 3.49441 3.47716 3.42517 3.18067 3.13418 3.04369 2.97641 2.79855 2.74001 2.23927 2.04718 1.85163 1.81788 1.63804 1.57897 1.49576 1.49517 1.3981 1.33648 1.30333 1.2764 1.07652 1.03754 1.02315 1.00592 0.992181 0.976781 0.975327 0.948977 0.93888 0.922317 0.902528 0.869292 0.820174 0.800702 0.785977 0.756857 0.752832 0.71441 0.699078 0.68217 0.675074
threshold=791.05000000000007 1408.9500000000003 383.25000000000006 193.95000000000002 4083.7623625000001 571.60000000000014 1034.3500000000001 273.15000000000003 129.15000000000001 2480.9500000000003 1706.6500000000003 458.55000000000007 678.40000000000009 1186.1000000000001 904.45000000000016 0 314.05000000000007 1 2 3 5066.9267040000004 4 5 88.15000000000002 6 7 8 2032.3500000000001 9 10 164.35000000000005 923.20576100000005 3582.4007410000004 1600.6398875000002 525.6500000000002 1.1132850000000001 11 12 13 2870.2364010000006 81.500000000000014 14 1.1977150000000003 15 422.50000000000006 2999.6500000000005 1.0976150000000002 1366.5061775000001 16 106.50000000000001 75.500000000000014 4572.2751120000012 2666.1939210000005 229.95000000000002 3244.3548085000007 17 1477.6495640000001 627.05000000000007 2476.3198290000005 1.1883700000000001 1.0741250000000002 2222.5407380000001
decision_type=2 2 2 2 2 2 2 2 2 2 2 2 2 2 2 1 2 1 1 1 2 1 1 2 1 1 1 2 1 1 2 2 2 2 2 2 1 1 1 2 2 9 2 9 2 2 2 2 1 2 2 2 2 2 2 9 2 2 2 2 2 2
left_child=2 6 3 8 10 11 14 36 23 17 15 29 21 26 25 39 38 27 58 43 -11 57 -14 -1 34 42 -8 -6 32 44 -10 48 -12 -23 -13 56 53 -22 -9 -3 -20 -27 55 -16 -4 -39 54 60 -18 -30 -21 -19 59 -5 -17 -2 -24 -7 -15 -28 -26 -52
right_child=1 4 5 7 9 12 13 16 30 20 28 24 22 18 19 46 31 51 40 50 37 33 35 -25 47 41 52 -29 49 -31 -32 -33 -34 -35 -36 -37 -38 45 -40 -41 -42 -43 -44 -45 -46 -47 -48 -49 -50 -51 61 -53 -54 -55 -56 -57 -58 -59 -60 -61 -62 -63
leaf_value=-0.072535723025071705 -0.0061324463063640536 0.011498998342052339 -0.025450940307559844 -0.043022357620417125 0.020882636284298987 -0.013768125429375791 0.0046695291834569688 -0.034335103812573972 -0.052495785511687876 0.029320592352389346 0.018090123066657023 -0.019535733057277686 -0.0031199781963065806 0.0071038330888380423 -0.00097025549004974585 0.015223373558935247 -0.02525630779039692 0.026958858336778298 0.01013494934886694 0.002014986678521115 0.037269903726676372 -0.0091336456498082308 -0.0104629526625742 -0.061131531526217753 -0.016320567350380656 -0.0022649536204225919 0.0069257954799510583 0.025757461490368918 0.021931668091746209 -0.019905226693832406 -0.045777985224965963 -0.021674821194070971 0.021630653456991746 -0.0017201397994376093 -0.016071458159679388 -0.005820062896148297 -0.036374113000295569 0.032096720418425283 -0.029659000448782169 0.01521597840646018 0.013919924688320491 0.0011252265788455646 -0.0017142002551022767 0.0016215348688055145 -0.021968497029122184 0.036227325176539489 0.020181026439465101 -0.0092360113916749309 -0.029005313551828379 0.025165011520720711 0.0043288153711127861 0.029852828550901784 0.014981121018839381 -0.038360179013756879 0.01916949950158596 -0.0028945197192204175 -0.0075260394852268361 -0.011237182322097576 0.0096676075512352119 0.009821159277078129 -0.013639838345295427 0.0078270761983439251
leaf_weight=140 421 314 473 314 427 637 1299 434 282 506 602 832 676 388 696 310 283 893 331 326 410 876 368 278 516 332 601 1263 514 782 399 136 1151 82 621 920 528 750 370 1234 794 727 519 817 543 291 602 87 1095 604 558 613 47 368 279 470 596 634 1051 336 557 186
leaf_count=140 421 314 473 314 427 637 1299 434 282 506 602 832 676 388 696 310 283 893 331 326 410 876 368 278 516 332 601 1263 514 782 399 136 1151 82 621 920 528 750 370 1234 794 727 519 817 543 291 602 87 1095 604 558 613 47 368 279 470 596 634 1051 336 557 186
internal_value=-3.60806e-06 0.0144111 -0.0215434 -0.0378718 0.0237666 -0.013328 0.00423769 -0.0325362 -0.0549552 0.0288693 0.0190753 -0.0187515 -0.00832965 0.00858775 6.32704e-05 0.0163084 -0.0292675 0.0262515 0.0106686 0.00201201 0.033129 -0.0107949 -0.00617977 -0.0651151 -0.0165001 -0.00197544 0.00624717 0.0245389 0.0217084 -0.0220125 -0.0486327 -0.0276779 0.0204258 -0.00850154 -0.0180672 -0.00727541 -0.0387687 0.0344359 -0.0322227 0.0144699 0.0128163 5.05077e-05 -0.00349601 0.000433725 -0.0236132 0.033285 0.0186838 -0.0145233 -0.0282543 0.0236994 0.00424124 0.0281558 0.008323 -0.0405665 0.0171219 -0.00453081 -0.00865687 -0.0125155 0.00898175 0.00797341 -0.014943 0.00521271
internal_weight=34489 20662 13827 4627 10763 9200 9899 3528 1099 5153 5610 4411 4789 4847 5052 2739 2318 3196 2564 2583 1957 2229 2560 418 2613 2469 2283 1690 2871 1798 681 1514 1753 958 1453 1884 1210 1451 804 1548 1125 1059 1410 1513 1016 1041 1191 1160 1378 1118 1070 1506 984 682 589 891 964 1271 1439 937 1073 744
internal_count=34489 20662 13827 4627 10763 9200 9899 3528 1099 5153 5610 4411 4789 4847 5052 2739 2318 3196 2564 2583 1957 2229 2560 418 2613 2469 2283 1690 2871 1798 681 1514 1753 958 1453 1884 1210 1451 804 1548 1125 1059 1410 1513 1016 1041 1191 1160 1378 1118 1070 1506 984 682 589 891 964 1271 1439 937 1073 744
cat_boundaries=0 1 2 3 4 5 6 7 8 9 10 11 12 13 14 16 18 19 21
cat_threshold=1 1 1 1 1 4 1 1 1 1 1 1 4 1 1182811201 1468547072 1171673673 403265664 4 1691534465 344609281
is_linear=0
shrinkage=0.05


Tree=9
num_leaves=63
num_cat=13
split_feature=3 3 3 3 3 3 3 3 3 11 3 3 3 3 3 3 0 0 0 0 0 0 0 11 11 0 11 3 0 11 6 11 6 11 6 6 0 5 11 0 11 11 3 11 11 3 1 9 11 11 11 6 5 3 9 11 1 5 11 6 3 3
split_gain=3867.98 761.567 608.654 162.31 106.573 73.096 66.7958 33.714 20.585 14.3556 13.9263 11.0172 10.5848 9.50437 8.73703 5.67657 3.94973 3.70625 3.48297 3.47518 3.4732 3.33473 2.95544 2.95354 2.73294 2.68163 2.52853 2.37549 2.11986 1.95586 1.93215 1.92638 1.83237 1.73198 1.67079 1.53058 1.3189 1.25679 1.21999 1.14539 1.14113 1.10137 1.10103 1.07188 1.04718 1.01651 1.01217 1.01095 0.980911 0.928294 0.900136 0.860527 0.8586 0.80423 0.795303 0.866156 0.758408 0.739588 0.726489 0.68662 0.658875 0.650517
threshold=837.75000000000011 398.15000000000003 1531.5500000000002 209.20000000000002 585.75000000000011 1107.4500000000003 2210.3500000000008 143.95000000000002 294.05000000000007 3694.4443900000006 709.25000000000011 1318.2 494.65000000000003 2762.8000000000006 974.35000000000002 113.00000000000001 0 1 2 3 4 5 6 869.86961650000012 4341.3877180000018 7 1132.6132800000003 1845.5000000000002 8 1703.6766855000001 1.7952100000000002 715.06315000000018 1.5809450000000003 3150.9532275000006 1.5340900000000002 2.5717900000000005 9 1.0783000000000003 2222.5407380000001 10 1011.7521765 505.53144750000001 350.55000000000007 2091.0584390000008 2743.1377645000007 627.05000000000007 11 81.500000000000014 2457.6303310000003 4140.1433150000003 2441.2606155000003 1.9285300000000001 1.1783750000000002 447.05000000000007 64.500000000000014 2977.7966100000008 12 1.2013750000000003 1379.2754080000002 1.6788350000000003 1041.6500000000003 2411.4500000000003
decision_type=2 2 2 2 2 2 2 2 2 2 2 2 2 2 2 2 1 1 1 1 1 1 1 2 2 1 2 2 1 2 2 2 2 2 2 2 1 2 2 1 2 2 2 2 2 2 9 2 2 2 2 2 2 2 2 2 9 2 2 2 2 2
left_child=1 3 5 7 12 14 9 15 31 25 17 21 26 24 18 -1 27 45 46 60 56 38 44 32 -8 51 30 -11 52 37 53 34 -10 -27 -5 -19 -15 -22 -7 -26 -32 -9 -34 -20 -13 -6 -2 48 -23 -18 -21 -4 -14 -3 55 -24 -12 -48 59 -30 -16 -41
right_child=2 4 6 8 10 11 13 41 23 16 20 22 28 36 19 -17 49 35 43 50 29 47 54 -25 39 33 -28 -29 58 -31 40 -33 42 -35 -36 -37 -38 -39 -40 61 -42 -43 -44 -45 -46 -47 57 -49 -50 -51 -52 -53 -54 -55 -56 -57 -58 -59 -60 -61 -62 -63
leaf_value=-0.065008129232886874 0.00015530267652529657 -0.019064575237260292 0.023723003732002514 -0.031233784145904039 -0.01291538210436549 0.002981403029791674 0.023572366019186466 -0.044586157032299317 -0.023503114076271602 0.016929372579886994 -0.0038219061988309638 0.009139265000601025 -0.017005179422455472 0.031479633870564537 0.0015291570194149312 -0.053777337678487649 0.023224214636752394 -0.007671036667127519 0.001235015358123771 0.0056833249585864741 -0.0075924902190657381 0.0034635533693801153 0.0098024422904168535 -0.022593955208615561 0.030401750893696497 0.013940344956888033 -0.014810305144241516 0.02185227194155355 -0.010166116879689832 -0.0025386197963477267 -0.022012740079389543 -0.028520413213128211 -0.029449900114858475 0.017612787006716979 -0.036357856990663698 8.4136014837505565e-06 0.035627126881638459 -0.004881111096809841 0.0073736550783860405 0.025886263498506007 -0.018994680707427589 -0.039044614929705859 -0.026299119979705451 0.0049513221000949664 0.012511924799167171 -0.010064229631051422 -0.0035133055663812834 0.011317484496622652 0.0095671338556181929 0.025904095404107 0.0099398877308074698 0.019232019939132639 -0.014016990682288205 -0.014808912238979764 0.016312608201252788 0.016423486615275287 -0.00042659227851303864 -0.00067484551769273989 -0.008493643322099861 -0.013899757806503661 0.0037230784871844116 0.028500564089272082
leaf_weight=278 552 291 195 264 486 180 411 608 280 318 230 339 718 590 806 282 881 1086 924 865 813 88 126 409 574 433 281 1505 171 479 979 148 924 1614 932 69 451 922 1420 603 571 199 582 245 837 999 665 855 280 753 147 369 428 225 664 90 548 351 103 637 597 819
leaf_count=278 552 291 195 264 486 180 411 608 280 318 230 339 718 590 806 282 881 1086 924 865 813 88 126 409 574 433 281 1505 171 479 979 148 924 1614 932 69 451 922 1420 603 571 199 582 245 837 999 665 855 280 753 147 369 428 225 664 90 548 351 103 637 597 819
internal_value=-3.86699e-06 -0.0191549 0.0146356 -0.0352981 -0.0112606 0.00604121 0.0236936 -0.0499402 -0.0296299 0.0205282 -0.00670255 0.0104266 -0.0170869 0.0292567 0.001887 -0.0594586 0.0226505 -0.00934943 -4.73182e-05 0.00407835 -0.00436473 0.00839305 0.0132133 -0.0266127 0.0274911 0.0177107 -0.01939 0.0210033 -0.0144509 -0.00537431 -0.0200054 -0.0345341 -0.0275198 0.0168431 -0.0352538 -0.00721265 0.0333089 -0.00615527 0.0068817 0.0282858 -0.0209139 -0.0432697 -0.0282505 0.00201745 0.0115483 -0.0110054 -0.00158698 0.0103631 0.00812092 0.0244743 0.00631082 0.020824 -0.0159024 -0.0172411 0.0154226 0.0126242 -0.0014885 -0.00250965 -0.0126096 -0.0131231 0.00246469 0.0274109
internal_weight=34489 14942 19547 4906 10036 10031 9516 1367 3539 6068 5632 4879 4404 3448 5152 560 3457 2640 2737 2415 2992 2823 2056 2195 2407 2611 2347 1823 2057 2214 2066 1344 1786 2047 1196 1155 1041 1735 1600 1996 1550 807 1506 1169 1176 1485 1568 1223 368 1634 1012 564 1146 516 880 216 778 1016 911 808 1403 1422
internal_count=34489 14942 19547 4906 10036 10031 9516 1367 3539 6068 5632 4879 4404 3448 5152 560 3457 2640 2737 2415 2992 2823 2056 2195 2407 2611 2347 1823 2057 2214 2066 1344 1786 2047 1196 1155 1041 1735 1600 1996 1550 807 1506 1169 1176 1485 1568 1223 368 1634 1012 564 1146 516 880 216 778 1016 911 808 1403 1422
cat_boundaries=0 1 2 3 4 5 6 7 8 9 10 11 13 15
cat_threshold=1 1 1 1 4 1 1 4 1 1 4 1208000668 1637878936 84167744 2416460800
is_linear=0
shrinkage=0.05


Tree=10
num_leaves=63
num_cat=15
split_feature=3 3 3 3 3 3 3 3 3 3 3 3 3 3 3 0 0 0 0 0 3 11 3 0 0 3 0 11 6 0 3 5 11 0 6 6 5 0 11 11 5 6 0 11 6 11 4 3 11 11 5 5 2 11 5 4 3 1 6 4 1 11
split_gain=3499.18 649.734 603.272 134.147 78.3554 72.1663 69.8789 23.3559 22.7219 17.4497 12.6499 11.0324 9.31698 7.80822 6.21496 4.79176 4.33613 3.83787 3.45515 3.08638 3.07101 2.71614 2.63342 2.57667 2.428 2.22397 2.2211 2.10352 2.81956 2.04069 1.72548 1.45592 1.33423 1.29518 1.28219 1.43877 1.27101 1.26185 1.20164 1.11274 1.10721 1.08791 1.07365 1.05742 1.39024 1.02645 1.00713 0.972449 0.955431 0.95397 0.947716 0.909977 0.909326 0.886156 0.838056 0.932302 0.832777 0.815134 0.813905 0.788302 0.744286 0.649617
threshold=791.05000000000007 1475.5500000000002 383.25000000000006 193.95000000000002 578.55000000000007 2210.3500000000008 1107.4500000000003 273.15000000000003 129.15000000000001 1845.5000000000002 967.6500000000002 475.05000000000007 2721.2500000000005 678.40000000000009 1293.9500000000003 0 1 2 3 4 314.05000000000007 4341.3877180000018 88.15000000000002 5 6 164.35000000000005 7 1250.9161045000003 1.8240550000000002 8 1607.6500000000003 1.0809400000000002 2076.4084510000007 9 2.4636550000000006 1.5064750000000002 1.0762650000000002 10 1651.5932840000003 3694.4443900000006 1.1106950000000002 1.7908100000000002 11 658.40892000000008 1.5340900000000002 1703.6766855000001 28806.500000000004 422.50000000000006 2457.6303310000003 2203.6157720000006 1.1492700000000002 1.105685 12 1366.5061775000001 1.1577350000000004 43262.000000000007 437.45000000000005 13 2.3156850000000007 33984.000000000007 14 3272.3535160000006
decision_type=2 2 2 2 2 2 2 2 2 2 2 2 2 2 2 1 1 1 1 1 2 2 2 1 1 2 1 2 2 1 2 2 2 1 2 2 2 1 2 2 2 2 1 2 2 2 2 2 2 2 2 2 9 2 2 2 2 9 2 2 9 2
left_child=2 6 3 8 11 9 10 43 22 15 16 24 21 26 23 30 31 39 52 40 37 -7 -1 49 47 -10 38 28 -13 54 -3 45 41 -14 35 -22 59 -9 -6 -11 -15 -18 -23 44 -5 -2 -17 -4 -20 -8 -19 53 -12 -28 -16 -56 -26 -33 -25 -21 -43 -32
right_child=1 5 4 7 13 12 14 20 25 17 18 27 33 19 29 46 32 50 48 36 34 42 -24 58 56 -27 51 -29 -30 -31 61 57 -34 -35 -36 -37 -38 -39 -40 -41 -42 60 -44 -45 -46 -47 -48 -49 -50 -51 -52 -53 -54 -55 55 -57 -58 -59 -60 -61 -62 -63
leaf_value=-0.065527854055809465 -0.0058479280794961922 0.012512606837012394 -0.022673975791641859 -0.03188148719873353 -0.0075260194422129964 0.022216480917666318 0.0027125269129500366 -0.030821355168100629 -0.047585180130622851 0.017530026763677597 0.00057338071629014055 -0.011488275084335472 0.029857776510088072 -0.0085123185284898331 0.0088597938534995483 0.01673032966955584 0.0037416279470304063 0.022298968708557795 0.0052986161510117438 -0.0070889274222589449 -0.019912935899836677 0.028940953322432256 -0.055133174502667998 0.0090578889032540601 -0.018725112987661451 -0.040828713645343385 -0.013093280102779617 -0.010929485121117929 -0.016050184631499192 0.013531997292712717 0.013899620797944396 0.00045954053760454262 0.0044679266787152521 0.033623931980876709 -0.021927381996925063 -0.026396959604672789 -0.0021904768171294737 -0.026443162408654877 0.0020233772850284976 0.020702290091286886 -0.0057540938846180707 -0.0015762693558740337 0.02598026534281981 -0.030354371877052845 -0.03685172427631915 -0.0024574611003738644 0.019751886995317464 -0.019527491134250424 0.0098476183271609761 0.0067929461924037321 0.025156858823715877 -0.0094479103077639345 0.0031350777227896693 -0.0093997827040798523 0.011033185022706921 0.019402144696467963 -0.015584064574410382 -0.0022350050272263383 0.01347043073274256 -0.00309035563233955 0.00098116593317185922 0.01658911876388787
leaf_weight=138 364 616 477 252 473 423 163 470 271 399 582 457 683 756 606 489 218 838 977 318 111 549 278 972 537 408 535 402 1474 771 364 482 252 528 324 1068 629 372 35 1512 725 483 1322 155 799 582 873 731 132 1301 623 776 913 254 369 38 437 660 122 205 660 892
leaf_count=138 364 616 477 252 473 423 163 470 271 399 582 457 683 756 606 489 218 838 977 318 111 549 278 972 537 408 535 402 1474 771 364 482 252 528 324 1068 629 372 35 1512 725 483 1322 155 799 582 873 731 132 1301 623 776 913 254 369 38 437 660 122 205 660 892
internal_value=5.70995e-05 0.0130483 -0.0193894 -0.0340802 -0.0119846 0.0221251 0.0044272 -0.0293462 -0.0493911 0.0190419 0.0010653 -0.0166901 0.027929 -0.00746755 0.00930763 0.0164046 -0.000813301 0.0215658 0.00373459 -0.00565652 -0.0264088 0.0260171 -0.0587303 0.00772155 -0.0192543 -0.0435913 -0.00976396 -0.0142846 -0.014977 0.0115762 0.0147398 -0.00231706 0.00113351 0.0315262 -0.0249834 -0.0258039 -0.0037103 -0.0289207 -0.00686541 0.0200495 -0.00716687 0.000513291 0.026864 -0.0350312 -0.0356914 -0.00376684 0.0186801 -0.0207877 0.00584845 0.0063408 0.023534 -0.0106999 0.00216365 -0.0119176 0.0100758 0.0118602 -0.0173333 -0.00111385 0.00956182 -0.0055305 -0.00010517 0.0158214
internal_weight=34625 20758 13867 4646 9221 10111 10647 3551 1095 6606 6305 4515 3505 4706 4342 3234 3701 3372 2604 2633 2345 2294 416 2558 2182 679 2073 2333 1931 1784 1872 2088 1613 1211 1503 1179 1152 842 508 1911 1481 1361 1871 1206 1051 946 1362 1208 1109 1464 1461 1565 1495 789 1013 407 974 1142 1094 523 1143 1256
internal_count=34625 20758 13867 4646 9221 10111 10647 3551 1095 6606 6305 4515 3505 4706 4342 3234 3701 3372 2604 2633 2345 2294 416 2558 2182 679 2073 2333 1931 1784 1872 2088 1613 1211 1503 1179 1152 842 508 1911 1481 1361 1871 1206 1051 946 1362 1208 1109 1464 1461 1565 1495 789 1013 407 974 1142 1094 523 1143 1256
cat_boundaries=0 1 2 3 4 5 6 7 8 9 10 11 12 14 16 18
cat_threshold=1 1 1 1 1 1 1 4 1 1 1 4 76682057 234969896 1770005128 1503678609 357964869 2424848385
is_linear=0
shrinkage=0.05


Tree=11
num_leaves=63
num_cat=0
split_feature=3 3 3 3 11 3 3 3 3 3 3 3 3 3 3 3 11 3 11 6 6 6 6 11 3 3 11 11 11 4 6 6 6 4 4 11 6 11 5 11 11 4 3 4 4 11 5 6 3 11 6 5 9 6 11 3 3 11 6 11 6 11
split_gain=3158.67 586.456 544.645 121.243 74.6884 70.7253 52.4846 28.2078 21.2588 14.4391 9.97942 8.59017 7.53267 7.04836 6.21742 4.61363 3.86401 2.68747 2.20353 2.50294 2.20188 2.37013 2.05527 2.0245 1.90706 1.86566 1.78144 1.70596 1.61075 1.54466 1.53218 1.51439 1.45405 1.3395 1.31842 1.30749 1.30627 1.13208 1.34055 1.00755 1.0043 0.988457 0.982476 0.956028 0.951803 0.905523 0.890607 1.0879 0.879939 0.870848 1.00501 0.760878 0.726663 0.83068 0.722335 0.747217 0.711973 0.931897 0.652851 0.626567 0.583119 0.704707
threshold=791.05000000000007 1423.8500000000001 383.25000000000006 209.20000000000002 3958.5981950000005 578.55000000000007 1034.3500000000001 143.95000000000002 2411.4500000000003 294.05000000000007 463.35000000000008 1706.6500000000003 1204.4500000000003 678.40000000000009 904.45000000000016 113.00000000000001 4746.7239820000004 1991.9500000000003 1250.9161045000003 1.8240550000000002 2.3013950000000007 1.8121550000000002 2.2969050000000002 1600.6398875000002 265.35000000000008 2999.6500000000005 1072.2565770000003 2222.5407380000001 869.86961650000012 33907.500000000007 1.7355050000000003 1.5340900000000002 1.7908100000000002 32425.500000000004 29238.500000000004 505.53144750000001 1.7813000000000001 3612.8332035000008 1.1883700000000001 2977.7966100000008 2788.5426310000007 31647.500000000004 1116.6000000000001 26307.500000000004 31798.500000000004 1417.5255950000003 1.1028350000000002 1.9399250000000003 520.05000000000007 2623.1166445000003 1.8387150000000003 1.2130650000000003 79.500000000000014 1.9204400000000004 1145.6569720000002 531.1500000000002 333.05000000000007 796.8591540000001 2.2791250000000001 1562.6194880000003 1.5606650000000004 715.06315000000018
decision_type=2 2 2 2 2 2 2 2 2 2 2 2 2 2 2 2 2 2 2 2 2 2 2 2 2 2 2 2 2 2 2 2 2 2 2 2 2 2 2 2 2 2 2 2 2 2 2 2 2 2 2 2 2 2 2 2 2 2 2 2 2 2
left_child=2 6 3 7 11 10 14 15 17 24 26 29 33 23 22 -1 -10 -6 19 48 21 -15 32 36 -5 58 30 46 31 39 -4 -11 -2 42 -14 -9 -7 38 -13 -3 52 -34 -8 -19 51 -38 -16 -48 -12 50 -35 59 -36 -54 55 -21 57 -33 -18 -23 -26 -62
right_child=1 4 5 9 8 13 12 35 16 28 18 37 34 20 27 -17 25 43 -20 54 -22 44 -24 -25 60 -27 -28 -29 -30 -31 -32 56 41 49 40 -37 45 -39 -40 -41 -42 -43 -44 -45 -46 -47 47 -49 -50 -51 -52 -53 53 -55 -56 -57 -58 -59 -60 -61 61 -63
leaf_value=-0.058737654732974202 0.0021653049025785885 0.010981999840587378 -0.016190769143548667 -0.032812802126562152 0.019341546274860455 -0.0062010341783156845 0.0031225714932624216 -0.040294395449468529 0.023095716448391188 -0.020534313016282727 -0.013438336334471014 0.015764724958276306 0.0078935266793145175 -0.0019679851525454847 0.00038461495529151823 -0.048514516206778886 0.028832039583367282 0.020882632452174553 -0.010394626974650637 -0.017111138447024065 -0.0017753804973835942 -0.0094531072506817727 0.0021386635178139014 -0.0017433635323126425 -0.024135820144101195 0.032431530044768668 -0.014738580183754761 0.0052823935938741103 -0.020655951661796408 0.01563830485280138 -0.020066878725568671 -0.027917520365059702 -0.0035826309574337428 0.010694562610896196 0.0074419115259147742 -0.034758418090464947 -0.010755931764744245 0.019141338839092192 0.020560837455093864 0.013850443763328149 0.012219456255934728 -0.0013349564679550866 0.0058098993500562959 0.023334432274545777 -0.0053407543431254478 -0.0080474668195488572 0.0048939913826458563 0.0014337660477024168 -0.0092055479629900207 0.011596607029178115 0.0057956853972496837 -0.0054531501925310063 0.013053820922789051 0.0091489565537164093 -0.01389608083884057 -0.014046383912072464 -0.024327155156368626 -0.02253097408092939 0.025642222135753956 -0.0064232679413715457 -0.030923077898720903 -0.025625427548701948
leaf_weight=278 176 459 356 809 804 253 717 597 339 196 262 750 963 321 1117 272 1251 635 409 761 367 517 315 86 94 393 276 321 289 952 1288 552 1084 118 339 210 1307 1439 199 1127 477 894 655 2019 848 427 310 848 256 85 1000 309 204 474 585 322 756 129 294 271 335 129
leaf_count=278 176 459 356 809 804 253 717 597 339 196 262 750 963 321 1117 272 1251 635 409 761 367 517 315 86 94 393 276 321 289 952 1288 552 1084 118 339 210 1307 1439 199 1127 477 894 655 2019 848 427 310 848 256 85 1000 309 204 474 585 322 756 129 294 271 335 129
internal_value=5.39668e-05 0.0123969 -0.0184222 -0.0323808 0.0205752 -0.0113864 0.00376059 -0.0449649 0.024456 -0.0271767 -0.0158569 0.016053 0.00737672 -0.00709485 0.000167265 -0.0537791 0.0282233 0.0219679 -0.0138215 -0.0144577 -0.0053742 -0.00595602 -0.00162869 -0.00927667 -0.031135 0.0291079 -0.0185991 0.00187533 -0.0243466 0.0140127 -0.0192379 -0.0249867 -0.00218036 0.00548321 0.00935814 -0.0388986 -0.00960168 0.0182147 0.016791 0.0130277 0.0102963 -0.00256793 0.00440881 0.0227559 -0.00661285 -0.010094 0.00139249 0.0023635 -0.0113682 0.00670386 0.00632184 -0.00759045 0.00938314 0.0103414 -0.0154097 -0.0162137 -0.0255793 -0.0269317 0.028242 -0.00842058 -0.0286482 -0.0295085
internal_weight=34625 20758 13867 4646 10661 9221 10097 1357 5735 3289 4515 4926 5032 4706 5065 550 2277 3458 2595 2186 2633 2266 2469 2073 1367 1938 1920 2596 1922 2538 1644 1633 2154 2575 2457 807 1987 2388 949 1586 1494 1978 1372 2654 1945 1734 2275 1158 518 1203 1118 1097 1017 678 1668 1083 1437 681 1545 788 558 464
internal_count=34625 20758 13867 4646 10661 9221 10097 1357 5735 3289 4515 4926 5032 4706 5065 550 2277 3458 2595 2186 2633 2266 2469 2073 1367 1938 1920 2596 1922 2538 1644 1633 2154 2575 2457 807 1987 2388 949 1586 1494 1978 1372 2654 1945 1734 2275 1158 518 1203 1118 1097 1017 678 1668 1083 1437 681 1545 788 558 464
is_linear=0
shrinkage=0.05


Tree=12
num_leaves=63
num_cat=2
split_feature=3 3 3 3 3 3 3 3 3 3 3 3 3 3 3 3 11 3 3 11 11 6 5 11 3 11 6 6 11 6 7 11 4 11 11 6 2 6 5 6 4 11 4 11 6 4 6 2 11 6 6 11 3 4 11 3 5 6 6 6 6 5
split_gain=2851.29 529.715 491.711 109.624 63.8422 59.3232 57.0158 18.9757 18.5604 17.1332 9.0118 8.57056 6.63377 6.36137 5.18715 2.57283 2.52181 2.3592 2.33037 2.30435 2.15698 2.54562 2.04637 2.04057 1.86014 1.82692 1.82608 1.59491 1.58724 1.64748 1.45621 1.4222 1.35521 1.31372 1.28689 1.33321 1.25554 1.18244 1.09907 1.04487 1.02024 0.950772 0.949905 0.947965 1.41835 0.926615 0.918934 0.903092 0.901409 0.869811 0.848452 0.848013 0.824953 0.805338 0.786277 0.774421 0.751581 0.726642 0.711275 0.646681 0.623987 0.728102
threshold=791.05000000000007 1475.5500000000002 383.25000000000006 193.95000000000002 578.55000000000007 2283.2500000000005 1050.4500000000003 273.15000000000003 129.15000000000001 1845.5000000000002 458.55000000000007 1281.6500000000003 913.1500000000002 678.40000000000009 2762.8000000000006 333.05000000000007 3838.3231315000007 1146.7 88.15000000000002 3335.6459970000001 1250.9161045000003 1.8240550000000002 1.0950950000000002 4572.2751120000012 164.35000000000005 1600.6398875000002 2.2969050000000002 2.2791250000000001 796.8591540000001 1.5809450000000003 3.5000000000000004 1061.3925525000002 31798.500000000004 1562.6194880000003 1778.3193825000005 1.8043250000000002 0 1.8121550000000002 1.1462100000000002 1.7355050000000003 25302.500000000004 5454.5460760000014 32198.500000000004 643.77397250000013 1.5340900000000002 28890.000000000004 1.8608300000000002 1 1379.2754080000002 2.2453450000000004 2.5084650000000006 1108.8459945000004 531.1500000000002 34161.500000000007 2788.5426310000007 520.05000000000007 1.1549950000000002 1.6150700000000002 1.8704200000000002 2.2877000000000005 1.9863300000000004 1.1270350000000002
decision_type=2 2 2 2 2 2 2 2 2 2 2 2 2 2 2 2 2 2 2 2 2 2 2 2 2 2 2 2 2 2 2 2 2 2 2 2 9 2 2 2 2 2 2 2 2 2 2 9 2 2 2 2 2 2 2 2 2 2 2 2 2 2
left_child=2 6 3 8 10 9 12 43 18 19 31 17 26 25 23 28 56 42 -1 30 21 55 33 -7 -10 37 32 36 29 -9 -3 39 47 53 35 -24 -14 -6 54 -4 -21 -16 -8 44 -5 -19 -34 -2 60 -18 57 52 -23 -15 -13 -12 -11 -17 -38 -43 61 -39
right_child=1 5 4 7 13 14 11 15 24 16 20 38 27 22 41 50 49 45 -20 40 -22 51 34 -25 -26 -27 -28 -29 -30 -31 -32 -33 46 -35 -36 -37 58 48 -40 -41 -42 59 -44 -45 -46 -47 -48 -49 -50 -51 -52 -53 -54 -55 -56 -57 -58 -59 -60 -61 -62 -63
leaf_value=-0.05935928014328154 -0.0012755971412761282 0.011658537892497796 -0.015804840456021121 -0.02860437047929161 -0.0062408252272214138 0.021265036968526288 0.0034441210164648088 -0.022000683435173921 -0.043006909912561675 0.01656881571732095 -0.012610453647888592 0.0080256984720742993 0.00039642036543377198 -0.0090939564986260435 0.026222452121642866 -0.01890030494415677 0.020897825944330508 0.0059354366907883264 -0.049712870334939346 0.013603756647065002 -0.0098758823651363715 -0.016711187926134029 -0.00087430985083549535 0.025289892458302446 -0.036847445226677475 -0.0016571972907210393 0.0020434396670468116 0.0054021538854491097 -0.020998697155085042 -0.027296590822688222 0.014858013570308685 -0.014334532108891851 0.0024008016962823297 -0.0046686140465687703 0.0012848822157441951 -0.0050244839868736893 0.0055466947891680456 -0.011270244203206867 0.011759386810919514 -0.019179231500429279 0.016704479799770737 0.030882967053584648 0.0059754330454480069 -0.027813594968933049 -0.033523329359167173 0.0082279473133974428 -0.0013567232810537304 -0.0041519573116596906 -0.0080471047887406433 0.018514496057536255 -0.01843191082166 -0.013546860715354082 -0.013036455909411113 -0.005536100968997263 0.010734854258910907 -0.008747061469559541 0.020302255309406839 -0.023292725551560194 0.0022192497900554086 0.026451327891060802 -0.011526277051300087 -0.0070843135464626053
leaf_weight=138 474 718 331 252 309 466 782 214 271 731 295 601 1133 491 342 142 2430 746 278 370 415 717 241 1418 408 86 325 316 198 844 774 268 200 549 116 991 188 197 804 1183 1372 567 715 197 757 1137 854 753 594 561 175 826 224 245 521 256 198 772 1098 164 648 239
leaf_count=138 474 718 331 252 309 466 782 214 271 731 295 601 1133 491 342 142 2430 746 278 370 415 717 241 1418 408 86 325 316 198 844 774 268 200 549 116 991 188 197 804 1183 1372 567 715 197 757 1137 854 753 594 561 175 826 224 245 521 256 198 772 1098 164 648 239
internal_value=5.09358e-05 0.0117779 -0.0175032 -0.0307662 -0.0108181 0.0199736 0.0039937 -0.0264868 -0.044607 0.0175061 -0.0150654 0.00766416 0.000346543 -0.00674071 0.0259356 -0.0238391 0.0197338 0.00614384 -0.0530476 0.0148005 -0.0132495 -0.013849 -0.00510607 0.0243062 -0.0393654 -0.00881348 -0.0014584 0.00206625 -0.0254372 -0.0262472 0.0133272 -0.0178415 -0.00195802 -0.00653487 -0.00374021 -0.00421401 0.00162842 -0.00912222 0.0103276 -0.0184524 0.0160541 0.0287712 0.00465631 -0.0316112 -0.0323243 0.00732334 -0.000642121 -0.00308694 -0.00964879 0.0204571 -0.0219743 -0.0147823 -0.0158512 -0.00791873 0.00929213 -0.0108346 0.0173855 -0.0226317 0.00268873 0.0299262 -0.0105182 -0.00899712
internal_weight=34625 20758 13867 4646 9221 10111 10647 3551 1095 7154 4515 5306 5341 4706 2957 2345 3920 3380 416 3234 2733 2318 2633 1884 679 2073 2606 2735 1256 1058 1492 1782 2281 1285 1348 1232 2419 1987 1926 1514 1742 1073 1497 1206 1009 1883 1054 1227 1678 2991 1089 1767 941 736 1122 551 929 914 1286 731 1084 436
internal_count=34625 20758 13867 4646 9221 10111 10647 3551 1095 7154 4515 5306 5341 4706 2957 2345 3920 3380 416 3234 2733 2318 2633 1884 679 2073 2606 2735 1256 1058 1492 1782 2281 1285 1348 1232 2419 1987 1926 1514 1742 1073 1497 1206 1009 1883 1054 1227 1678 2991 1089 1767 941 736 1122 551 929 914 1286 731 1084 436
cat_boundaries=0 2 4
cat_threshold=1301699273 176773280 419473510 2284334544
is_linear=0
shrinkage=0.05


Tree=13
num_leaves=63
num_cat=6
split_feature=11 11 11 11 11 11 11 6 6 6 11 11 6 11 11 11 11 11 11 6 0 6 6 6 6 11 11 7 6 6 0 11 0 6 6 11 6 6 11 11 0 11 0 6 11 6 0 11 11 6 6 11 11 5 9 11 6 11 11 6 11 11
split_gain=2560.11 451.624 419.315 81.4113 65.0152 49.578 42.1092 31.8046 18.3151 18.0368 14.7945 14.5444 11.8673 9.21736 8.81552 8.80502 8.5378 8.47881 7.00739 3.8168 3.90297 3.49337 3.45373 3.36395 3.27924 3.21253 2.8673 2.23433 2.02061 1.88236 2.16226 1.75681 1.71701 2.55328 1.69183 1.62565 1.55504 1.55388 1.55181 1.49113 1.48827 1.47413 1.34873 1.49892 1.31014 1.18176 1.16204 1.11804 1.04489 0.914877 0.892067 0.887783 0.883446 0.820584 0.819525 0.818962 0.848122 0.804526 0.804426 0.784035 0.765863 0.755512
threshold=1728.1485110000003 830.35675900000012 3038.2317320000006 378.27117800000008 1226.3346780000002 4305.0661975000012 2222.5407380000001 1.9453550000000002 1.8240550000000002 1.9710850000000002 207.67896000000005 584.91759000000013 1.8850650000000002 3612.8332035000008 567.83000400000014 1454.4361230000002 1000.0434795000002 5066.9267040000004 2643.1870020000001 1.9481900000000001 0 2.2383750000000004 1.5606650000000004 1.6290000000000002 2.1940450000000005 1992.3869480000001 715.06315000000018 3.5000000000000004 1.5340900000000002 1.9059250000000001 1 505.53144750000001 2 2.1857550000000008 1.6561650000000003 5936.5263780000014 1.9686300000000003 2.0036500000000004 269.05373500000002 658.40892000000008 3 1626.2840745000001 4 1.9453550000000002 1108.8459945000004 2.1503050000000008 5 1097.0908580000003 5936.5263780000014 1.9582250000000003 1.7067100000000004 1513.8560980000004 521.56287950000012 0.97063500000000014 46.500000000000007 1366.5061775000001 1.9863300000000004 3931.2516400000009 2457.6303310000003 2.1426250000000002 1856.8498260000003 4746.7239820000004
decision_type=2 2 2 2 2 2 2 2 2 2 2 2 2 2 2 2 2 2 2 2 1 2 2 2 2 2 2 2 2 2 1 2 1 2 2 2 2 2 2 2 1 2 1 2 2 2 1 2 2 2 2 2 2 2 2 2 2 2 2 2 2 2
left_child=1 3 6 9 8 13 19 14 34 10 -1 31 27 40 22 55 36 24 29 20 -2 35 -5 -16 61 60 -13 -6 -12 30 -8 -9 33 57 -3 -19 -10 53 -11 -25 45 -17 43 -20 -39 -4 -26 -36 -23 54 -29 -52 -24 -18 -42 56 -14 -15 -31 -44 -21 -7
right_child=2 4 5 7 12 17 18 11 16 38 28 26 15 32 23 41 37 21 42 25 -22 48 52 39 46 -27 -28 50 -30 58 -32 -33 -34 -35 47 -37 -38 44 -40 -41 49 -43 59 -45 -46 -47 -48 -49 -50 -51 51 -53 -54 -55 -56 -57 -58 -59 -60 -61 -62 -63
leaf_value=-0.04589289624274262 0.0008450284855127969 -0.0035711326895561122 0.013454459703582881 -0.019808706301887326 -0.0074272115228582285 0.021495207983244287 0.0061702574189700238 -0.037541331157560656 -0.015027448220385445 -0.055304449933552838 -0.028534723520278932 -0.028234846151708473 -0.0074732020423592385 0.016475646145886088 -0.012596170454419901 -0.005816303141298957 -0.014929060087399146 0.026161005403248311 0.017002821157849023 -0.0020145826989375485 0.0066150652306389297 0.02048785712525069 -0.028727991811489814 -0.021856217340186793 0.022842158943660991 0.0019908190094591505 -0.023466926023755663 0.0033558822448443004 -0.036176848209554878 0.004842690777838104 0.012987862477329241 -0.031831442862749103 0.019196551073566343 0.012806510149824377 -0.010063435291162968 0.030727139206663256 -0.019448165101547763 -0.015781137963579078 -0.046220414109408539 -0.017115778915220318 0.011100314956071765 -0.0033118020803922853 0.0098613051475552691 0.010615029233285618 -0.012899123092616037 0.0097766170784989014 0.017154556027768799 -0.0051740175363848666 0.024727238963047665 0.014384619805854613 -0.0020368809003358363 0.001617422788168859 -0.023365983998850932 -0.0099714518517841581 0.019217697730795905 -0.008065889577245345 -0.010881513438001669 0.019048816398338039 0.006681172621661219 0.0071860734077885402 -5.6180216230822887e-05 0.024052056576047996
leaf_weight=245 618 240 1241 313 112 1073 285 346 269 131 369 657 239 731 326 1608 112 902 125 994 557 331 286 269 120 1569 722 164 141 1492 200 339 1414 342 396 309 1094 795 186 552 42 934 1123 393 883 282 575 171 365 798 460 259 157 406 219 773 946 674 1014 382 1002 553
leaf_count=245 618 240 1241 313 112 1073 285 346 269 131 369 657 239 731 326 1608 112 902 125 994 557 331 286 269 120 1569 722 164 141 1492 200 339 1414 342 396 309 1094 795 186 552 42 934 1123 393 883 282 575 171 365 798 460 259 157 406 219 773 946 674 1014 382 1002 553
internal_value=4.79195e-05 -0.0155945 0.0118642 -0.0277707 -0.00937023 0.019074 0.00449276 -0.0244548 -0.0139246 -0.0400075 -0.0356939 -0.0287625 -0.0057497 0.0160428 -0.0197699 -0.00684211 -0.0154672 0.0231867 0.00768651 0.00111348 0.00358357 0.0256818 -0.0239851 -0.0169731 0.0211265 0.000298577 -0.0257573 -0.000807256 -0.0307142 0.00614531 0.00900258 -0.0347661 0.0178602 0.0167682 -0.00711109 0.0273505 -0.0185874 -0.013523 -0.0501365 -0.0186937 0.0138117 -0.00489775 0.00996099 0.0121863 -0.0142731 0.0127803 0.018168 -0.00860055 0.0227434 0.0152816 3.98738e-05 -0.0007201 -0.0268846 -0.0110701 0.0179588 -0.00936261 -0.010201 0.0177227 0.00558896 0.0091875 -0.00103198 0.022379
internal_weight=34625 14900 19725 5039 9861 9971 9754 3967 4366 1072 755 2064 5495 5743 1903 4500 3559 4228 5014 4740 1175 1907 756 1147 2321 3565 1379 995 510 2991 485 685 3161 1747 807 1211 1363 2196 317 821 2582 2542 2023 518 1678 1523 695 567 696 1059 883 719 443 518 261 1958 1185 1405 2506 1505 1996 1626
internal_count=34625 14900 19725 5039 9861 9971 9754 3967 4366 1072 755 2064 5495 5743 1903 4500 3559 4228 5014 4740 1175 1907 756 1147 2321 3565 1379 995 510 2991 485 685 3161 1747 807 1211 1363 2196 317 821 2582 2542 2023 518 1678 1523 695 567 696 1059 883 719 443 518 261 1958 1185 1405 2506 1505 1996 1626
cat_boundaries=0 1 2 3 4 5 6
cat_threshold=1 1 1 1 4 4
is_linear=0
shrinkage=0.05


Tree=14
num_leaves=63
num_cat=13
split_feature=3 3 3 3 3 3 3 3 3 11 3 3 3 3 3 3 0 0 0 0 0 0 0 0 11 0 11 11 6 3 3 6 3 2 0 11 6 4 0 4 11 3 7 4 7 3 11 4 7 4 3 4 4 11 4 6 7 6 11 4 2 6
split_gain=2324.98 454.595 373.026 96.9427 62.8539 42.7721 42.439 20.8836 12.5693 10.346 9.05255 6.73721 5.86522 4.41243 4.29935 3.66645 2.96456 2.90773 2.78802 2.39525 2.38344 2.1163 2.07369 2.05881 1.86225 1.84716 1.7695 1.66369 1.63208 1.53747 1.48952 1.40093 1.39892 1.38998 1.20794 1.00749 1.35774 0.973537 0.967215 0.922755 0.915511 0.892752 0.846007 0.843576 0.76854 0.797219 0.757924 0.733408 0.71915 0.718502 0.70639 0.693506 0.673344 0.666274 0.645025 0.629146 0.616858 0.603048 0.60193 0.601041 0.592818 0.551814
threshold=837.75000000000011 398.15000000000003 1531.5500000000002 209.20000000000002 612.1500000000002 2283.2500000000005 1146.7 143.95000000000002 294.05000000000007 3810.2004400000005 501.35000000000008 974.35000000000002 739.25000000000011 1318.2 2762.8000000000006 113.00000000000001 0 1 2 3 4 5 6 7 1121.3184150000002 8 1366.5061775000001 4572.2751120000012 1.8201400000000001 1935.7000000000003 1763.9500000000003 1.8642550000000002 265.35000000000008 9 10 1651.5932840000003 1.8850650000000002 29314.500000000004 11 32906.500000000007 1011.7521765 333.05000000000007 2.5000000000000004 30470.500000000004 3.5000000000000004 1735.45 948.01760400000012 27573.500000000004 2.5000000000000004 32273.500000000004 437.45000000000005 31717.500000000004 25499.500000000004 1108.8459945000004 44836.000000000007 1.9204400000000004 3.5000000000000004 2.4081300000000003 1778.3193825000005 33350.500000000007 12 2.4636550000000006
decision_type=2 2 2 2 2 2 2 2 2 2 2 2 2 2 2 2 1 1 1 1 1 1 1 1 2 1 2 2 2 2 2 2 2 9 1 2 2 2 1 2 2 2 2 2 2 2 2 2 2 2 2 2 2 2 2 2 2 2 2 2 9 2
left_child=1 3 6 7 10 9 11 15 32 19 24 18 20 21 27 -1 29 39 43 30 47 55 -14 51 31 41 28 56 -12 -11 59 50 -5 37 -9 36 -22 -24 -16 60 -33 -10 -19 -2 -21 -46 -27 -6 53 -25 -3 -15 -23 -30 -42 -8 -7 -20 -35 -4 -13 -44
right_child=2 4 5 8 12 14 13 34 25 16 26 17 22 23 38 -17 -18 42 57 44 35 52 33 49 -26 46 -28 -29 48 -31 -32 40 -34 58 -36 -37 -38 -39 -40 -41 54 -43 61 -45 45 -47 -48 -49 -50 -51 -52 -53 -54 -55 -56 -57 -58 -59 -60 -61 -62 -63
leaf_value=-0.050607670840930763 -0.0026833748507573089 -0.015564600917981286 0.010640593367425259 -0.028131715088714787 -0.0092950693620291874 0.017843881285551821 0.0032492817702470347 -0.035365862148803669 -0.02374179113170375 0.014101705607026817 -0.0082941036821411757 -0.00063501113805987516 -0.00041585248054860549 0.0074865871817118238 0.02448671132178833 -0.041558880028707203 0.019650410663407496 0.0028812884298780751 0.0014466366491729251 0.014078888615919589 -0.0031899452163522846 0.0063462455086555 -0.0083601556628018891 0.010609447344735699 -0.011501710776422846 -0.019318650969741672 -0.0066260056821808508 0.022825214607014969 -0.0172324945324475 0.017524169160082786 0.014563363678665309 -0.017488983208602538 -0.024564233462264586 -0.0032287793629526516 -0.030808652114480903 -0.0015165966605705224 -0.0069283960927696737 -0.0042364102621141771 0.027908136510950889 0.0034021053780446692 -0.015177387948797055 -0.020705229377952116 0.0057341461618754261 -0.00032312245566838075 0.015376835224921243 0.018846500752603308 -0.014596290659645331 -0.0069174342127817298 -0.011037305637514047 0.013645970935236673 -0.012162341891179006 0.0099610598524221151 0.0093836209273633914 -0.012412461754919469 -0.0078101037277115721 0.0060639230842276463 0.022273887413135476 0.0053029379017451514 -2.5596327609021281e-05 0.013138864377299242 0.0019570563927916646 0.012300749190206475
leaf_weight=278 702 282 626 809 483 329 249 454 459 471 446 332 595 608 606 272 1626 291 1093 450 424 256 240 481 365 810 259 1418 96 1381 845 837 558 963 353 208 577 364 467 770 527 811 943 821 455 322 114 1084 1248 372 415 573 735 434 35 1062 137 111 173 451 636 33
leaf_count=278 702 282 626 809 483 329 249 454 459 471 446 332 595 608 606 272 1626 291 1093 450 424 256 240 481 365 810 259 1418 96 1381 845 837 558 963 353 208 577 364 467 770 527 811 943 821 455 322 114 1084 1248 372 415 573 735 434 35 1062 137 111 173 451 636 33
internal_value=4.5238e-05 -0.0147976 0.0113543 -0.0272537 -0.00870314 0.0184143 0.00463252 -0.0386324 -0.0229079 0.0161777 -0.0127222 0.00180857 -0.00481367 0.00836437 0.0234198 -0.0462162 0.0180643 0.00344113 8.99207e-06 0.0140888 -0.00636714 0.00685871 -0.00296487 0.0100642 -0.0148759 -0.0205375 -0.0105824 0.021937 -0.01104 0.0166618 0.0129647 -0.0154578 -0.0266945 -0.00383578 -0.033413 -0.00469199 -0.00534964 -0.00579039 0.0260004 0.00211123 -0.0163933 -0.0218205 0.0052623 -0.00141209 0.0158378 0.0168371 -0.0187524 -0.00765576 -0.0117238 0.0119481 -0.0135592 0.00869457 0.00860618 -0.0133163 -0.0147333 0.00553222 0.0191912 0.00180627 -0.00271752 0.011698 0.00108195 0.00596854
internal_weight=34625 14973 19652 4918 10055 9584 10068 1357 3561 6627 4944 5732 5111 4336 2957 550 3478 3005 2727 3149 2776 2302 2335 2034 2461 2194 2483 1884 2224 1852 1922 2096 1367 1740 807 1209 1001 604 1073 1738 1399 1270 1267 1523 1227 777 924 1567 1778 853 697 1181 991 530 562 1311 466 1204 1136 1077 968 976
internal_count=34625 14973 19652 4918 10055 9584 10068 1357 3561 6627 4944 5732 5111 4336 2957 550 3478 3005 2727 3149 2776 2302 2335 2034 2461 2194 2483 1884 2224 1852 1922 2096 1367 1740 807 1209 1001 604 1073 1738 1399 1270 1267 1523 1227 777 924 1567 1778 853 697 1181 991 530 562 1311 466 1204 1136 1077 968 976
cat_boundaries=0 1 2 3 4 5 6 7 8 9 11 12 13 15
cat_threshold=1 1 1 1 1 1 4 1 1 382074880 2508739072 1 1 72356361 201937665
is_linear=0
shrinkage=0.05


Tree=15
num_leaves=63
num_cat=19
split_feature=3 3 3 3 3 3 3 3 3 3 3 3 3 3 0 3 0 0 3 0 0 0 0 0 0 3 0 0 0 5 6 3 5 6 1 4 0 3 9 1 1 2 5 3 2 4 9 4 3 4 5 5 9 9 6 3 6 4 3 4 4 1
split_gain=2111.54 405.167 342.036 86.544 54.292 41.0685 37.6789 18.7334 11.0032 10.3815 6.42877 5.75696 5.66655 5.12435 3.38952 3.10172 2.68011 2.58857 2.36953 2.31458 2.30081 2.2295 2.01515 1.9315 1.74285 1.72388 1.55731 1.39782 1.36117 1.33053 1.09981 1.0953 1.07705 1.06022 1.00787 0.919277 0.896991 0.86934 0.862928 0.852878 0.821531 0.80119 0.780509 0.769331 0.755408 0.696879 0.682536 0.681279 0.678095 0.668201 0.667279 0.658518 0.64666 0.634222 0.628304 0.625867 0.585987 0.581595 0.580872 0.580672 0.568843 0.521896
threshold=826.05000000000007 398.15000000000003 1531.5500000000002 209.20000000000002 585.75000000000011 1107.4500000000003 2352.3500000000004 129.15000000000001 294.05000000000007 1921.8500000000001 709.25000000000011 1318.2 494.65000000000003 967.6500000000002 0 2762.8000000000006 1 2 88.15000000000002 3 4 5 6 7 8 177.85000000000005 9 10 11 1.1081900000000002 2.5717900000000005 1735.45 1.1462100000000002 1.9093150000000001 12 26878.500000000004 13 1706.6500000000003 64.500000000000014 14 15 16 1.1846450000000002 265.35000000000008 17 29067.500000000004 38.500000000000007 31557.500000000004 337.90000000000003 26007.500000000004 1.1434700000000002 1.0616550000000002 67.500000000000014 64.500000000000014 2.1770000000000005 427.15000000000003 1.3493750000000002 20348.500000000004 652.95000000000016 27742.500000000004 32906.500000000007 18
decision_type=2 2 2 2 2 2 2 2 2 2 2 2 2 2 1 2 1 1 2 1 1 1 1 1 1 2 1 1 1 2 2 2 2 2 9 2 1 2 2 9 9 9 2 2 9 2 2 2 2 2 2 2 2 2 2 2 2 2 2 2 2 9
left_child=1 3 5 7 12 13 9 18 27 14 19 20 26 17 37 33 49 34 -1 50 40 44 32 59 45 -9 -3 -5 46 -18 41 -16 -12 -8 -2 38 -17 57 -25 -24 -7 -21 -23 -29 -15 -10 -14 51 56 -11 -6 -36 -19 -42 -35 -28 -26 -4 -43 -13 -22 -54
right_child=2 4 6 8 10 11 15 25 24 16 22 23 28 21 31 36 29 52 -20 30 60 42 39 35 48 -27 55 43 -30 -31 -32 -33 -34 54 47 -37 -38 -39 -40 -41 53 58 -44 -45 -46 -47 -48 -49 -50 -51 -52 -53 61 -55 -56 -57 -58 -59 -60 -61 -62 -63
leaf_value=-0.051658188203083627 3.7944052901731188e-05 -0.015408450349310014 0.0065034122020006177 -0.026986414766925804 -0.0091173775107172388 0.0068724011379036627 0.019164072902135131 -0.035470321851368329 -0.022673278616174408 0.014573711548619165 -0.0057613494111516395 0.0066457132070834911 -0.014576019687095876 0.00021768109787689995 0.013995474075077414 0.0233101303469051 0.017535955210526786 -0.00026777732720453757 -0.0424012439591544 -0.0011667876193314443 0.0068667319138276941 0.0036453076853904618 -0.0032507161650099149 0.0042560665160417564 -0.012553183095795768 -0.030681481486731055 -0.014759901658500602 -0.025124739543883098 -0.0091704284204465608 0.020624011541102209 0.0011399844728051298 0.016840167413465678 -0.003113405874086558 0.023430153039996238 -0.0057839583647479355 0.01254377736421927 0.026605530547839342 0.013100294668830054 0.010705139227211476 -0.00054686554636814084 0.0021577434092996256 -0.007254206255591665 0.0064339946178088511 -0.021036945134994996 0.0025737538176150879 -0.019926320096827412 -0.011211978124873566 -0.0010613386943556893 -0.016656147724241874 0.016767348573283897 -0.0069270665803779141 -0.0021163293224673134 0.0043999524898318074 0.0048240797246821617 0.020447584459244616 -0.011901484516435181 -0.020125590202094305 0.011301875644672277 -0.0047795826903679166 0.0090924974020210013 0.0091014677215360412 0.00154779700769049
leaf_weight=139 712 1323 74 756 827 452 529 406 459 541 854 370 196 560 768 604 815 333 279 117 690 684 550 74 34 553 297 360 913 734 65 703 706 543 221 610 464 1087 189 639 304 497 402 250 899 777 946 447 522 1551 641 277 220 863 403 726 403 762 474 805 520 691
leaf_count=139 712 1323 74 756 827 452 529 406 459 541 854 370 196 560 768 604 815 333 279 117 690 684 550 74 34 553 297 360 913 734 65 703 706 543 221 610 464 1087 189 639 304 497 402 250 899 777 946 447 522 1551 641 277 220 863 403 726 403 762 474 805 520 691
internal_value=1.30735e-05 -0.0143517 0.0106304 -0.0260237 -0.0084509 0.00431575 0.017435 -0.0366752 -0.0218958 0.0155446 -0.00507533 0.00764788 -0.0125676 0.0013309 0.0135441 0.0226564 0.0174052 -0.000105761 -0.0455955 -0.00684721 0.00618191 0.00296793 -0.00338409 0.00966888 -0.0196783 -0.0327437 -0.0142529 -0.0254419 -0.0106376 0.0190116 -0.00516205 0.0153655 -0.00456575 0.0211137 -0.00139953 0.0114616 0.0247654 0.0121436 0.00891357 -0.00183119 0.00494323 -0.00553925 0.00468255 -0.0234866 0.00168932 -0.0209639 -0.0118016 -0.00245592 -0.0180013 0.0162073 -0.00816635 -0.00375226 0.00161727 0.00409687 0.0221825 -0.012745 -0.0195664 0.0108854 -0.00599073 0.00832833 0.00783384 0.00230586
internal_weight=34610 14709 19901 4938 9771 10323 9578 1377 3561 7035 5370 4877 4401 5446 3394 2543 3641 2901 418 2621 2829 2545 2749 2048 2195 959 2346 1366 2055 1549 1153 1471 1560 1475 1657 873 1068 1923 263 1189 1619 1088 1086 610 1459 1236 1142 945 959 2092 1468 498 1244 1167 946 1023 437 836 971 1175 1210 911
internal_count=34610 14709 19901 4938 9771 10323 9578 1377 3561 7035 5370 4877 4401 5446 3394 2543 3641 2901 418 2621 2829 2545 2749 2048 2195 959 2346 1366 2055 1549 1153 1471 1560 1475 1657 873 1068 1923 263 1189 1619 1088 1086 610 1459 1236 1142 945 959 2092 1468 498 1244 1167 946 1023 437 836 971 1175 1210 911
cat_boundaries=0 1 2 3 4 5 6 7 8 9 10 11 12 14 15 17 19 21 23 25
cat_threshold=1 1 1 1 1 1 1 1 1 1 1 1 2030084504 3516927388 1 131341385 2483581952 42476208 538969110 4224 188743682 9835337 201937770 536903696 69214992
is_linear=0
shrinkage=0.05


Tree=16
num_leaves=63
num_cat=7
split_feature=11 11 11 11 11 11 11 6 6 11 6 11 11 6 11 11 11 11 11 11 6 6 6 6 6 9 6 9 11 9 11 6 0 11 6 0 6 11 0 6 11 11 6 6 11 11 6 0 6 11 11 11 11 0 6 2 2 6 9 5 6 6
split_gain=1895.86 335.492 303.936 58.3431 39.7972 39.5374 36.5969 26.0634 14.044 13.3422 11.2059 9.03228 8.146 8.04724 7.79375 6.12758 5.19462 5.05097 4.68135 4.30732 3.29406 3.02268 2.87929 2.18514 1.99817 1.86466 1.76661 2.52411 1.76369 1.72358 1.70027 1.50331 1.65267 1.3706 1.3675 1.36321 1.56284 1.35779 1.30953 1.9902 1.27796 1.27763 1.26285 1.16448 1.0674 0.994076 0.956364 0.955752 0.893358 0.868522 0.830546 0.826255 0.79202 0.767434 0.757089 0.630208 0.618029 0.616951 0.632396 0.61645 0.615865 0.607149
threshold=1651.5932840000003 3038.2317320000006 830.35675900000012 355.04860250000007 1214.1406265000003 2222.5407380000001 4140.1433150000003 1.9582250000000003 1.8240550000000002 584.91759000000013 1.9710850000000002 207.67896000000005 5066.9267040000004 1.8850650000000002 629.67235850000009 1011.7521765 3362.8615350000005 2574.5139400000003 1429.4512270000002 1856.8498260000003 1.5606650000000004 2.2383750000000004 2.1940450000000005 1.9399250000000003 1.6889700000000001 90.500000000000014 1.96357 82.500000000000014 521.56287950000012 90.500000000000014 743.24320650000016 2.0610350000000008 0 521.56287950000012 1.5340900000000002 1 2.0969250000000001 240.082596 2 1.9399250000000003 469.12082850000007 5936.5263780000014 1.6561650000000003 1.9093150000000001 5779.6707300000007 1048.9402650000004 1.9399250000000003 3 1.9369850000000002 4608.2850500000004 3869.8246340000005 1145.6569720000002 2788.5426310000007 4 1.8704200000000002 5 6 1.9863300000000004 88.500000000000014 0.95295500000000011 2.1306550000000004 1.3988550000000002
decision_type=2 2 2 2 2 2 2 2 2 2 2 2 2 2 2 2 2 2 2 2 2 2 2 2 2 2 2 2 2 2 2 2 1 2 2 1 2 2 1 2 2 2 2 2 2 2 2 1 2 2 2 2 2 1 2 9 9 2 2 2 2 2
left_child=2 5 3 10 8 19 16 14 42 40 11 61 22 25 20 43 53 31 57 23 33 41 49 29 -16 -6 27 -21 -22 -2 -11 32 -7 -5 -13 -18 50 -12 39 -19 -9 -14 -4 -10 -23 -44 -34 -24 59 -8 -37 -50 -40 -3 -55 -33 -28 58 -15 -17 -54 -1
right_child=1 6 4 7 13 17 12 9 15 30 37 34 21 18 24 48 35 38 -20 26 28 44 47 -25 -26 -27 56 -29 -30 -31 -32 55 46 -35 -36 36 -38 -39 52 -41 -42 -43 45 -45 -46 -47 -48 -49 51 -51 -52 -53 60 54 -56 -57 -58 -59 -60 -61 -62 -63
leaf_value=-0.036822873912751679 -0.0027178110466551742 0.0098054887350249205 -0.0029502297770013061 -0.018358248957916153 -0.0079824735491496063 0.0050613969651247571 0.017874444062607679 -0.033791845765477217 -0.012075488909921319 -0.023854584120907293 -0.050450297723333516 -0.025415556436091398 0.022449464032103898 -0.0095945681671838513 -0.010819014933214506 -0.014778893125744966 0.016137951826090579 0.015097786545208314 -0.0048314263380472358 0.0004926734276790571 -0.025072095430118752 0.016793802109631627 0.013993833917001748 -0.0020169989301426182 -0.015699716300365076 -0.00047098088123906004 -0.00039816458685397227 0.0057867816248146761 -0.019708255694926281 0.0036273242959419085 -0.020041016018704366 0.0013595384589827984 0.011215670932050762 -0.011892906185693858 -0.032466972424640313 0.013791312467694659 0.011871784795356458 -0.040770656476832104 0.0065532032258393286 0.0086325382088568627 -0.028870784997557981 0.026468800132076583 -0.0090836814941322227 -0.016451145763760913 0.02101145527181934 -0.0046598017272570045 0.0064771114620529634 0.017983373869454498 -0.01292425570906703 0.020101952897884724 0.016119513234585572 -0.010551491536321195 0.0094413165516157235 0.017408549717881465 0.011538526345328946 0.0044735733546229211 0.0014546917604807265 -0.0087673447093047311 -0.0050147421419273553 -0.0078036025568580317 0.0064789569629356272 -0.044341425215586643
leaf_weight=175 152 857 233 315 91 811 1388 268 188 762 82 338 894 110 358 38 857 163 2056 387 322 296 583 1663 552 812 593 538 360 356 569 228 221 122 110 1267 795 179 878 469 467 312 331 1315 401 212 217 228 1086 800 632 614 696 65 575 1085 1854 1478 254 226 249 77
leaf_count=175 152 857 233 315 91 811 1388 268 188 762 82 338 894 110 358 38 857 163 2056 387 322 296 583 1663 552 812 593 538 360 356 569 228 221 122 110 1267 795 179 878 469 467 312 331 1315 401 212 217 228 1086 800 632 614 696 65 575 1085 1854 1478 254 226 249 77
internal_value=1.24063e-05 0.00971508 -0.0141009 -0.0239182 -0.00861056 0.00350717 0.0163026 -0.0213059 -0.0121386 -0.0252666 -0.0350159 -0.0316108 0.0193823 -0.00549067 -0.0172625 -0.0134999 0.0133087 0.00672253 -0.00647574 0.000596245 -0.0200688 0.0219598 0.01774 -0.0011405 -0.0137936 -0.00123595 0.00171442 0.00357477 -0.0222737 0.00172717 -0.0222406 0.00516571 0.00640939 -0.0165846 -0.0272154 0.0143545 0.0137814 -0.0439927 0.00834444 0.0103212 -0.0307086 0.0235104 -0.0060472 -0.0159122 0.0192469 -0.00736824 0.00888813 0.0151362 -0.0116466 0.0186977 0.0145742 -0.012074 0.00765384 0.0108199 0.0121609 0.00397867 0.00101001 -0.00830747 -0.00642125 -0.0088596 0.00866843 -0.0392864
internal_weight=34610 20510 14100 5056 9044 10560 9950 4095 4243 2066 961 700 4902 4801 2029 3467 5048 5017 3898 5543 1119 1903 2999 2171 910 903 3372 925 682 508 1331 2562 1249 437 448 3551 2694 261 2455 632 735 1206 776 1503 697 543 438 811 1964 2188 1899 1700 1823 1497 640 1313 2447 1842 364 264 945 252
internal_count=34610 20510 14100 5056 9044 10560 9950 4095 4243 2066 961 700 4902 4801 2029 3467 5048 5017 3898 5543 1119 1903 2999 2171 910 903 3372 925 682 508 1331 2562 1249 437 448 3551 2694 261 2455 632 735 1206 776 1503 697 543 438 811 1964 2188 1899 1700 1823 1497 640 1313 2447 1842 364 264 945 252
cat_boundaries=0 1 2 3 4 5 7 9
cat_threshold=1 4 4 1 1 1342177281 100745408 22298697 26019856
is_linear=0
shrinkage=0.05


Tree=17
num_leaves=63
num_cat=18
split_feature=3 3 3 3 3 3 3 3 3 3 3 3 3 3 0 3 3 0 0 0 0 0 0 0 0 3 9 0 2 3 6 5 3 0 1 0 6 5 6 3 0 6 1 2 6 5 1 6 6 3 6 9 9 3 6 5 9 3 6 6 3 5
split_gain=1721.95 340.417 268.342 70.8803 46.9625 30.9882 30.7514 13.5927 10.7751 8.50642 6.20274 4.84399 4.59718 3.51456 2.85365 2.71908 2.58761 2.35689 2.11848 2.11319 2.04731 1.91498 1.72947 1.61718 1.47375 1.31759 1.31278 1.23607 1.16701 1.07764 1.01737 1.00756 0.934028 0.907149 0.888499 0.858904 0.788202 0.781741 0.753947 0.735032 0.729856 0.729747 0.701993 0.69321 0.670634 0.669516 0.664872 0.704873 0.655803 0.634723 0.566521 0.565001 0.559295 0.557008 0.572276 0.554379 0.552741 0.65739 0.524564 0.663791 0.5126 0.506908
threshold=837.75000000000011 398.15000000000003 1531.5500000000002 201.55000000000004 585.75000000000011 1146.7 2352.3500000000004 113.00000000000001 294.05000000000007 1845.5000000000002 739.25000000000011 981.05000000000007 514.85000000000002 1377.4500000000003 0 143.95000000000002 2762.8000000000006 1 2 3 4 5 6 7 8 265.35000000000008 84.500000000000014 9 10 1991.9500000000003 1.6788350000000003 1.1702350000000001 665.95000000000016 11 12 13 2.7546500000000003 1.1106950000000002 1.8311250000000003 431.85000000000008 14 2.5373800000000006 15 16 1.4398500000000003 1.2114250000000002 17 1.9258950000000004 1.8910950000000002 652.95000000000016 1.8572450000000003 115.50000000000001 27.500000000000004 333.05000000000007 1.3493750000000002 1.1028350000000002 70.500000000000014 350.55000000000007 1.9399250000000003 2.2622800000000001 1735.45 1.0219850000000001
decision_type=2 2 2 2 2 2 2 2 2 2 2 2 2 2 1 2 2 1 1 1 1 1 1 1 1 2 2 1 9 2 2 2 2 1 9 1 2 2 2 2 1 2 9 9 2 2 9 2 2 2 2 2 2 2 2 2 2 2 2 2 2 2
left_child=1 3 5 7 12 11 9 -1 25 20 17 21 22 19 29 -9 33 32 43 46 -4 42 45 31 56 36 48 -15 -19 -11 -14 -12 -6 51 -25 -17 44 -20 -18 -24 -27 -32 -2 -13 -5 -3 -7 -48 -16 -30 -29 -8 -51 54 -26 -23 -10 -58 -21 -60 -22 -44
right_child=2 4 6 8 10 13 16 15 24 14 23 18 30 27 26 35 38 28 37 58 60 55 39 34 53 40 -28 50 49 -31 41 -33 -34 -35 -36 -37 -38 -39 -40 -41 -42 -43 61 -45 -46 -47 47 -49 -50 52 -52 -53 -54 -55 -56 -57 57 -59 59 -61 -62 -63
leaf_value=-0.043712496744155033 0.00023860644800156855 -0.014424087368328856 0.010617503525026759 -0.021375063336487359 -0.0081328722231861373 0.0077107267328431735 0.01635637814974665 -0.035436179662925484 -0.020874952889691475 0.012618167843980933 -0.0047839580173800224 0.00050436452913927123 -0.0051513908970971696 0.007948705673583082 0.010537064838481236 -0.030947746586738017 0.01997613247941895 -0.00068003331878571779 0.003439742997120208 0.009529414527325808 0.012619185906935421 0.00061194508143151845 -0.013143451716804231 -0.0026261482691171561 -0.011031606814691 -0.022999951559186771 0.017898583015979113 0.015285328509552137 -0.0062788241314145864 0.014981709608674188 -0.0098871365960977176 -0.001962600278754765 -0.0058745811666668438 0.020613246064518417 0.00034140301152065324 -0.026749332986845831 -0.020107559247289675 0.0060133872524304353 0.023296822365300708 -0.010334189123090323 -0.018927957714197648 -0.0049151835934736019 -0.0035320598811426789 0.0026890058176255831 -0.025808871386725048 -0.012014697447910415 0.0023523305901524071 0.0050868863665230919 0.015618596599179625 -0.0085249003834061091 0.010321534773153541 0.019201781871058771 -0.0035324117090810314 -0.015138686373181965 -0.018440138430080629 0.0027116124927678833 -0.019520385691780367 -0.016544229960619074 0.0063475881043966332 0.0096112129819535073 0.014991914304163384 -0.001029386236709664
leaf_weight=278 728 1086 1551 140 936 230 397 273 336 741 771 580 143 876 82 386 300 209 607 322 768 629 348 438 34 301 1227 69 510 1723 1426 540 932 616 576 302 117 585 768 863 250 81 302 1048 696 454 305 1077 552 61 564 462 666 574 351 629 498 402 681 209 391 613
leaf_count=278 728 1086 1551 140 936 230 397 273 336 741 771 580 143 876 82 386 300 209 607 322 768 629 348 438 34 301 1227 69 510 1723 1426 540 932 616 576 302 117 585 768 863 250 81 302 1048 696 454 305 1077 552 61 564 462 666 574 351 629 498 402 681 209 391 613
internal_value=1.15504e-05 -0.0127563 0.00975281 -0.0235035 -0.0074687 0.00404661 0.0157416 -0.0338606 -0.0200262 0.0140338 -0.00444645 0.00163035 -0.0113392 0.00723577 0.0154143 -0.0309681 0.0204586 -0.00583536 0.00310562 0.00619015 0.0118257 0.000195697 -0.012595 -0.00246506 -0.0177708 -0.0233038 0.0169125 0.00918719 -0.00431427 0.0142763 -0.00923912 -0.00362422 -0.00700989 0.0190506 -0.000964273 -0.0291463 -0.0245025 0.0047068 0.0223836 -0.0111517 -0.02119 -0.00962333 -0.00092818 0.00193108 -0.0250928 -0.013722 0.00499799 0.00445332 0.014979 -0.00488232 0.0108859 0.0179073 -0.00396245 -0.016231 -0.0178162 0.0016631 -0.0189514 -0.0182109 0.00777033 0.00712392 0.0134319 -0.00183829
internal_weight=34610 14978 19632 4938 10040 10054 9578 1239 3699 7035 5639 5721 4401 4333 4325 961 2543 3314 2820 2824 2710 2901 2751 2325 2195 1504 1861 1509 1446 2464 1650 1311 1868 1475 1014 688 953 1192 1068 1211 551 1507 1643 1628 836 1540 1612 1382 634 1237 633 859 727 959 385 1258 1236 900 1212 890 1159 915
internal_count=34610 14978 19632 4938 10040 10054 9578 1239 3699 7035 5639 5721 4401 4333 4325 961 2543 3314 2820 2824 2710 2901 2751 2325 2195 1504 1861 1509 1446 2464 1650 1311 1868 1475 1014 688 953 1192 1068 1211 551 1507 1643 1628 836 1540 1612 1382 634 1237 633 859 727 959 385 1258 1236 900 1212 890 1159 915
cat_boundaries=0 1 2 3 4 5 6 7 8 9 10 12 13 15 16 17 19 21 23
cat_threshold=1 1 1 1 1 1 1 1 1 1 134250624 184592386 1 1200884801 2416464928 1 1 1744875932 3516927388 831525704 201413418 101187728 536871968
is_linear=0
shrinkage=0.05


Tree=18
num_leaves=63
num_cat=4
split_feature=3 3 3 3 3 3 3 3 3 3 3 11 3 3 3 3 11 6 11 9 11 6 3 11 11 6 11 6 5 4 11 3 6 6 1 4 11 4 11 4 1 1 11 5 7 11 9 11 6 11 11 1 6 4 5 5 11 3 6 4 6 4
split_gain=1554.95 280.956 271.071 50.088 47.7598 40.2039 23.6428 10.0069 9.07591 6.93986 6.29985 6.24875 5.92503 2.93541 2.79276 1.739 1.68582 1.50668 1.38752 1.35624 1.34655 1.32644 1.31409 1.2826 1.19678 1.18961 1.17786 1.22768 1.15382 1.08403 1.02662 1.01768 0.99745 0.96687 0.963219 0.947385 0.94566 0.909884 0.896571 0.848052 0.806695 0.797563 0.751137 0.715916 0.698206 0.650708 0.840734 0.637327 0.637123 0.605829 0.602727 0.599676 0.587807 0.587189 0.549588 0.544351 0.542886 0.541431 0.52217 0.519738 0.508554 0.507561
threshold=791.05000000000007 1393.3500000000001 350.55000000000007 177.85000000000005 541.05000000000007 2018.0500000000002 1034.3500000000001 265.35000000000008 2480.9500000000003 113.00000000000001 431.85000000000008 3362.8615350000005 665.95000000000016 1204.4500000000003 920.45000000000016 2999.6500000000005 1501.640079 1.8240550000000002 3958.5981950000005 86.500000000000014 1765.6953920000003 1.8043250000000002 219.35000000000005 1214.1406265000003 1011.7521765 1.8201400000000001 844.05675400000018 1.2845100000000003 1.1883700000000001 33271.500000000007 4608.2850500000004 1735.45 1.9960950000000002 1.5809450000000003 0 22985.000000000004 1803.9903920000004 32595.500000000004 422.67920450000003 29618.500000000004 1 2 2222.5407380000001 1.0927050000000003 3.5000000000000004 1290.5153250000003 98.500000000000014 1132.6132800000003 2.7546500000000003 2788.5426310000007 1939.4269815000005 3 2.3156850000000007 28273.500000000004 1.0834750000000002 1.3107450000000003 1703.6766855000001 88.15000000000002 1.8572450000000003 25302.500000000004 1.3988550000000002 26007.500000000004
decision_type=2 2 2 2 2 2 2 2 2 2 2 2 2 2 2 2 2 2 2 2 2 2 2 2 2 2 2 2 2 2 2 2 2 2 9 2 2 2 2 2 9 9 2 2 2 2 2 2 2 2 2 9 2 2 2 2 2 2 2 2 2 2
left_child=2 6 3 9 10 11 14 22 18 57 24 19 16 37 28 30 17 -6 -7 49 21 -14 -5 25 33 -12 27 -9 36 -15 -10 35 43 -4 61 -13 44 40 -11 -20 -8 -23 -36 -21 56 46 -19 -27 60 -3 -39 -30 -52 -29 -41 -18 -2 -1 -45 -32 -24 -16
right_child=1 5 4 7 12 8 13 26 15 38 23 31 20 29 34 -17 55 45 39 32 -22 41 48 -25 -26 47 -28 53 51 -31 59 -33 -34 -35 42 -37 -38 50 -40 54 -42 -43 -44 58 -46 -47 -48 -49 -50 -51 52 -53 -54 -55 -56 -57 -58 -59 -60 -61 -62 -63
leaf_value=-0.044698978343180248 -0.0055326671934676523 0.005317476495272584 -0.011302757889498026 -0.025991664943353972 -0.0047662270137888577 0.013150994739274389 0.0052364834454431582 -0.0093592815101146698 0.015159565772650378 -0.032683108189920769 -0.0092341321627354266 0.0071981007863695812 -0.0011787812013845367 0.0054574364055587216 -0.0021191993753951841 0.023136897522317786 -0.0037975213584776216 -0.01049178346431167 0.014947226487201003 0.0097771313950055991 -9.4950730468750609e-05 -0.0055470964953872439 -0.018307687583215097 -0.0077219150105211276 -0.01091795038804412 -0.01241652717544048 -0.01451616802149349 -0.020627838440800777 0.0020497795662673857 0.007742756050448496 0.017604902857734313 0.01330847140638433 0.0090874699695046007 -0.015592983206825754 0.001683045785994377 0.011937205640218801 -0.00033218794545615608 0.010057652019895613 -0.02666021046627845 0.015741057008425499 0.0023271703997158051 -0.0035214170453897508 0.0047689644468182808 0.016026322428530793 -0.001390911651587959 -0.007017622294918229 -0.0076725762989016556 -0.0099653170710525991 -0.017666454816406423 0.008566141753766526 0.0042970523213763058 -0.00047538461533886116 0.0081018813776419212 -0.018392397200713104 0.017719487612875402 0.0031305944254771539 -0.002218617595683195 -0.038073756694793709 0.011891704318961737 0.020235308208139607 -0.02377598791608828 0.00075401330110531407
leaf_weight=139 276 179 159 677 429 484 332 35 158 435 583 129 329 1250 211 390 152 471 1033 286 221 1171 67 305 199 1353 179 583 341 909 309 2327 731 1421 1303 763 695 55 111 750 1085 1175 232 122 491 891 654 366 76 885 989 701 114 992 971 34 227 139 290 1140 548 558
leaf_count=139 276 179 159 677 429 484 332 35 158 435 583 129 329 1250 211 390 152 471 1033 286 221 1171 67 305 199 1353 179 583 341 909 309 2327 731 1421 1303 763 695 55 111 750 1085 1175 232 122 491 891 654 366 76 885 989 701 114 992 971 34 227 139 290 1140 548 558
internal_value=1.08536e-05 0.00869006 -0.0129296 -0.023949 -0.00850228 0.0141903 0.0025257 -0.0210705 0.017357 -0.0349381 -0.012398 0.0112856 -0.00540909 0.00506207 0.00014043 0.0200215 -0.00712702 -0.00747623 0.0157081 0.00939717 -0.00384644 -0.00415623 -0.0243102 -0.0108224 -0.0146996 -0.0112297 -0.0185811 -0.0190237 -0.000941024 0.00642276 0.0192515 0.0127447 0.0104124 -0.0151687 0.00142216 0.0112607 -0.00174788 0.00391915 -0.0315097 0.0161526 0.00306537 -0.0045731 0.00213833 0.0117851 -0.0027364 -0.00805026 -0.00886115 -0.0119007 -0.0226275 0.00802511 0.00496033 0.000367257 0.00469728 -0.0192324 0.0168669 -0.00252112 -0.00404443 -0.0415347 0.0131519 0.0196869 -0.0232109 -3.56113e-05
internal_weight=34610 20716 13894 3981 9913 10947 9769 3157 5235 824 4386 5712 5527 4734 5035 1997 2631 2445 3238 2493 2896 2675 1368 2607 1779 2302 1789 1610 2731 2159 1607 3219 1429 1580 2304 892 1689 2575 546 2754 1417 2346 1535 698 994 2016 1125 1719 691 1064 1158 1042 1103 1575 1721 186 503 278 412 1449 615 769
internal_count=34610 20716 13894 3981 9913 10947 9769 3157 5235 824 4386 5712 5527 4734 5035 1997 2631 2445 3238 2493 2896 2675 1368 2607 1779 2302 1789 1610 2731 2159 1607 3219 1429 1580 2304 892 1689 2575 546 2754 1417 2346 1535 698 994 2016 1125 1719 691 1064 1158 1042 1103 1575 1721 186 503 278 412 1449 615 769
cat_boundaries=0 2 4 6 8
cat_threshold=357698113 881410084 172491922 1075841072 56499208 2483188865 696426624 1495270035
is_linear=0
shrinkage=0.05


Tree=19
num_leaves=63
num_cat=17
split_feature=3 3 3 3 3 3 3 3 3 3 11 3 3 0 0 0 3 11 0 0 0 3 11 11 0 3 0 3 0 0 0 4 5 3 4 5 2 2 11 2 4 3 2 4 9 5 11 0 4 4 9 5 9 4 3 3 9 5 11 11 11 0
split_gain=1403.7 253.58 244.915 57.974 36.3027 28.8614 21.3479 12.7224 8.56338 7.31054 5.29947 3.32722 3.03685 2.95702 2.90771 2.15191 1.78454 1.75092 1.67781 1.63918 1.57202 1.56745 1.55873 1.54365 1.33468 1.18389 1.12341 1.10642 1.04287 1.03159 1.00531 0.997131 0.959839 0.958195 0.954118 0.91045 0.884143 0.796085 0.791857 0.778551 0.711668 0.702481 0.684355 0.67422 0.660558 0.659408 0.636816 0.609039 0.592931 0.573949 0.564507 0.550509 0.544822 0.535887 0.51056 0.506982 0.505778 0.491366 0.481 0.457596 0.455154 0.452638
threshold=791.05000000000007 1393.3500000000001 398.15000000000003 209.20000000000002 2006.4500000000003 571.60000000000014 1034.3500000000001 129.15000000000001 2444.6500000000001 294.05000000000007 3362.8615350000005 665.95000000000016 475.05000000000007 0 1 2 88.15000000000002 4939.9119950000013 3 4 5 1186.1000000000001 1816.9296425000002 936.89215550000006 6 913.1500000000002 7 1146.7 8 9 10 24203.500000000004 1.0856150000000002 2999.6500000000005 27742.500000000004 1.1081900000000002 11 12 1600.6398875000002 13 24203.500000000004 177.85000000000005 14 31199.500000000004 84.500000000000014 1.0698050000000003 3900.9954250000005 15 27837.500000000004 28093.500000000004 81.500000000000014 1.0219850000000001 75.500000000000014 28273.500000000004 265.35000000000008 1763.9500000000003 27.500000000000004 1.0186700000000002 1290.5153250000003 1895.6155475000003 1366.5061775000001 16
decision_type=2 2 2 2 2 2 2 2 2 2 2 2 2 1 1 1 2 2 1 1 1 2 2 2 1 2 1 2 1 1 1 2 2 2 2 2 9 9 2 9 2 2 9 2 2 2 2 1 2 2 2 2 2 2 2 2 2 2 2 2 2 1
left_child=2 6 3 7 10 12 14 16 15 28 18 24 29 21 22 46 -1 -10 44 37 40 43 32 34 38 36 41 -15 -5 -4 56 50 -2 47 -11 -17 -16 -13 -7 -24 55 -9 -21 -8 -3 58 -6 -19 -20 -39 -29 -31 -27 -23 -30 -12 -14 -36 -26 -44 -32 -50
right_child=1 4 5 9 8 11 13 26 17 23 20 19 30 27 25 35 -18 33 48 42 -22 53 39 -25 45 52 -28 31 54 51 60 -33 -34 -35 57 -37 -38 49 -40 -41 -42 -43 59 -45 -46 -47 -48 -49 61 -51 -52 -53 -54 -55 -56 -57 -58 -59 -60 -61 -62 -63
leaf_value=-0.042479993139526676 -0.0035083049505584517 0.0085000448872016958 -0.0098464201323710566 -0.022059569331661085 0.011665470664686338 -0.0047127312619606654 0.0013087792270859596 -0.030661553675346533 0.016090837850349364 -0.01801599091965787 0.0059707828893743719 -0.0026837371833837256 -0.013030864404780525 0.004736467318885558 -0.00132540085910347 0.01496459590205064 -0.03456390094544206 0.02079881872382202 0.0069664359078493738 -0.0035215268238564601 0.013261031382862007 0.0035236246539484236 -0.0016020098235213565 -0.011227506049203152 -0.0097462398400922044 0.00098641466787898727 -0.02444215291328454 0.0010311978457003147 -0.020396076316153245 -0.01387222714626811 -0.0082531501751346142 0.0078697823465658217 -0.00071457457818962589 0.021998527355683157 -0.017031563744431696 0.017679539759953816 0.0015109365641979009 -0.0069977808297844602 0.0021397792637605777 0.00079307007489369617 0.011454561094803842 -0.026342887982919616 -0.00146155487461264 0.0035622978291622201 0.012463289159268811 -0.0061030965092505555 0.014122616962387927 0.018141114933782124 0.0083476146356995812 -0.0046463490966094211 0.0060064443845984118 -0.011749329611857512 0.0035038084162209576 0.0056289700651980176 -0.017068717836502541 0.010337293054388222 -0.009711023584173327 -0.014831754364678743 -0.0069708001856444842 0.0044144324542555423 -0.0044176193890679213 0.010727053671745358
leaf_weight=139 678 157 495 756 366 444 629 246 473 684 115 449 139 764 442 704 279 378 654 597 1446 466 465 164 308 308 406 86 360 546 872 1011 563 389 462 674 690 399 46 1171 1348 307 634 706 400 786 1490 895 1010 783 171 900 718 901 250 178 1082 885 353 34 89 270
leaf_count=139 678 157 495 756 366 444 629 246 473 684 115 449 139 764 442 704 279 378 654 597 1446 466 465 164 308 308 406 86 360 546 872 1011 563 389 462 674 690 399 46 1171 1348 307 634 706 400 786 1490 895 1010 783 171 900 718 901 250 178 1082 885 353 34 89 270
internal_value=1.01131e-05 0.00825643 -0.0122849 -0.0212242 0.0134819 -0.00735425 0.00240009 -0.029942 0.0164181 -0.0178457 0.0106532 -0.00473108 -0.0104273 0.00481022 0.000133537 0.0147826 -0.0372914 0.0188875 0.00892868 -0.00365586 0.0120414 0.00372399 -0.000906986 -0.0160383 -0.00633591 0.00152052 -0.0267031 0.00625206 -0.0207362 -0.0118734 -0.00913603 0.00716079 -0.00224248 0.0196733 -0.016421 0.0163044 0.000404907 -0.00470366 -0.00406639 0.000106813 0.0109593 -0.0283159 -0.00230227 0.0025023 0.0113634 -0.0071011 0.0136446 0.018946 0.00822196 -0.00539971 0.00435203 -0.01256 0.0027498 0.00491437 -0.0190626 0.00864961 -0.0100993 -0.0155983 -0.00827681 -0.0011393 -0.0079029 0.00885751
internal_weight=34610 20716 13894 4938 10947 8956 9769 1377 5369 3561 5578 4833 4123 4734 5035 3234 418 2135 2491 2896 3087 2702 2877 2195 1937 2158 959 2032 1366 1941 2182 1268 1241 1662 2031 1378 1132 1631 490 1636 1641 553 1265 1335 557 1447 1856 1273 1934 1182 257 1446 1026 1367 610 293 1221 1347 661 668 961 1280
internal_count=34610 20716 13894 4938 10947 8956 9769 1377 5369 3561 5578 4833 4123 4734 5035 3234 418 2135 2491 2896 3087 2702 2877 2195 1937 2158 959 2032 1366 1941 2182 1268 1241 1662 2031 1378 1132 1631 490 1636 1641 553 1265 1335 557 1447 1856 1273 1934 1182 257 1446 1026 1367 610 293 1221 1347 661 668 961 1280
cat_boundaries=0 1 2 3 4 5 6 7 8 9 10 11 13 15 17 19 20 21
cat_threshold=1 1 1 4 1 1 4 1 1 4 1 1724925249 394838016 1476994060 1109402336 84951689 469846016 668342282 2483704064 4 1
is_linear=0
shrinkage=0.05


Tree=20
num_leaves=63
num_cat=4
split_feature=3 3 3 3 3 3 3 3 3 11 3 3 3 3 11 2 3 11 4 2 3 4 3 11 3 6 9 4 5 6 6 6 6 11 6 4 11 3 5 5 3 11 11 6 9 5 11 5 11 6 4 6 4 2 6 3 2 4 5 5 6 5
split_gain=1267.72 242.019 208.656 53.5419 29.8797 25.2654 24.0955 11.8243 6.97711 5.77882 4.23171 3.57188 3.08245 2.50926 2.45568 1.84899 1.52329 1.41241 1.31826 1.39614 1.23775 1.18368 1.15127 1.14559 1.14232 1.12499 1.12098 1.05069 1.03484 0.963761 0.9432 0.920796 0.843587 0.818742 0.795931 0.791228 0.765989 0.758297 0.74545 0.733746 0.733412 1.00643 0.721052 0.962652 0.687468 0.682949 0.68262 0.645287 0.611494 0.60987 0.604942 0.601505 0.557319 0.716813 0.633544 0.535692 0.529804 0.526859 0.526247 0.507048 0.5056 0.505284
threshold=826.05000000000007 405.65000000000003 1531.5500000000002 185.55000000000004 571.60000000000014 1107.4500000000003 2283.2500000000005 287.85000000000008 113.00000000000001 3785.0404965000002 678.40000000000009 974.35000000000002 1333.3500000000001 501.35000000000008 4746.7239820000004 0 239.45000000000002 936.89215550000006 31557.500000000004 1 143.95000000000002 29238.500000000004 1935.7000000000003 1157.1081670000001 2999.6500000000005 2.4734450000000003 47.500000000000007 32506.500000000004 1.1549950000000002 2.2791250000000001 1.5064750000000002 1.8496350000000004 1.8735950000000001 3150.9532275000006 2.2027150000000004 29387.500000000004 1011.7521765 1735.45 1.2164050000000002 1.1676650000000002 333.05000000000007 796.8591540000001 599.21940800000016 1.4753200000000002 89.500000000000014 1.0635600000000001 1778.3193825000005 1.2488900000000001 2457.6303310000003 1.8043250000000002 20348.500000000004 2.4249400000000008 32683.500000000004 2 1.8201400000000001 88.15000000000002 3 25708.500000000004 1.1351900000000004 1.2084450000000002 1.8311250000000003 1.2756350000000003
decision_type=2 2 2 2 2 2 2 2 2 2 2 2 2 2 2 9 2 2 2 9 2 2 2 2 2 2 2 2 2 2 2 2 2 2 2 2 2 2 2 2 2 2 2 2 2 2 2 2 2 2 2 2 2 9 2 2 9 2 2 2 2 2
left_child=1 3 5 8 13 11 9 16 55 28 25 18 26 23 44 46 42 30 19 60 -10 59 -11 31 34 32 48 -14 33 52 -9 -3 -6 -4 58 56 -33 50 -20 51 41 -32 43 -5 -8 -23 49 -24 -7 -12 -30 -15 53 -13 -54 -1 -28 -49 -16 -17 -2 -18
right_child=2 4 6 7 10 12 14 17 20 22 15 29 27 39 24 21 61 -19 38 -21 -22 45 47 -25 -26 -27 35 -29 37 -31 40 36 -34 -35 -36 -37 -38 -39 -40 -41 -42 -43 -44 -45 -46 -47 -48 57 -50 -51 -52 -53 54 -55 -56 -57 -58 -59 -60 -61 -62 -63
leaf_value=-0.040285135847879641 -0.010124618505247899 -0.0096212530919010299 0.0075132850232054894 -0.019491865415928775 -0.0042258297234059996 0.0013831304395081668 0.013390705726175969 -0.012252129213168072 -0.030702745220588364 0.011638566862620594 0.00056732050305400347 5.6158653266832783e-06 0.0064072623654168291 -0.0096045353014772225 0.017268306110760873 -0.0064605268834871934 -0.019831643895547195 -0.011175350441736877 0.00012791226639279898 -0.00035967397523413376 -0.025823731167775366 -0.0044148189779859423 0.013245360721785138 -0.007435648194544453 0.020667311431739131 -0.0011808075461294352 0.0019325578245989736 0.0087823852168684696 0.0055569099138180417 0.0051070159171056496 -0.018120456761076251 -0.013036951688920318 -0.0066721752461931065 0.010077710019631252 0.015998893412027714 0.0060942660760761949 -0.010651083060436779 0.013518241862630287 0.0025662766184739254 -0.006975306719261453 -0.015123295862519859 -0.013687651042566926 -0.018101154026147481 -0.024158026692880828 0.016961399908279228 -0.002072586906501184 0.00095922513639918727 0.012446296587586404 0.0048412879847402127 -0.0025718890918447674 0.010997242824479076 -0.0056547478829389042 0.0069400321050650544 0.0024294076533503059 0.002512873804699953 -0.034089368467147538 0.0049028884187457588 0.015849653196177985 0.019597884649312117 -0.003673045341749866 -0.0034041020449755406 -0.016329071338636331
leaf_weight=140 30 657 411 180 460 314 447 207 261 913 182 573 1075 883 658 525 664 206 1003 1199 425 552 1962 230 405 122 243 851 59 286 654 777 1615 1540 621 1455 674 341 455 664 1223 182 110 527 228 720 215 173 216 1019 638 114 89 655 835 142 787 569 565 244 329 165
leaf_count=140 30 657 411 180 460 314 447 207 261 913 182 573 1075 883 658 525 664 206 1003 1199 425 552 1962 230 405 122 243 851 59 286 654 777 1615 1540 621 1455 674 341 455 664 1223 182 110 527 228 720 215 173 216 1019 638 114 89 655 835 142 787 569 565 244 329 165
internal_value=-1.71988e-05 -0.0111343 0.00820653 -0.0199602 -0.00648246 0.00330687 0.01355 -0.0174649 -0.030547 0.0118734 -0.00414178 0.000960324 0.00589633 -0.00978998 0.0173325 -0.00304979 -0.0207598 -0.0152634 -0.000190181 -0.00120104 -0.027722 -0.0040126 0.0132223 -0.0108511 0.0181398 -0.00585786 0.00489485 0.00746072 0.0102372 0.00238308 -0.0156299 -0.01122 -0.00613215 0.00954161 0.0175737 0.00534056 -0.0119368 0.0115341 0.000890093 -0.00829078 -0.0159634 -0.0171729 -0.0223627 -0.0229992 0.0146201 -0.0030917 -0.0016204 0.0137525 0.00279896 -0.0020961 0.0105453 -0.00915902 0.00201887 0.00131917 0.00294634 -0.0372968 0.00427097 0.015074 0.0183597 -0.00558199 -0.00388437 -0.019155
internal_weight=34664 14739 19925 5086 9653 10395 9530 4118 968 6606 5654 5454 4941 3999 2924 3457 1646 2472 3016 1558 686 2041 3617 2338 2249 2197 3015 1926 2989 2438 2266 2108 2075 1951 1844 2485 1451 1038 1458 1661 2059 836 817 707 675 1272 1416 2704 530 1201 697 997 2152 1228 924 282 1030 742 1223 769 359 829
internal_count=34664 14739 19925 5086 9653 10395 9530 4118 968 6606 5654 5454 4941 3999 2924 3457 1646 2472 3016 1558 686 2041 3617 2338 2249 2197 3015 1926 2989 2438 2266 2108 2075 1951 1844 2485 1451 1038 1458 1661 2059 836 817 707 675 1272 1416 2704 530 1201 697 997 2152 1228 924 282 1030 742 1223 769 359 829
cat_boundaries=0 2 4 6 8
cat_threshold=1208562124 1633693427 613433537 17336321 336613581 201946080 1283461697 4262
is_linear=0
shrinkage=0.05


Tree=21
num_leaves=63
num_cat=9
split_feature=3 3 11 3 3 3 3 3 11 3 3 3 3 3 11 2 3 1 11 11 6 5 9 6 1 4 3 3 9 1 5 11 4 4 11 6 2 4 1 6 4 6 9 9 3 5 6 11 9 4 5 1 6 1 5 4 9 2 4 11 11 6
split_gain=1144.39 218.524 188.425 44.3012 32.1606 23.9385 20.9189 10.6809 4.69728 4.69596 4.22788 4.17937 3.67164 2.5229 2.21538 1.67524 1.32903 1.24253 1.24018 1.21518 1.21339 1.20324 1.08114 1.06751 1.08499 1.06424 1.04833 1.0318 1.02234 1.02586 0.942107 0.872506 0.855825 0.794546 0.794336 0.93625 0.789173 0.778439 0.77798 0.752195 0.734442 0.718472 0.696953 0.694686 0.655893 0.80229 0.655433 0.624183 0.621324 0.621196 0.603058 0.593827 0.591721 0.591517 0.617786 0.581187 0.580132 0.558167 0.520302 0.500789 0.496482 0.640232
threshold=826.05000000000007 383.25000000000006 3150.9532275000006 177.85000000000005 564.75000000000011 1146.7 2283.2500000000005 265.35000000000008 3785.0404965000002 113.00000000000001 974.35000000000002 678.40000000000009 437.45000000000005 1377.4500000000003 4746.7239820000004 0 314.05000000000007 1 616.12715800000012 469.12082850000007 1.5606650000000004 1.1132850000000001 89.500000000000014 2.4734450000000003 2 29238.500000000004 1935.7000000000003 2999.6500000000005 55.500000000000007 3 1.0809400000000002 1214.1406265000003 29314.500000000004 28365.000000000004 785.30233600000008 1.6150700000000002 4 24660.000000000004 5 2.3549650000000004 31557.500000000004 2.2027150000000004 78.500000000000014 91.500000000000014 1706.6500000000003 1.1744050000000004 1.6561650000000003 1157.1081670000001 89.500000000000014 31485.500000000004 1.3107450000000003 6 1.9960950000000002 7 1.1846450000000002 33907.500000000007 64.500000000000014 8 24203.500000000004 2870.2364010000006 2076.4084510000007 1.9481900000000001
decision_type=2 2 2 2 2 2 2 2 2 2 2 2 2 2 2 9 2 9 2 2 2 2 2 2 9 2 2 2 2 9 2 2 2 2 2 2 9 2 9 2 2 2 2 2 2 2 2 2 2 2 2 9 2 9 2 2 2 9 2 2 2 2
left_child=1 3 5 9 12 10 8 18 37 -1 17 23 39 33 48 38 34 40 20 -11 -5 31 -15 24 -6 53 -10 41 -12 -30 -19 -14 -18 -7 35 -9 -31 -4 -13 42 -2 -16 -3 -26 -39 -46 -23 -48 -8 -28 51 -35 55 54 58 -24 -27 -53 -17 -52 61 -32
right_child=2 4 6 7 11 13 14 16 26 19 28 15 21 22 27 25 32 30 -20 -21 -22 46 52 -25 43 56 49 -29 29 36 60 -33 -34 50 -36 -37 -38 44 -40 -41 -42 -43 -44 -45 45 -47 47 -49 -50 -51 59 57 -54 -55 -56 -57 -58 -59 -60 -61 -62 -63
leaf_value=-0.035445064830169237 -0.0032402927507580465 -0.015218569698328733 0.0081539586674035432 -0.018875751400265598 -0.007394034944459827 0.0039159820493826379 0.012722664989996703 -0.014183756964650133 0.011050605461790377 -0.027919626221000911 0.00075892169328074452 -0.002781502315807453 -0.010247202738213602 0.0060950164142621679 0.01744317722817262 -0.0069963533023040597 -0.015834185386088908 -0.00066603498386835324 -0.01721775865255485 -0.018152418940566305 -0.022667235517968436 -0.0052709359914346159 0.0083121576612132098 -0.0012400962705159503 -0.0064310209176650177 -0.0048472703131543721 0.012232069454560724 0.01963649112088927 0.0017059641745611623 0.0060035794491950885 0.002836475750701185 -0.0070432460156954688 -0.013289597110031585 0.0068691743309152332 -0.012641619107985903 -0.018282198936751207 0.0030598430247346839 0.0093440900620649081 -0.00045219484610433742 -0.0098757202109845815 -0.00029333888464585351 0.015200234896883706 -0.011921443753280081 -0.0040401640002594883 0.010203468875297089 0.01315658596796649 -0.0088902673832394093 -0.0062502347459319589 0.016117033297318038 0.013829411364603587 0.007018433230346054 0.00068943545275109536 0.0071032399242052556 -0.0041525085370045746 -0.0044003176237547214 0.01177372063600248 -0.0023379651677590567 0.0048192348248906622 -0.013331340441007667 0.013828061160165817 0.0040490609778759956 0.00014712429340472423
leaf_weight=282 436 237 582 350 858 1035 447 206 915 497 674 688 1356 795 1223 72 603 1004 228 42 791 237 318 131 474 306 1301 405 1000 353 326 264 903 488 117 652 956 1092 766 319 410 621 665 875 806 349 878 317 228 1403 245 108 387 539 76 216 944 931 66 31 155 685
leaf_count=282 436 237 582 350 858 1035 447 206 915 497 674 688 1356 795 1223 72 603 1004 228 42 791 237 318 131 474 306 1301 405 1000 353 326 264 903 488 117 652 956 1092 766 319 410 621 665 875 806 349 878 317 228 1403 245 108 387 539 76 216 944 931 66 31 155 685
internal_value=-1.64224e-05 -0.0105789 0.00779704 -0.0195162 -0.00643095 0.00321442 0.0129562 -0.017259 0.0113616 -0.0300675 0.00113922 -0.00400324 -0.00972168 0.00594723 0.0164677 -0.00289756 -0.0152875 -0.000180917 -0.020818 -0.0271936 -0.0215218 -0.00878759 0.00746311 -0.00563618 -0.00589644 -0.00383522 0.0125594 0.0172344 0.00247358 0.00297355 0.000454261 -0.00972974 -0.0143183 0.00502834 -0.0167685 -0.0173158 0.0038971 0.00982539 -0.00156698 -0.0120474 -0.00179296 0.0166965 -0.0128037 -0.00484847 0.0102545 0.0111064 -0.0077157 -0.00819575 0.0138914 0.0130657 0.00566436 0.00526798 0.00863615 -0.00534037 -0.00774559 0.00973173 -0.00295563 0.00440168 -0.0101002 0.00783044 0.00142254 0.00101626
internal_weight=34664 14739 19925 4671 10068 10553 9372 3850 6448 821 5999 5795 4273 4554 2924 3457 2481 3016 1369 539 1141 3052 1716 2338 2207 2003 3619 2249 2983 2309 2170 1620 1506 2838 975 858 1309 2829 1454 1221 846 1844 902 1349 2247 1155 1432 1195 675 2704 1803 1527 921 753 214 534 1250 1039 138 276 1166 1011
internal_count=34664 14739 19925 4671 10068 10553 9372 3850 6448 821 5999 5795 4273 4554 2924 3457 2481 3016 1369 539 1141 3052 1716 2338 2207 2003 3619 2249 2983 2309 2170 1620 1506 2838 975 858 1309 2829 1454 1221 846 1844 902 1349 2247 1155 1432 1195 675 2704 1803 1527 921 753 214 534 1250 1039 138 276 1166 1011
cat_boundaries=0 2 4 6 8 10 12 14 16 18
cat_threshold=1208594892 1633726179 80889953 2718269473 55974921 470286352 1469454145 915489315 73417236 1367352320 1766067202 2358137440 177736224 556271636 72482816 268985472 1082393600 1073741888
is_linear=0
shrinkage=0.05


Tree=22
num_leaves=63
num_cat=17
split_feature=3 3 3 3 3 3 3 3 3 3 11 0 3 3 0 0 0 0 0 3 0 11 0 2 0 0 3 3 3 11 6 11 3 2 4 3 5 0 6 9 9 2 4 4 2 4 6 2 4 4 11 2 4 3 6 5 11 5 5 5 4 4
split_gain=1033.2 200.445 167.137 47.2164 22.5039 21.302 17.7136 11.372 5.67312 3.57938 3.56991 2.79438 2.79178 2.55153 2.22215 1.8727 1.82158 1.75067 1.52301 1.47214 1.4696 1.41431 1.40353 1.17409 1.13447 1.06737 1.05427 1.02926 1.02448 0.935643 0.908964 0.903657 0.901183 0.863649 0.74059 0.730331 0.72435 0.716847 0.708964 0.690707 0.683649 0.647224 0.64337 0.631251 0.627756 0.625819 0.594998 0.581926 0.57832 0.562111 0.548119 0.534807 0.534198 0.532598 0.529736 0.52512 0.52233 0.519502 0.518275 0.513036 0.500129 0.487659
threshold=832.45000000000016 422.50000000000006 1588.7500000000002 185.55000000000004 1146.7 612.1500000000002 2283.2500000000005 287.85000000000008 113.00000000000001 974.35000000000002 3785.0404965000002 0 525.6500000000002 739.25000000000011 1 2 3 4 5 1377.4500000000003 6 4608.2850500000004 7 8 9 10 143.95000000000002 1377.4500000000003 239.45000000000002 5137.623195000001 2.2383750000000004 1513.8560980000004 364.25000000000006 11 33172.500000000007 2933.6500000000001 1.1627850000000002 12 2.4636550000000006 41.500000000000007 62.500000000000007 13 32750.500000000004 33088.500000000007 14 30710.000000000004 1.9177850000000003 15 25801.500000000004 28448.500000000004 3272.3535160000006 16 23842.500000000004 88.15000000000002 1.7864000000000002 1.1295450000000002 1226.3346780000002 1.0834750000000002 1.3715950000000003 1.2279450000000003 25085.500000000004 34247.500000000007
decision_type=2 2 2 2 2 2 2 2 2 2 2 1 2 2 1 1 1 1 1 2 1 2 1 9 1 1 2 2 2 2 2 2 2 9 2 2 2 1 2 2 2 9 2 2 9 2 2 9 2 2 2 9 2 2 2 2 2 2 2 2 2 2
left_child=1 3 4 8 9 12 10 20 53 15 24 19 25 22 29 33 30 42 32 44 28 -16 47 61 46 -3 -10 52 48 -8 -12 40 38 43 -27 -23 -18 -25 54 -19 56 57 51 -2 -6 -20 -4 -7 -5 -17 -26 -11 -13 -1 -9 -46 -14 -24 -47 -22 -35 -15
right_child=2 5 6 7 11 13 14 18 26 17 16 27 31 23 21 49 36 39 45 -21 59 35 41 37 50 34 -28 -29 -30 -31 -32 -33 -34 60 -36 -37 -38 -39 -40 -41 -42 -43 -44 -45 55 58 -48 -49 -50 -51 -52 -53 -54 -55 -56 -57 -58 -59 -60 -61 -62 -63
leaf_value=-0.036525480512608871 -0.0044409389007450213 -0.007401009206570954 0.014054784689878308 -0.025410411648195366 0.0056476175722721678 -0.0064444611701935592 0.015540181792407445 -0.014003989806300715 -0.027784677936148101 0.0025340721966029753 0.011604505079286592 0.0039873864093736685 -0.009980462620020376 -0.0044376397926765314 0.012267135729065591 -3.7018523908752776e-05 0.01223880510672508 0.0010931793514145638 -0.013364125914049389 0.0061174549200362907 -0.017954404155898374 0.01487983691169583 -0.0059364522802376508 -0.002103125072309539 0.0074573044177322165 -0.010667584655660712 -0.023300520692702751 0.0085708162753137026 -0.018331902683560365 0.019506102223912705 0.0091908560519249598 0.0014177143454019514 -0.013100225369377836 -0.0024913323803437901 -0.0085878149913552471 0.017451093966762223 0.014440165449389451 0.0002127848157637333 -0.011728955304422299 0.0042764386830850447 -0.0062225194604778686 -0.0018087694308990218 0.0023963668023231867 -0.00080663710432418159 0.0022078483688730715 -0.011349282953827899 0.010358770823603525 -0.0041657111693351725 -0.020676348169884048 0.0021631422334750646 0.0094119294670761289 -0.00021391971991492468 0.0067352629686741692 -0.030636958840426866 -0.017041049230553159 0.0042488283463929851 -0.0064838712029159076 -0.0028891581313329976 -0.004718457091161434 -0.014817371267568449 8.4731815413648006e-05 -0.0019810559723003602
leaf_weight=140 300 652 171 115 373 723 266 246 261 222 1331 221 257 531 455 462 995 204 597 1121 511 1333 265 759 503 1060 425 800 458 463 592 34 696 237 781 407 694 596 118 1060 1437 631 761 199 680 617 381 831 331 780 1536 736 1010 142 563 594 199 303 33 231 904 330
leaf_count=140 300 652 171 115 373 723 266 246 261 222 1331 221 257 531 455 462 995 204 597 1121 511 1333 265 759 503 1060 425 800 458 463 592 34 696 237 781 407 694 596 118 1060 1437 631 761 199 680 617 381 831 331 780 1536 736 1010 142 563 594 199 303 33 231 904 330
internal_value=-1.56302e-05 -0.00997294 0.00746745 -0.0175672 0.00321612 -0.00553581 0.0124338 -0.0154128 -0.0275921 0.00113809 0.0109175 0.00575497 -0.00806083 -0.00328859 0.0156457 -0.000118637 0.0119383 0.0023519 -0.0135015 0.00471797 -0.0187351 0.0148286 -0.00430515 -0.00202431 0.00949039 -0.00916874 -0.0250446 0.00716524 -0.0201398 0.0180823 0.0108666 -0.00662349 -0.01453 -0.00122749 -0.00979043 0.015491 0.0131513 -0.00107712 -0.0155882 0.00376396 -0.00676859 -0.00301553 0.00131202 -0.00293735 0.00376231 -0.0121523 0.0115271 -0.0052976 -0.0219511 0.00134535 0.00893364 0.000449052 0.00624558 -0.0336791 -0.016136 0.00313743 -0.00847206 -0.00424421 -0.0110204 -0.016999 -0.000448138 -0.00345935
internal_weight=34664 14873 19791 5484 10664 9389 9127 4516 968 5865 6203 4799 4420 4969 2924 2882 3612 2983 2870 2768 1646 2195 2753 2216 2591 2493 686 2031 904 729 1923 1927 1623 1640 1841 1740 1689 1355 927 1264 1893 1199 1719 499 1647 1247 552 1554 446 1242 2039 958 1231 282 809 1274 456 568 650 742 1141 861
internal_count=34664 14873 19791 5484 10664 9389 9127 4516 968 5865 6203 4799 4420 4969 2924 2882 3612 2983 2870 2768 1646 2195 2753 2216 2591 2493 686 2031 904 729 1923 1927 1623 1640 1841 1740 1689 1355 927 1264 1893 1199 1719 499 1647 1247 552 1554 446 1242 2039 958 1231 282 809 1274 456 568 650 742 1141 861
cat_boundaries=0 1 2 3 4 5 6 7 8 10 11 12 14 15 17 19 21 23
cat_threshold=1 4 1 1 1 1 1 1 650511361 2525646864 4 4 1150304481 841857 1 1137851392 277500168 403228672 19398659 189843460 2424967584 683672580 295830528
is_linear=0
shrinkage=0.05


Tree=23
num_leaves=63
num_cat=24
split_feature=11 11 11 11 11 11 11 7 11 5 11 11 11 7 11 9 0 11 11 11 0 5 9 9 0 0 9 11 11 1 9 0 0 0 1 0 2 0 0 4 4 4 0 0 0 7 7 2 2 1 1 5 2 4 11 1 1 4 4 5 4 0
split_gain=929.136 162.233 150.916 33.3261 21.0259 18.9659 15.7921 7.57937 5.28486 5.21088 3.56569 3.33117 3.14756 3.07747 2.83094 2.59622 2.21178 2.19687 1.98999 1.8598 1.83301 1.50542 1.41217 1.36133 1.26579 1.23038 1.16929 1.42268 1.12823 1.09564 1.03248 1.03083 1.00769 0.967709 0.912188 0.852456 0.814732 0.786708 0.750579 0.747106 0.740977 0.735797 0.718325 0.702888 0.657827 0.984893 0.917735 0.644802 0.636697 0.556008 0.547437 0.569123 0.531246 0.768143 0.510217 0.504547 0.499796 0.497173 0.491664 0.477894 0.457438 0.454402
threshold=1728.1485110000003 743.24320650000016 3150.9532275000006 1214.1406265000003 355.04860250000007 2222.5407380000001 4305.0661975000012 3.5000000000000004 987.64687050000009 1.1324350000000003 521.56287950000012 5137.623195000001 2666.1939210000005 3.5000000000000004 1454.4361230000002 88.500000000000014 0 3694.4443900000006 469.12082850000007 240.082596 1 1.0927050000000003 89.500000000000014 152.50000000000003 2 3 95.500000000000014 207.67896000000005 1980.6041845000002 4 85.500000000000014 5 6 7 8 9 10 11 12 28806.500000000004 31557.500000000004 33350.500000000007 13 14 15 8.5000000000000018 6.5000000000000009 16 17 18 19 1.0253050000000001 20 22439.500000000004 1600.6398875000002 21 22 32750.500000000004 27573.500000000004 1.0698050000000003 32047.000000000004 23
decision_type=2 2 2 2 2 2 2 2 2 2 2 2 2 2 2 2 1 2 2 2 1 2 2 2 1 1 2 2 2 9 2 1 1 1 9 1 9 1 1 2 2 2 1 1 1 2 2 9 9 9 9 2 9 2 2 9 9 2 2 2 2 1
left_child=1 4 5 8 9 20 17 18 13 26 25 38 34 -3 21 -10 -13 42 -6 31 30 -5 54 60 -12 -9 -1 -28 36 -24 -2 -11 -17 -14 52 -23 49 -21 -8 -26 56 50 -4 -19 -25 46 -46 -36 -34 -22 51 -35 53 -7 -16 -30 -31 -18 -37 -27 -15 -42
right_child=2 3 6 14 7 12 11 10 15 19 24 16 33 23 22 32 57 43 -20 37 28 35 29 44 39 59 27 -29 55 40 -32 -33 48 41 47 58 -38 -39 -40 -41 61 -43 -44 -45 45 -47 -48 -49 -50 -51 -52 -53 -54 -55 -56 -57 -58 -59 -60 -61 -62 -63
leaf_value=-0.033105045161685165 0.00032022356478522012 -0.012975221531370941 0.010310113245378371 -0.0059347076507489851 -0.025512482651642396 -0.0055683012789813809 0.011924568535171478 -0.01886817315131973 -0.0094507674015657881 -0.019830423888439933 -0.0102703405004141 0.013987029102659719 0.0079368012292882605 -0.0088734115686917442 -0.0048661468335583838 -0.0040415773056284871 0.016288832491329182 0.012224628578903329 -0.018763848059578495 -0.02109268582350499 0.0026117873129098573 -0.0047583218581157332 0.0015756934553731094 -0.011607213202088872 -0.015498175265581844 -0.018430639968015427 -0.032964887955423558 -0.023237570956455057 -0.00065341053652825931 -0.0050898522119410599 0.0034149166576314099 -0.026910574168444959 -0.0038168841800854908 -0.003487940063738885 0.0059060876719533332 -0.0042819830869963256 -0.001578673984680621 -0.015761689015039028 0.013755730328796146 -0.012601448394707405 0.0011038618903231033 0.0068543578452168047 0.0082464868559097518 0.010326626645910801 -0.012114268573267119 -0.014621251389600229 -0.006609341199040851 0.0037419886144399051 -0.0075542505697515144 -0.00033844304882877204 0.0051725366997213548 0.003897437884512803 0.0033451663662762213 0.0018292973192348548 -0.0027220762370905008 0.0014683249726775058 -0.0022183619222765709 0.019077642365296684 -0.0012153907012533345 -0.013861386036733165 -0.0060980420602181071 -0.0016843298892742472
leaf_weight=146 415 943 574 1319 139 39 1344 435 1022 95 381 969 634 310 612 407 426 701 745 184 214 666 227 595 396 85 65 140 353 244 769 186 219 41 690 189 1169 145 1109 639 188 765 1866 2009 104 68 300 1158 943 547 986 68 939 286 517 1302 564 374 423 319 311 646
leaf_count=146 415 943 574 1319 139 39 1344 435 1022 95 381 969 634 310 612 407 426 701 745 184 214 666 227 595 396 85 65 140 353 244 769 186 219 41 690 189 1169 145 1109 639 188 765 1866 2009 104 68 300 1158 943 547 986 68 939 286 517 1302 564 374 423 319 311 646
internal_value=-1.51549e-05 -0.00943327 0.00709946 -0.00622202 -0.0179019 0.00294461 0.0116982 -0.0159101 -0.00909453 -0.0243846 -0.0143565 0.0139674 0.00491609 -0.0106759 -0.00353987 -0.00748524 0.0156366 0.00983551 -0.0198526 -0.0215047 0.000626569 -0.00474847 -0.00249169 -0.00938449 -0.0128024 -0.016961 -0.0293143 -0.0264669 6.30326e-05 -0.00164684 0.00233139 -0.0245957 -0.00619975 0.00624038 0.00385311 -0.00352049 -0.000758174 -0.018798 0.0127577 -0.0137237 -0.0020899 0.00565819 0.00873597 0.0108219 -0.0104758 -0.00902807 -0.00805286 0.00458018 -0.00695154 0.000516582 0.00481702 0.00102025 0.00272956 0.000899632 -0.0038876 0.00102057 -0.00318105 0.0176148 -0.00216787 -0.0148659 -0.00749553 -0.00105525
internal_weight=34664 14917 19747 10817 4100 10375 9372 3139 5222 961 2255 4222 5606 2631 5595 2591 1769 5150 884 610 4769 2597 2998 1688 1416 839 351 205 3585 1869 1184 281 1569 2494 3112 1278 1930 329 2453 1035 1642 1860 2440 2710 1067 472 404 1848 1162 761 1095 109 1264 325 1129 1655 808 800 612 404 621 834
internal_count=34664 14917 19747 10817 4100 10375 9372 3139 5222 961 2255 4222 5606 2631 5595 2591 1769 5150 884 610 4769 2597 2998 1688 1416 839 351 205 3585 1869 1184 281 1569 2494 3112 1278 1930 329 2453 1035 1642 1860 2440 2710 1067 472 404 1848 1162 761 1095 109 1264 325 1129 1655 808 800 612 404 621 834
cat_boundaries=0 1 2 3 4 6 7 8 9 11 12 14 15 16 17 18 19 21 23 25 27 29 31 33 34
cat_threshold=1 4 4 1 268468240 2283801104 4 4 4 1432769865 3615572713 1 721794128 1680040265 1 1 4 4 1 941156357 1630012425 671187072 2341472264 1610792960 337642769 3229615104 67109120 142606785 33637569 4589120 33632289 17827852 268963969 4
is_linear=0
shrinkage=0.05


Tree=24
num_leaves=63
num_cat=22
split_feature=3 3 3 3 3 3 3 3 3 3 3 0 3 3 0 11 0 0 0 3 0 0 0 0 2 3 2 11 6 11 1 1 7 4 4 6 1 2 2 1 4 7 3 6 6 6 4 3 4 1 1 1 4 2 11 4 3 11 6 7 3 2
split_gain=843.216 161.571 138.901 33.1276 23.7066 16.802 16.2759 8.06 3.60888 3.16797 3.08184 3.01968 2.71331 2.34793 2.30144 1.84561 1.76036 1.6488 1.33197 1.18489 1.14449 1.08524 1.08437 1.07855 1.07148 1.0319 1.00776 0.995488 1.09102 0.988917 0.945603 0.93174 0.858581 0.764756 0.727537 0.670313 0.656759 0.647622 0.637999 0.634304 0.632282 0.618859 0.603774 0.597485 0.590818 0.649357 0.579721 0.567283 0.562697 0.530352 0.530288 0.521965 0.521217 0.519314 0.722616 0.504384 0.501176 0.494376 0.555357 0.488765 0.467523 0.454672
threshold=826.05000000000007 383.25000000000006 1531.5500000000002 177.85000000000005 564.75000000000011 1107.4500000000003 2210.3500000000008 265.35000000000008 113.00000000000001 739.25000000000011 1845.5000000000002 0 437.45000000000005 2762.8000000000006 1 2019.2524165000002 2 3 4 1318.2 5 6 7 8 9 1221.3500000000001 10 616.12715800000012 1.5606650000000004 469.12082850000007 11 12 3.5000000000000004 32355.500000000004 30638.500000000004 1.8910950000000002 13 14 15 16 32987.500000000007 1.5000000000000002 514.85000000000002 1.3493750000000002 2.3549650000000004 1.8000200000000002 33088.500000000007 350.55000000000007 24544.500000000004 17 18 19 22985.000000000004 20 2398.8040635000002 25601.500000000004 88.15000000000002 1562.6194880000003 1.8496350000000004 5.5000000000000009 640.25000000000011 21
decision_type=2 2 2 2 2 2 2 2 2 2 2 1 2 2 1 2 1 1 1 2 1 1 1 1 9 2 9 2 2 2 9 9 2 2 2 2 9 9 9 9 2 2 2 2 2 2 2 2 2 9 9 9 2 9 2 2 2 2 2 2 2 9
left_child=1 3 5 8 12 11 10 27 56 16 18 37 44 23 19 26 31 -12 52 39 33 -14 -15 -8 50 61 -13 28 -5 43 38 -6 35 47 -25 -19 -17 -2 57 53 42 -27 -23 -10 45 -3 49 -9 -22 -28 -11 -26 -4 54 -7 -20 -1 58 -18 -36 -33 -16
right_child=2 4 6 7 9 14 13 20 29 24 17 15 21 22 25 36 30 32 55 -21 48 40 -24 34 51 41 46 -29 -30 -31 -32 60 -34 -35 59 -37 -38 -39 -40 -41 -42 -43 -44 -45 -46 -47 -48 -49 -50 -51 -52 -53 -54 -55 -56 -57 -58 -59 -60 -61 -62 -63
leaf_value=-0.033285360577258664 0.0047657416453863273 -0.0090637681703385608 0.0050586908429738932 -0.016055456572278613 -0.0064760751522204259 0.014644294058380185 0.014763532923947414 -0.016122985527169106 -0.019664845910373624 -0.0053511788090367593 0.0095212268844915814 0.00073818575229072573 -0.0059320032597172407 0.018679167378980382 0.0010037698835166622 -0.0001156591035903377 -0.0039459464167723333 0.0039848693561824883 0.0075611328807010554 0.0050770661892294566 -0.014291343479639007 -0.0097841151169276285 0.014806473117622305 0.011084655180554907 0.00014560486946974308 0.0040926519624443483 -0.0042551900445422239 -0.014696255617461872 -0.019608736823717453 -0.015293994719205901 -0.001776261576851317 -0.0053907393419270659 0.012699615217039127 -0.012716084232512186 0.012184524633314299 0.010627672296925253 0.0020432338727299783 0.0021293763838342596 -0.0032940403730140205 0.0023259970674618896 -0.0071058920953832308 0.0072491997692505934 -0.0075486627264993549 -0.024939100663451591 -0.0084192002872441659 -0.01199475556061972 -0.00029138400996926288 -0.012872517796402628 -0.011274621715562675 -0.0015078259697035993 -0.0023717473928867071 -0.0019329509972623145 0.0076310186987267993 0.0034548437142704978 0.0055942486644090066 0.010092445767124945 -0.027736526237917947 -0.0020505438865412299 -0.010225043513883765 0.014611773444316523 -0.0033041513934284985 0.0049875946759249746
leaf_weight=140 330 307 243 350 967 34 608 536 90 223 1937 758 796 259 105 513 53 43 276 1188 209 740 817 802 620 183 236 228 791 42 809 460 938 625 574 475 1148 1027 603 1196 961 1224 555 407 319 595 651 219 892 791 657 582 1274 349 66 882 142 40 116 402 665 596
leaf_count=140 330 307 243 350 967 34 608 536 90 223 1937 758 796 259 105 513 53 43 276 1188 209 740 817 802 620 183 236 228 791 42 809 460 938 625 574 475 1148 1027 603 1196 961 1224 555 407 319 595 651 219 892 791 657 582 1274 349 66 882 142 40 116 402 665 596
internal_value=-1.4769e-05 -0.00908146 0.0066922 -0.0167664 -0.00551476 0.00269457 0.0110519 -0.0148145 -0.0258903 -0.00343042 0.00948774 0.000780988 -0.00834006 0.01379 0.00480624 0.000103679 -0.00430583 0.0104924 0.00820999 0.0038727 -0.0131022 -0.0075371 0.0157551 0.0128976 -0.00186791 0.00605843 -0.000772518 -0.0179059 -0.0185338 -0.0233746 -0.0030657 -0.00526483 0.011777 -0.0140842 0.0122516 0.010085 0.00138839 0.00282431 -0.0042722 0.00300036 -0.00810056 0.00684184 -0.00883263 -0.0240254 -0.0103393 -0.0110083 -0.00145073 -0.0151984 -0.0118597 -0.00219874 -0.00318351 -0.00086922 0.00722258 0.00463284 0.00799428 0.00949617 -0.0305991 -0.00678856 -0.00829065 0.0131982 -0.00412473 0.0044785
internal_weight=34664 14739 19925 4671 10068 10395 9530 3850 821 5795 6068 5454 4273 3462 4941 4097 3713 3393 2675 2833 2481 3052 1076 2386 2082 2108 2436 1369 1141 539 1621 2092 1456 1380 1778 518 1661 1357 812 1645 2256 1407 1295 497 1221 902 1678 755 1101 1027 880 1202 1517 449 100 1158 282 209 169 976 1125 701
internal_count=34664 14739 19925 4671 10068 10395 9530 3850 821 5795 6068 5454 4273 3462 4941 4097 3713 3393 2675 2833 2481 3052 1076 2386 2082 2108 2436 1369 1141 539 1621 2092 1456 1380 1778 518 1661 1357 812 1645 2256 1407 1295 497 1221 902 1678 755 1101 1027 880 1202 1517 449 100 1158 282 209 169 976 1125 701
cat_boundaries=0 1 2 3 4 5 6 7 8 9 11 13 15 17 19 21 23 25 27 29 31 33 35
cat_threshold=4 1 1 1 1 1 4 4 4 918955009 2525909008 705014802 1612849481 97934345 2492100864 55974921 470426768 383127104 109248547 407421456 1627398162 21102592 659720 42475696 538969142 72501248 8448 336076800 2416459904 714260612 1361586113 134234113 1076363264 16385 70276
is_linear=0
shrinkage=0.05


Tree=25
num_leaves=63
num_cat=7
split_feature=3 3 3 3 3 3 3 3 3 3 3 3 11 11 3 5 9 6 11 2 6 4 6 3 6 6 6 4 5 9 4 2 11 4 9 2 11 7 9 3 11 5 2 7 11 11 6 11 5 6 4 11 11 11 11 2 4 3 9 2 2 9
split_gain=772.287 145.789 129.194 26.2456 20.7805 19.5686 12.9245 6.05526 4.89242 2.70822 2.7032 2.42765 2.11651 1.9194 1.68988 1.65404 1.59571 1.16276 1.45436 1.15203 1.13407 1.06472 1.05502 1.04749 0.984575 1.43281 0.953854 0.938673 0.903394 0.841566 0.831422 0.805592 0.787066 0.708182 0.690377 0.617237 0.60296 0.571793 0.568294 0.529644 0.522529 0.522242 0.519497 0.572264 0.517896 0.506071 0.574051 0.505254 0.504467 0.500146 0.498748 0.493271 0.493137 0.492055 0.488159 0.482532 1.21108 0.508752 0.478414 0.47224 0.458826 0.569954
threshold=773.55000000000007 1393.3500000000001 350.55000000000007 164.35000000000005 541.05000000000007 1991.9500000000003 1026.3500000000001 239.45000000000002 2480.9500000000003 437.45000000000005 113.00000000000001 1735.45 1638.4682955000003 1895.6155475000003 1204.4500000000003 1.1270350000000002 88.500000000000014 1.3988550000000002 796.8591540000001 0 1.9531700000000003 26878.500000000004 1.9426950000000003 2933.6500000000001 2.7546500000000003 1.5809450000000003 2.4841450000000003 33907.500000000007 1.1902850000000003 107.50000000000001 33172.500000000007 1 1355.4607250000001 33271.500000000007 78.500000000000014 2 1316.7734080000002 3.5000000000000004 96.500000000000014 265.35000000000008 2222.5407380000001 0.97257500000000008 3 4.5000000000000009 401.36682250000007 1121.3184150000002 1.9059250000000001 4608.2850500000004 1.2183750000000002 1.4753200000000002 26399.500000000004 1405.1039950000002 936.89215550000006 5557.5370070000008 521.56287950000012 4 24431.500000000004 1588.7500000000002 70.500000000000014 5 6 136.50000000000003
decision_type=2 2 2 2 2 2 2 2 2 2 2 2 2 2 2 2 2 2 2 9 2 2 2 2 2 2 2 2 2 2 2 9 2 2 2 9 2 2 2 2 2 2 9 2 2 2 2 2 2 2 2 2 2 2 2 9 2 2 2 9 9 2
left_child=2 6 3 10 9 11 13 24 21 26 -1 27 15 16 28 19 59 -9 38 51 -18 -7 -17 47 25 -5 34 55 31 -23 45 -8 -24 42 52 -15 37 -21 -19 -40 -37 -13 43 -16 49 46 -11 -10 -29 -12 -22 -6 -4 -25 -27 56 -3 -57 -35 -2 61 -30
right_child=1 5 4 7 12 8 14 17 23 30 44 41 -14 35 33 22 20 18 -20 36 50 29 32 53 -26 54 -28 48 60 -31 -32 -33 -34 58 -36 40 -38 -39 39 -41 -42 -43 -44 -45 -46 -47 -48 -49 -50 -51 -52 -53 -54 -55 -56 57 -58 -59 -60 -61 -62 -63
leaf_value=-0.029665941784533512 0.0006386039676144719 -0.0060447901787777101 -0.013427925895258881 -0.016037514356466439 -0.0073487075633762271 0.0095250200494846025 0.00083184311960741032 -0.0089818409814591132 0.010426742220536257 -0.0074109384289506352 -0.02072560769521584 0.0076418253681340229 -0.00099249170976413773 -0.00019081064500041552 -0.0037893709886999689 -0.0021343745437248469 0.0011933989152376448 -0.015710336726961413 -0.010858001658222177 -0.0075084854421264315 -0.0027927548731998741 0.010353470107545951 -0.0062269925064067514 0.013078501406643126 -0.014845198898687276 -0.021500082274202175 -0.0073984818139909468 0.0073180145248141594 0.002840335131875928 0.012286095367389591 -0.0065025024001523248 0.0029921884138360937 -0.0034111455367590061 0.00359628683231263 -0.0099105877525857786 0.0012445425547030907 -0.0032734304866922611 -0.0039670564146726426 -0.016049565729808132 -0.013066595735122283 0.003827415194863341 0.0094885275125713431 0.0040577854061693867 0.0035213875288333178 -0.018570499876876933 -0.0067998336440389419 -0.0098855179222796796 0.01363778415969695 0.0095900980945956976 -0.02560139229716776 -0.0004536870066720823 -0.0052176126775732483 -0.0097285278891557012 0.016909407029426334 -0.017831664587455717 0.0057071125649503975 0.0058101383050982386 0.0074126854483858228 0.0062574361182242012 -0.0027982715715533023 0.0033423620765283507 0.009941942168595154
leaf_weight=282 114 30 313 324 690 1018 829 141 155 396 117 527 524 677 48 996 973 621 363 206 325 1022 380 134 217 392 288 828 45 1442 1041 956 731 230 1177 1302 820 265 211 852 230 1774 1156 58 76 391 656 1334 371 218 759 472 148 403 175 1044 70 794 693 931 818 80
leaf_count=282 114 30 313 324 690 1018 829 141 155 396 117 527 524 677 48 996 973 621 363 206 325 1022 380 134 217 392 288 828 45 1442 1041 956 731 230 1177 1302 820 265 211 852 230 1774 1156 58 76 391 656 1334 371 218 759 472 148 403 175 1044 70 794 693 931 818 80
internal_value=-5.04938e-06 0.00595178 -0.00935777 -0.0169078 -0.00618411 0.00996161 0.00165823 -0.0150392 0.0120632 -0.00869572 -0.0257604 0.00783109 -0.0040042 -5.16796e-05 0.00350629 -0.00434999 -0.000853695 -0.0134983 -0.0138049 -0.00523344 -4.51262e-05 0.0109177 -0.00331946 0.0140257 -0.018067 -0.0188342 -0.0101083 0.00692043 0.00267459 0.011489 -0.00759681 0.00201131 -0.004379 0.00454296 -0.01058 0.00107443 -0.00406834 -0.00552859 -0.0144333 -0.0136732 0.00162396 0.00906908 0.00376684 0.000188741 -0.0230152 -0.00838121 -0.00896194 0.0133107 0.00802846 -0.0239653 -0.0011569 -0.00643298 -0.0122639 0.0159796 -0.0204012 0.00623112 0.00202821 0.00641266 0.00559892 -0.00244373 0.00392666 0.00688201
internal_weight=34653 21170 13483 3989 9494 10946 10224 3296 5508 4410 693 5438 5084 5311 4913 4560 3102 2188 2047 2453 2057 3482 2107 2026 1108 891 1926 3137 2728 2464 2484 1785 1111 2185 1638 2209 1291 471 1684 1063 1532 2301 1262 106 411 1443 1052 1489 1199 335 1084 1162 461 537 567 1938 100 1838 923 1045 943 125
internal_count=34653 21170 13483 3989 9494 10946 10224 3296 5508 4410 693 5438 5084 5311 4913 4560 3102 2188 2047 2453 2057 3482 2107 2026 1108 891 1926 3137 2728 2464 2484 1785 1111 2185 1638 2209 1291 471 1684 1063 1532 2301 1262 106 411 1443 1052 1489 1199 335 1084 1162 461 537 567 1938 100 1838 923 1045 943 125
cat_boundaries=0 2 4 6 8 10 12 14
cat_threshold=324165121 336207112 1988113609 2921404320 12977929 403292291 0 1342357508 276955144 67108865 33555720 10485760 4202497 1092616192
is_linear=0
shrinkage=0.05


Tree=26
num_leaves=63
num_cat=6
split_feature=3 3 3 3 3 3 3 3 3 3 3 3 3 11 11 6 11 5 4 11 3 5 6 6 4 11 6 9 4 9 2 6 2 11 6 6 4 6 9 4 2 2 2 5 4 9 7 2 11 9 6 6 5 11 11 5 11 4 9 5 6 5
split_gain=697.168 131.575 116.65 23.7089 18.7578 17.6638 11.6858 5.47653 4.41804 2.44506 2.43727 2.19073 1.97097 1.91055 1.72666 1.52506 1.3433 1.1288 0.970767 0.958435 0.946091 0.934775 0.907025 0.860684 0.847527 0.839152 0.822174 0.762327 0.750806 0.736558 0.727217 0.686712 0.685596 0.709006 0.64741 0.809929 0.645478 0.634471 0.624295 0.615579 0.610023 0.604886 0.544356 0.528512 0.497879 0.48756 0.48316 0.481987 0.636978 0.480632 0.498885 0.47373 0.47106 0.465938 0.463069 0.461147 0.469902 0.457984 0.450751 0.481592 0.450422 0.441881
threshold=773.55000000000007 1393.3500000000001 350.55000000000007 164.35000000000005 541.05000000000007 1991.9500000000003 1000.6500000000002 265.35000000000008 2480.9500000000003 437.45000000000005 113.00000000000001 1735.45 1204.4500000000003 1638.4682955000003 2047.2339755 1.8043250000000002 1379.2754080000002 1.1001550000000002 29618.500000000004 5137.623195000001 209.20000000000002 1.0030650000000001 1.2845100000000003 2.4841450000000003 33907.500000000007 796.8591540000001 1.9312950000000002 107.50000000000001 33172.500000000007 97.500000000000014 0 1.3493750000000002 1 1954.2872180000002 2.7546500000000003 1.5064750000000002 31717.500000000004 2.7546500000000003 78.500000000000014 31485.500000000004 2 3 4 1.1132850000000001 33088.500000000007 77.500000000000014 3.5000000000000004 5 2306.4693920000004 106.50000000000001 1.9399250000000003 2.1352200000000003 0.97257500000000008 401.36682250000007 1844.1104575000002 0.93773000000000006 1084.5504720000001 28982.500000000004 127.50000000000001 1.0153550000000002 1.4753200000000002 1.1462100000000002
decision_type=2 2 2 2 2 2 2 2 2 2 2 2 2 2 2 2 2 2 2 2 2 2 2 2 2 2 2 2 2 2 9 2 9 2 2 2 2 2 2 2 9 9 9 2 2 2 2 9 2 2 2 2 2 2 2 2 2 2 2 2 2 2
left_child=2 6 3 10 9 11 14 20 18 23 -1 24 21 15 17 -6 26 41 -7 -10 34 47 -9 38 -3 29 43 -20 55 -24 -19 -22 33 -23 35 -5 42 -33 51 -32 -18 54 46 -17 -21 -38 -14 48 -8 -26 -51 -4 -13 60 -2 56 -11 -34 -54 -60 -12 -15
right_child=1 5 4 7 13 8 12 22 19 28 53 52 36 61 -16 16 40 30 27 44 31 32 25 -25 49 -27 -28 -29 -30 -31 39 37 57 -35 -36 -37 45 -39 -40 -41 -42 -43 -44 -45 -46 -47 -48 -49 -50 50 -52 -53 58 -55 -56 -57 -58 -59 59 -61 -62 -63
leaf_value=-0.028187886001575121 -0.0031594547328400975 0.0059198998008932018 -0.015499072159464295 -0.015825432493454882 -0.0019198531854579708 0.0093373567818320208 0.00031680243185759095 -0.0043853534536587224 0.01155624140155356 -0.01153200592047402 -0.019698109313593073 0.0072604577561529984 -0.0053137149917142044 -0.0022191434400549437 0.0019862816767122161 -0.006032672483961307 -0.0046609823897463144 0.0017856157262481479 0.0098945198117127257 0.01314268979616694 -0.010410704478621483 0.011307175657371195 -0.014777761782962915 -0.0070298377231124368 0.0064024766792788708 -0.010333026428360585 -0.0060825776664783461 0.011902896854119003 -0.0061776893073849336 -0.012247566313649825 -0.0013648944130657363 -0.016343254237816036 0.0015133274757587424 0.0042852347106655184 -0.014846959546114664 -0.020283741161686367 0.0034864326425351113 -0.011659982051545134 -0.0094154790238712895 0.00064912306082992783 -0.0027162809775589832 -0.00060589658591839808 0.0038203785075951835 -0.0027537876934856775 0.015157717975203173 0.0058579249512440215 0.0019559824158137816 0.0014549754100521132 -0.0082338677054541488 0.010841285625726662 0.0076808908045827105 -0.010891645053128658 0.0081552188652225244 -0.017654033489041515 -0.00085403208542690536 -0.0075166870492730242 -0.0070824684037898607 0.0031082215519346022 0.013673615144400658 0.0094307559957632556 -0.024327167678097068 0.0007035286595055368
leaf_weight=282 653 1938 73 179 667 1413 73 36 587 167 117 527 30 295 738 182 802 516 859 806 74 40 480 288 496 362 1402 1210 1041 908 768 648 721 329 158 356 309 95 1177 748 1121 1009 985 386 633 775 86 874 30 175 528 388 856 76 328 1173 103 1212 78 840 218 229
leaf_count=282 653 1938 73 179 667 1413 73 36 587 167 117 527 30 295 738 182 802 516 859 806 74 40 480 288 496 362 1402 1210 1041 908 768 648 721 329 158 356 309 95 1177 748 1121 1009 985 386 633 775 86 874 30 175 528 388 856 76 328 1173 103 1212 78 840 218 229
internal_value=-4.91876e-06 0.0056548 -0.00889114 -0.0160652 -0.00587549 0.00946414 0.00157592 -0.0142893 0.0114609 -0.00826174 -0.0244792 0.00743997 0.00315344 -0.00380438 -0.000235203 -0.00413291 -0.00451149 -0.000643218 0.0103723 0.0133257 -0.0165172 0.00237697 -0.0123975 -0.00960396 0.00657488 -0.0125597 -0.00543052 0.0110742 -0.00721758 -0.0131326 0.00018574 -0.0152896 0.00292689 0.00494137 -0.0179403 -0.0188244 0.00431706 -0.0157609 -0.010052 -0.000368966 -0.00356768 -0.00148934 0.00345784 -0.00381317 0.014039 0.00518575 4.28764e-05 0.0010796 -0.00203339 0.00762774 0.0084819 -0.0116532 0.008616 -0.0218723 -0.00236619 -0.00796298 -0.00986699 0.00250149 0.00901437 0.00980575 -0.0227739 -0.000942962
internal_weight=34653 21170 13483 3989 9494 10946 10224 3296 5508 4410 693 5438 5464 5084 4760 4560 3893 4022 3482 2026 1510 3279 1786 1926 3137 1750 1970 2069 2484 1388 2032 817 2302 369 693 535 2185 743 1638 1516 1923 1990 1101 568 1439 1084 116 977 103 1199 703 461 2301 411 981 1443 270 1933 1774 918 335 524
internal_count=34653 21170 13483 3989 9494 10946 10224 3296 5508 4410 693 5438 5464 5084 4760 4560 3893 4022 3482 2026 1510 3279 1786 1926 3137 1750 1970 2069 2484 1388 2032 817 2302 369 693 535 2185 743 1638 1516 1923 1990 1101 568 1439 1084 116 977 103 1199 703 461 2301 411 981 1443 270 1933 1774 918 335 524
cat_boundaries=0 2 4 6 8 10 12
cat_threshold=33917010 1610621778 675283972 1358954560 1465305090 335679752 609633985 386818689 8388608 1879097348 1160 67174528
is_linear=0
shrinkage=0.05


Tree=27
num_leaves=63
num_cat=18
split_feature=11 11 11 11 11 11 11 6 6 6 11 6 11 11 11 11 11 11 0 11 9 6 6 0 6 6 11 0 6 2 0 6 6 2 1 2 2 11 6 5 0 2 6 11 6 6 11 2 1 11 0 1 1 5 11 5 5 11 2 5 11 0
split_gain=625.634 105.978 102.914 17.7146 17.3211 12.5784 10.8559 8.79905 6.87037 5.52844 4.86534 4.33988 3.06103 2.8284 2.32729 1.8486 1.77603 1.70717 1.65498 1.51068 1.50528 1.30447 1.29316 1.23008 1.22943 1.13178 1.17236 1.08826 1.06031 1.02183 0.928957 0.924526 0.903803 0.857548 1.06736 0.807808 0.730248 0.698067 0.679142 0.634606 0.615432 0.605896 0.58974 0.851206 0.578832 0.56613 1.1876 0.552797 0.505945 0.502701 0.492013 0.708578 0.490076 0.488014 0.481128 0.464616 0.450759 0.445084 0.437345 0.436257 0.42642 0.426345
threshold=1703.6766855000001 796.8591540000001 3010.1615160000006 401.36682250000007 1157.1081670000001 4083.7623625000001 2173.5055365000003 2.0131500000000004 1.6290000000000002 1.9059250000000001 207.67896000000005 1.9312950000000002 5137.623195000001 1366.5061775000001 567.83000400000014 2574.5139400000003 948.01760400000012 567.83000400000014 0 269.05373500000002 60.500000000000007 2.1503050000000008 2.1797850000000003 1 1.6290000000000002 1.8672950000000001 1895.6155475000003 2 1.5809450000000003 3 4 1.6561650000000003 1.8572450000000003 5 6 7 8 3582.4007410000004 1.9177850000000003 1.0554550000000003 9 10 1.3493750000000002 331.51854600000007 2.3418500000000004 1.9937200000000002 2306.4693920000004 11 12 629.67235850000009 13 14 15 1.0030650000000001 6110.1682355000012 1.2260700000000002 1.1846450000000002 1513.8560980000004 16 1.1867200000000002 1072.2565770000003 17
decision_type=2 2 2 2 2 2 2 2 2 2 2 2 2 2 2 2 2 2 1 2 2 2 2 1 2 2 2 1 2 9 1 2 2 9 9 9 9 2 2 2 1 9 2 2 2 2 2 9 9 2 1 9 9 2 2 2 2 2 9 2 2 1
left_child=1 3 6 8 9 18 25 17 10 31 61 20 22 47 -9 33 -11 28 38 -10 -6 37 39 44 -19 29 58 32 -5 56 -24 -3 -17 48 45 60 -15 -20 -4 -7 -36 -22 43 -12 -14 46 -35 -13 -8 -26 51 55 -38 -31 -25 -23 -2 -43 -27 -29 -33 -1
right_child=2 4 5 7 11 12 15 14 19 16 42 13 23 36 -16 27 -18 24 21 -21 41 50 30 54 49 26 -28 59 -30 53 -32 35 -34 34 40 -37 52 -39 -40 -41 -42 57 -44 -45 -46 -47 -48 -49 -50 -51 -52 -53 -54 -55 -56 -57 -58 -59 -60 -61 -62 -63
leaf_value=-0.024631465373076974 -0.0019274233122875844 -0.001852367101838031 0.011956384990324257 -0.009315164161230299 -0.0049772258360281738 0.0098845350787495137 0.0028205633641787305 -0.017544069202219854 -0.027995819943707163 -0.010286004534837875 -0.01338042083708261 -0.0072945635986073828 0.012256811671849714 -0.0012764597435472587 -0.013496234952858472 0.011413126007979175 -0.0076939730010272562 -0.0057461664131695598 0.0067114997635250723 -0.021695785944585017 0.0017205764232188045 0.0029236171287126268 0.011767055618111045 0.013344140716196147 -0.011986296454808493 0.00063704522871512511 0.00081017307617787756 0.0034884858021634359 -0.013397486769870629 0.0012471491221572473 0.0078438361904121044 -0.0029066017855490958 0.0057514948795740033 0.0029187408167352848 0.0047710432535141151 -0.0058266410258365799 -0.0042623538509320939 0.0082732951806921765 0.0085807246956080049 0.01157635798401292 0.0024306728371686136 -0.001511486339993096 -0.014933509901862277 -0.0062566414238914613 0.0094425997996050535 0.0050546100991127312 0.014698375412210061 -0.0048848174252844618 0.00077185177999866445 -0.0088234162706900491 0.007352166608913315 0.0051499238796028982 -0.0026512612958268893 0.0053730462378961778 0.016301476023255976 -0.003979830854596236 0.0031908100364027459 0.00081580385173063191 -0.0012897323431365296 0.005182917850067293 0.0040624152799864531 -0.01927849512624865
leaf_weight=126 145 247 185 286 200 1154 605 548 163 1099 150 490 710 517 1120 82 1727 302 1590 328 274 64 191 572 173 367 2294 1138 400 102 822 69 532 36 376 789 1092 1376 978 1225 1127 765 320 62 276 160 54 1181 643 596 192 498 1161 246 222 38 60 280 1420 582 31 95
leaf_count=126 145 247 185 286 200 1154 605 548 163 1099 150 490 710 517 1120 82 1727 302 1590 328 274 64 191 572 173 367 2294 1138 400 102 822 69 532 36 376 789 1092 1376 978 1225 1127 765 320 62 276 160 54 1181 643 596 192 498 1161 246 222 38 60 280 1420 582 31 95
internal_value=-4.91619e-06 -0.0078824 0.00572445 -0.0140937 -0.00495843 0.00928328 0.00212078 -0.0122303 -0.01921 -0.00752055 -0.0161634 -0.00325424 0.0110063 -0.0040432 -0.0148358 0.00365832 -0.00870527 -0.00974979 0.00747051 -0.0238399 -0.000946458 0.00695542 0.0101161 0.012696 -0.00848347 0.000350243 6.23575e-05 0.00471429 -0.0117116 0.00247082 0.00859443 -0.00456831 0.00652494 0.00283576 0.00355481 -0.00531997 -0.00306121 0.0074386 0.00912751 0.0107602 0.002999 -0.000331965 -0.013524 -0.0113362 0.0114794 0.0066291 0.0100704 -0.00566823 0.00178098 -0.0095496 0.00513884 0.00441952 -0.00344905 0.00405459 0.0141905 0.000308157 -0.000401687 -0.000879316 -0.000897541 0.00406451 -0.000661845 -0.0224276
internal_weight=34653 14591 20062 4669 9922 10093 9969 3425 1244 3962 753 5960 5172 4441 1668 5335 2826 1757 4921 491 1519 3758 3392 1780 1071 4634 4081 2334 686 553 1013 1136 614 3001 1753 889 2770 2966 1163 2379 1503 1319 532 212 986 250 90 1671 1248 769 792 600 2253 348 794 102 205 1045 1787 1720 100 221
internal_count=34653 14591 20062 4669 9922 10093 9969 3425 1244 3962 753 5960 5172 4441 1668 5335 2826 1757 4921 491 1519 3758 3392 1780 1071 4634 4081 2334 686 553 1013 1136 614 3001 1753 889 2770 2966 1163 2379 1503 1319 532 212 986 250 90 1671 1248 769 792 600 2253 348 794 102 205 1045 1787 1720 100 221
cat_boundaries=0 1 2 3 5 6 8 10 12 14 15 17 19 21 22 24 26 28 29
cat_threshold=4 1 4 75522569 134239168 4 1657083337 2660324037 680002186 256 134217728 2332033152 134259544 547422322 4 1073807362 139923 34805768 269224010 1309160598 1093168130 1 1074298882 1048576 122838016 336213153 302252368 2646032 1
is_linear=0
shrinkage=0.05


Tree=28
num_leaves=63
num_cat=17
split_feature=3 3 3 3 3 3 3 3 3 0 1 3 0 0 0 0 3 0 3 4 3 9 11 6 6 11 6 1 1 3 6 11 1 1 0 4 9 0 1 4 4 3 9 1 11 4 4 9 4 1 6 3 1 6 9 3 11 6 3 9 3 3
split_gain=568.804 107.33 95.0213 19.4458 15.311 14.4121 9.55495 4.52924 3.72743 2.90276 2.17948 2.05645 1.90161 1.70175 1.69268 1.47553 1.25824 1.11938 1.077 1.06569 1.05554 1.03251 1.00729 0.790945 1.12425 0.790549 0.805512 0.784557 0.769941 0.760685 0.73529 0.731009 0.723318 0.703722 0.661406 0.653177 0.646689 0.645611 0.614937 0.607397 0.588061 0.584756 0.579247 0.539848 0.815964 0.513203 0.50981 0.500566 0.457116 0.456846 0.455044 0.444284 0.441452 0.601668 0.437749 0.433659 0.427332 0.417462 0.400408 0.399937 0.394025 0.37568
threshold=773.55000000000007 1393.3500000000001 350.55000000000007 164.35000000000005 541.05000000000007 1991.9500000000003 1034.3500000000001 239.45000000000002 2645.6500000000001 0 1 113.00000000000001 2 3 4 5 422.50000000000006 6 1763.9500000000003 24544.500000000004 627.05000000000007 58.500000000000007 1869.4415250000004 2.7546500000000003 1.5340900000000002 1651.5932840000003 1.8043250000000002 7 8 1735.45 1.2845100000000003 796.8591540000001 9 10 11 30057.500000000004 77.500000000000014 12 13 31199.500000000004 29067.500000000004 895.95000000000016 75.500000000000014 14 3638.2292995000003 31717.500000000004 27295.500000000004 119.50000000000001 23360.000000000004 15 1.7701100000000001 2210.3500000000008 16 2.2151800000000006 83.500000000000014 452.45000000000005 269.05373500000002 2.0895750000000004 634.05000000000007 105.50000000000001 2933.6500000000001 1082.8500000000001
decision_type=2 2 2 2 2 2 2 2 2 1 9 2 1 1 1 1 2 1 2 2 2 2 2 2 2 2 2 9 9 2 2 2 9 9 1 2 2 1 9 2 2 2 2 9 2 2 2 2 2 9 2 2 9 2 2 2 2 2 2 2 2 2
left_child=2 6 3 11 10 9 12 23 15 18 16 56 22 32 20 46 48 55 35 -9 40 57 38 24 -5 26 58 41 -22 -11 -21 50 61 -23 -13 43 -17 -10 -2 -34 -6 -14 -29 44 -3 -38 -7 -40 54 -28 -32 -48 -24 -54 -4 -12 -1 -15 -16 -37 -39 -8
right_child=1 5 4 7 14 8 13 19 37 29 17 34 27 21 25 36 -18 -19 -20 30 28 33 52 -25 -26 -27 49 42 -30 -31 31 -33 39 -35 -36 59 45 60 47 -41 -42 -43 -44 -45 -46 -47 51 -49 -50 -51 -52 -53 53 -55 -56 -57 -58 -59 -60 -61 -62 -63
leaf_value=-0.026616859074794885 -0.00051690553241575884 0.0029118909075587888 -0.019447803377143802 -0.013494590112370336 -0.0069983983277410707 0.0075903599504841815 0.0010221252308007583 -0.013767606168985367 0.014481392968446017 0.0072638232219915796 -0.0082560817385150375 -0.021483417701721193 -0.0011011728507288781 0.00025907177766097391 -0.0028479487167038689 0.0091691256782838494 -0.0079402388917636842 -0.0054087826464844927 0.0069311401628261542 -0.0046761281555518508 -0.0050660073551449412 0.0031156994995417868 0.001492293431807977 -0.012643185900438817 -0.017463036448009745 -0.00033284321945072185 -0.0051781795948874498 0.00020385390444331732 -0.0027527562508694418 0.0091208514906089729 -0.010461077109255174 -0.0089156612627934555 0.00074554898635358969 0.0055570655989545664 -0.016934098477012542 0.0046269489339841856 0.01024891735008698 0.01112894675032846 -0.0035727228201026841 0.0025297481859832848 -0.0045257558387813857 0.0013025696524005407 0.0025367692404796673 0.0047206000136705987 -0.0053544121182390629 0.012439330927647499 0.008356408276894654 -0.0013152756905848257 -0.010292522409640932 -0.0028337611432368622 -0.012433201178926259 0.01008664201042667 0.00012230282684736566 -0.0033927973894606112 -0.011228816518012216 -0.0065501961552328312 -0.020304445205432065 0.0033246570547238335 -0.00015025970383018166 0.0065706715487851277 0.013187005232487406 0.0040032778058544972
leaf_weight=230 764 204 30 287 413 727 126 454 343 1344 802 249 543 192 233 524 955 1252 1152 47 587 572 436 217 604 384 340 370 1273 989 539 317 911 1027 162 463 588 724 495 1003 602 472 948 587 34 587 792 490 558 918 831 804 787 143 50 763 52 263 334 665 419 682
leaf_count=230 764 204 30 287 413 727 126 454 343 1344 802 249 543 192 233 524 955 1252 1152 47 587 572 436 217 604 384 340 370 1273 989 539 317 911 1027 162 463 588 724 495 1003 602 472 948 587 34 587 792 490 558 918 831 804 787 143 50 763 52 263 334 665 419 682
internal_value=-4.97978e-06 0.00510721 -0.00803154 -0.0145065 -0.0053098 0.00854773 0.00142325 -0.0128981 0.0103513 0.00671934 -0.00746568 -0.0221264 -7.98394e-06 0.00305553 -0.00343862 0.00955429 -0.00905233 -0.00651032 0.00571379 -0.0115657 -0.00423866 0.00414229 -0.000816305 -0.0155165 -0.0162013 -0.00239593 -0.00282961 0.00107117 -0.00352714 0.00805462 -0.0109816 -0.0111544 0.00223425 0.00474043 -0.0197357 0.00499254 0.0106851 0.0125008 -0.00161056 0.00167263 -0.00553776 1.66447e-05 0.00186834 0.00391338 0.00164471 0.0113528 0.00872296 -0.00242758 -0.0108436 -0.00353463 -0.0116655 0.0092338 0.000201073 -0.000416778 -0.014513 -0.00742911 -0.0255287 0.00203445 -0.0012619 0.00577765 0.0118943 0.00349701
internal_weight=34653 21170 13483 3989 9494 10946 10224 3296 5508 5438 4410 693 5448 4776 5084 4022 1593 2817 3105 2188 2875 2054 3115 1108 891 2209 1825 2333 1860 2333 1734 1687 2722 1599 411 1953 1699 1486 1749 1914 1015 1015 1318 825 238 1175 2323 985 638 1258 1370 1596 1366 930 80 1565 282 455 567 1128 1143 808
internal_count=34653 21170 13483 3989 9494 10946 10224 3296 5508 5438 4410 693 5448 4776 5084 4022 1593 2817 3105 2188 2875 2054 3115 1108 891 2209 1825 2333 1860 2333 1734 1687 2722 1599 411 1953 1699 1486 1749 1914 1015 1015 1318 825 238 1175 2323 985 638 1258 1370 1596 1366 930 80 1565 282 455 567 1128 1143 808
cat_boundaries=0 1 3 4 5 6 7 8 10 12 14 16 17 18 20 22 24 26
cat_threshold=1 1194350083 337137826 1 1 1 1 1 1461587523 2995344420 55972872 335679616 176728242 540017684 839151689 436292593 1 4 1250429070 1470146827 1212713090 1048848 369102857 2492071968 545300614 1478496400
is_linear=0
shrinkage=0.05


Tree=29
num_leaves=63
num_cat=14
split_feature=3 3 3 3 3 3 3 3 0 1 3 0 3 3 3 0 0 0 11 3 4 0 3 3 9 1 4 0 4 11 0 3 4 6 6 9 6 1 11 6 4 3 4 6 6 11 9 11 3 1 6 9 9 1 4 6 9 11 1 3 4 4
split_gain=513.536 97.0276 85.7741 17.5688 13.8104 11.8731 10.2243 4.13438 3.01671 1.96675 1.8913 1.85957 1.8029 1.70429 1.56295 1.52699 1.1238 1.07626 1.01366 0.987714 0.961071 0.864831 0.806967 0.741094 0.740736 0.732028 0.708634 0.698208 0.658387 0.642491 0.629295 0.614062 0.609083 0.606427 0.58553 0.581609 0.563284 0.558895 0.557899 0.555976 0.548168 0.547279 0.535623 0.531663 0.668438 0.515284 0.514171 0.501672 0.495094 0.486436 0.471437 0.467694 0.465879 0.453805 0.451986 0.451614 0.446772 0.43269 0.424432 0.423428 0.407557 0.402405
threshold=773.55000000000007 1487.8500000000001 350.55000000000007 164.35000000000005 541.05000000000007 1050.4500000000003 2210.3500000000008 265.35000000000008 0 1 88.15000000000002 2 1221.3500000000001 2833.4500000000003 1763.9500000000003 3 4 5 1869.4415250000004 422.50000000000006 28806.500000000004 6 895.95000000000016 209.20000000000002 106.50000000000001 7 24544.500000000004 8 28273.500000000004 1355.4607250000001 9 1735.45 43262.000000000007 2.4636550000000006 1.7864000000000002 83.500000000000014 1.3493750000000002 10 240.082596 2.6612550000000001 21135.500000000004 627.05000000000007 25196.500000000004 2.7208800000000006 1.5064750000000002 1703.6766855000001 38.500000000000007 5667.7664250000007 129.15000000000001 11 1.9863300000000004 119.50000000000001 98.500000000000014 12 36564.500000000007 2.196895 54.500000000000007 3010.1615160000006 13 458.55000000000007 25904.000000000004 29544.500000000004
decision_type=2 2 2 2 2 2 2 2 1 9 2 1 2 2 2 1 1 1 2 2 2 1 2 2 2 9 2 1 2 2 1 2 2 2 2 2 2 9 2 2 2 2 2 2 2 2 2 2 2 9 2 2 2 9 2 2 2 2 9 2 2 2
left_child=2 5 3 10 9 11 8 23 14 19 38 18 30 17 55 20 32 54 37 -4 41 -11 49 43 -10 45 -9 33 46 50 53 -26 -14 34 -28 40 -25 -2 -1 60 -18 -6 -19 44 -5 52 -12 -15 -48 -13 58 -39 -17 -7 -8 57 -24 -3 -22 -23 -38 -20
right_child=1 6 4 7 15 12 13 26 24 21 28 22 16 47 -16 25 35 42 61 -21 29 59 56 36 31 -27 27 -29 -30 -31 -32 -33 -34 -35 -36 -37 39 51 -40 -41 -42 -43 -44 -45 -46 -47 48 -49 -50 -51 -52 -53 -54 -55 -56 -57 -58 -59 -60 -61 -62 -63
leaf_value=-0.027944147737086325 -0.00055642494618662289 0.0035851051463125804 -0.010073008853531882 -0.013637731218089661 -0.0066727806908296952 0.0034794331118744057 0.010900991074740888 -0.012646268649733628 0.0075261286333048226 -0.0069750259695759674 -0.027835590919343442 -0.0011312557242052755 0.0030256462587476686 0.010880217400604282 0.0071269936320241742 -0.0048097676424809204 -0.0016895923441985533 0.0078171082631459891 -0.00083126818056921997 -0.0075685954331132232 -0.00011731887560175814 -0.0060380280489971761 0.00014272555447550236 -0.0087167694171269745 0.00783766946871765 -0.0012700694772759462 -0.0095974581783756299 -0.0088000830206635076 -0.018081351703721337 -0.0024072313252478635 0.003253297135314723 0.0099424385027412111 0.0064525980727056734 -0.0078719032214100201 -0.012839297477938839 0.0060911229488545722 -0.016391802673840394 -0.0035097412708625739 -0.018870294885709883 -0.010644033694590785 0.0043740443846947714 -0.0043255912343049758 0.0098511619204416506 -0.012893137743295228 -0.017704810115383631 -8.8026874655634324e-05 -0.023560088703149483 0.013640282164479413 -0.017090143206753308 0.0009487206066063833 -0.0054697975798639852 -0.0012677581095141817 -0.002648829421714806 0.0012165000594173273 0.013964976752932007 0.0028325368068737992 0.0024443903855883163 0.0058922661371248707 -0.003949960135756248 -0.0041476322427696048 -0.013276191060284727 0.00085409352818357858
leaf_weight=118 821 268 680 179 404 278 499 360 1152 1509 40 446 1505 289 2324 421 41 442 562 1001 104 657 266 74 559 1041 234 628 348 938 1124 1053 142 132 432 826 180 466 31 151 363 675 1559 180 334 122 78 515 78 720 433 467 625 1190 184 208 1018 929 321 563 412 954
leaf_count=118 821 268 680 179 404 278 499 360 1152 1509 40 446 1505 289 2324 421 41 442 562 1001 104 657 266 74 559 1041 234 628 348 938 1124 1053 142 132 432 826 180 466 31 151 363 675 1559 180 334 122 78 515 78 720 433 467 625 1190 184 208 1018 929 321 563 412 954
internal_value=-4.93831e-06 0.00485254 -0.00763159 -0.0137834 -0.00504567 0.00165525 0.00843628 -0.0122546 0.00726094 -0.00709318 -0.0210263 6.25454e-05 0.00332074 0.0106215 0.00632881 -0.00326855 0.00418273 0.0100055 -0.000717716 -0.00853632 -0.00402842 -0.00614766 0.00110382 -0.0141901 0.00851575 -0.0022782 -0.0106113 -0.010089 -0.0195652 -0.00331617 0.00236272 0.00921787 0.00332485 -0.0110911 -0.0117164 0.00532782 -0.0131071 -0.00153579 -0.0261947 -0.0135321 0.00375602 -0.00520979 0.00940599 -0.0154461 -0.016315 -0.00313716 -0.0220946 0.0126629 -0.0204546 0.000151269 -0.0043059 -0.00236479 -0.00352234 0.00167908 0.0117456 0.00500441 0.00196805 0.00537913 -0.00311004 -0.00516977 -0.0142496 0.000229173
internal_weight=34653 21170 13483 3989 9494 11189 9981 3296 6493 4410 693 5720 5469 3488 3729 5084 2877 2684 3270 1681 2875 2729 2450 1510 2764 2209 1786 1426 544 1796 2592 1612 1647 798 666 1230 817 1754 149 743 404 1079 2001 693 513 1168 196 804 156 1166 858 933 1046 1468 683 1405 1284 1197 425 1220 592 1516
internal_count=34653 21170 13483 3989 9494 11189 9981 3296 6493 4410 693 5720 5469 3488 3729 5084 2877 2684 3270 1681 2875 2729 2450 1510 2764 2209 1786 1426 544 1796 2592 1612 1647 798 666 1230 817 1754 149 743 404 1079 2001 693 513 1168 196 804 156 1166 858 933 1046 1468 683 1405 1284 1197 425 1220 592 1516
cat_boundaries=0 1 3 4 5 6 7 8 10 11 12 14 16 18 20
cat_threshold=1 1194350083 337268898 1 1 1 4 1 349470217 362455456 1 1 1787332750 1470408971 1460931649 277365792 41951376 2098434 134234120 1207960321
is_linear=0
shrinkage=0.05


Tree=30
num_leaves=63
num_cat=16
split_feature=3 3 3 3 3 3 3 3 3 3 3 3 3 3 1 1 5 5 2 5 1 4 2 5 5 2 2 4 4 2 4 6 4 4 1 6 2 6 5 2 9 5 6 9 4 3 4 1 3 1 2 1 4 6 6 5 1 4 8 5 5 4
split_gain=451.774 84.3303 76.9787 14.576 14.1095 10.4645 9.54348 4.51174 2.03573 1.95927 1.82698 1.68492 1.43056 1.31161 1.2164 1.14251 0.954382 0.929799 0.91929 0.859851 0.836741 0.768103 0.764661 0.738804 0.735521 0.84086 0.733243 0.676479 0.640322 0.63675 0.612058 0.670142 0.591806 0.588598 0.56473 0.561081 0.540519 0.53729 0.521751 0.530069 0.50963 0.498132 0.4847 0.480077 0.47834 0.46884 0.466731 0.476958 0.458748 0.456674 0.486729 0.447072 0.444575 0.436398 0.509707 0.423305 0.41875 0.418083 0.403502 0.398029 0.393148 0.392099
threshold=791.05000000000007 1531.5500000000002 350.55000000000007 143.95000000000002 541.05000000000007 1057.8500000000001 2104.6500000000001 239.45000000000002 2513.8500000000008 1281.6500000000003 665.95000000000016 437.45000000000005 88.15000000000002 1749.3500000000001 0 1 1.1723750000000002 1.3021850000000001 2 0.97257500000000008 3 25398.500000000004 4 1.1627850000000002 1.1883700000000001 5 6 30147.500000000004 27742.500000000004 7 37334.500000000007 2.6361550000000005 35454.500000000007 33088.500000000007 8 1.6561650000000003 9 2.5084650000000006 1.0328750000000002 10 106.50000000000001 1.0364250000000002 2.5544450000000007 111.50000000000001 32906.500000000007 867.55000000000007 32683.500000000004 11 920.45000000000016 12 13 14 27742.500000000004 1.2845100000000003 2.6361550000000005 1.3739000000000001 15 32355.500000000004 1.0000000180025095e-35 1.0976150000000002 1.0062850000000003 28635.500000000004
decision_type=2 2 2 2 2 2 2 2 2 2 2 2 2 2 9 9 2 2 9 2 9 2 9 2 2 9 9 2 2 9 2 2 2 2 9 2 9 2 2 9 2 2 2 2 2 2 2 9 2 9 9 9 2 2 2 2 9 2 2 2 2 2
left_child=2 5 3 12 11 14 13 30 27 24 17 20 -1 41 22 29 49 34 -9 -15 55 -20 -2 26 25 -7 -16 -8 -13 32 31 35 58 -10 -6 -5 -30 -19 -17 -40 -21 -3 -22 -29 60 -24 47 -25 -28 50 52 -26 -11 -23 -55 -4 -27 -14 -12 -60 -42 -43
right_child=1 6 4 7 10 9 8 18 33 16 15 28 57 19 23 38 -18 37 21 40 42 53 45 46 51 56 48 43 36 -31 -32 -33 -34 -35 -36 -37 -38 -39 39 -41 44 61 -44 -45 -46 -47 -48 -49 -50 -51 -52 -53 -54 54 -56 -57 -58 -59 59 -61 -62 -63
leaf_value=-0.024933347074718743 0.00060223022662433587 0.004606855591737004 -0.0061184334608205869 -0.013835525928977752 -0.0053540922727901659 0.0033431603105928895 0.0079159695636720085 -0.012776197739224698 0.010361962713010197 -0.0049809624862973585 -0.009632661267726994 -0.0069966131638695339 -0.020269652882230628 0.0058654858544004958 -0.0010461094975850111 -0.0023505885807277305 0.0055861430963892776 -0.0022338601585809577 -0.011403484350472838 0.0068057024916971555 -0.0089897161376099165 -0.0037622203881090342 -0.0023809732296977445 -0.00046651762896266196 0.002018282039843367 -0.00040255968754081555 -9.2054748828672244e-05 0.0085685412019155804 -0.003757544507062156 -0.002228590050183618 -0.011884218079151868 -0.012463919543174667 -0.00216319997229737 0.0122321162023731 -0.0035145046848956661 -0.016991475999676636 -0.0060026350851440933 0.0043330647767374211 0.0015615834044144198 -0.0010739639802093202 0.01156577411107719 0.0049953849226310482 -0.0057352475212731711 0.0105011913052518 0.0093134482272936511 -0.00061459183174128451 0.0028461908694423915 0.0020773532831786386 0.0019890253043210277 0.0042912423996264611 0.0029977140601350994 0.0042161619623341225 0.0016286832486678449 -0.0094846640922880004 -0.0067809181598497276 -7.0287326854022763e-06 0.00164036150523799 -0.016498708011526052 -0.0070254797426363693 -0.0031828037322225882 0.0072655801813407764 0.0069527359045852867
leaf_weight=142 828 716 510 297 874 672 1012 496 1100 39 59 833 242 802 701 542 937 380 397 937 1214 43 596 335 440 325 490 621 579 893 277 267 161 778 1313 370 1079 33 244 755 59 401 134 780 700 1016 568 396 575 891 500 744 69 1031 225 30 1096 164 131 144 893 787
leaf_count=142 828 716 510 297 874 672 1012 496 1100 39 59 833 242 802 701 542 937 380 397 937 1214 43 596 335 440 325 490 621 579 893 277 267 161 778 1313 370 1079 33 244 755 59 401 134 780 700 1016 568 396 575 891 500 744 69 1031 225 30 1096 164 131 144 893 787
internal_value=4.29413e-05 0.00470183 -0.00695044 -0.0128509 -0.00459649 0.00175885 0.00814531 -0.0116255 0.00989918 0.00325771 -0.00291647 -0.00671655 -0.0204249 0.0067224 0.000203049 -0.00205895 0.00433201 -0.00388134 -0.010261 0.00731481 -0.00784727 -0.00938769 -0.000628809 0.000864499 0.00245804 0.00189303 0.000201273 0.00892707 -0.00585674 -0.00309644 -0.014085 -0.0147242 -0.00457958 0.0111428 -0.00429231 -0.015609 -0.00528018 -0.00169994 -0.00109589 -0.000424453 0.00776133 0.00566405 -0.00860689 0.00965126 0.00829891 -0.00126092 0.00177196 0.000934519 0.00102275 0.00354487 0.002337 0.00345439 -0.000716224 -0.00883554 -0.00900609 -0.00567466 0.00117362 -0.0187907 -0.00587113 -0.00503214 0.00754394 0.0062968
internal_weight=34663 20804 13859 3951 9908 11218 9586 3403 4291 5713 5529 4379 548 5295 5505 2929 2436 2600 2192 3391 1888 1696 2440 3065 3277 2093 1766 2413 2491 1388 1211 934 495 1878 2187 667 1658 413 1541 999 2589 1904 1348 1401 1652 1612 1299 731 1065 1499 608 1184 108 1299 1256 540 1421 406 334 275 952 1188
internal_count=34663 20804 13859 3951 9908 11218 9586 3403 4291 5713 5529 4379 548 5295 5505 2929 2436 2600 2192 3391 1888 1696 2440 3065 3277 2093 1766 2413 2491 1388 1211 934 495 1878 2187 667 1658 413 1541 999 2589 1904 1348 1401 1652 1612 1299 731 1065 1499 608 1184 108 1299 1256 540 1421 406 334 275 952 1188
cat_boundaries=0 2 4 6 8 10 12 14 16 18 20 22 24 26 28 30 32
cat_threshold=357977697 2861551844 64765002 2483744768 39454752 2148160000 2563279108 1126312572 134549908 1226908938 672678452 1074274381 202637935 176707522 365953152 2491552024 286662153 1007157297 20886 1805823130 74880 8527937 1208488068 67119371 566527185 487392593 32768 1342201920 1925599235 471944961 71328264 1476395392
is_linear=0
shrinkage=0.05


Tree=31
num_leaves=63
num_cat=19
split_feature=3 3 3 3 3 3 3 3 0 3 0 3 0 3 3 3 3 0 6 2 3 0 0 2 0 0 0 5 2 4 5 5 5 2 6 6 5 2 5 4 9 2 9 8 8 4 3 3 4 6 3 2 5 4 5 4 2 2 4 5 2 9
split_gain=407.933 76.1114 69.5966 14.7359 11.8432 9.10014 8.95415 3.1531 1.99043 1.92152 1.90383 1.83732 1.75496 1.66815 1.29307 0.982068 0.972604 0.910334 0.862786 0.898501 0.831988 0.825038 0.81535 0.799243 0.778018 0.772557 0.754854 0.739872 0.761102 0.736813 0.701447 0.681187 0.655491 0.585039 0.582061 0.61514 0.552294 0.700965 0.520261 0.516079 0.511694 0.51068 0.497591 0.470322 0.464347 0.458332 0.450745 0.446651 0.439091 0.435552 0.412273 0.468861 0.40483 0.398749 0.390347 0.387491 0.38713 0.383814 0.670667 0.463697 0.379745 0.37869
threshold=791.05000000000007 1516.6500000000003 333.05000000000007 531.1500000000002 143.95000000000002 1050.4500000000003 2104.6500000000001 239.45000000000002 0 665.95000000000016 1 2513.8500000000008 2 437.45000000000005 88.15000000000002 1706.6500000000003 1306.5000000000002 3 2.5717900000000005 4 1268.8500000000001 5 6 7 8 9 10 1.1132850000000001 11 24544.500000000004 1.2183750000000002 1.0809400000000002 1.1702350000000001 12 1.2845100000000003 2.6361550000000005 1.1883700000000001 13 1.1577350000000004 22439.500000000004 74.500000000000014 14 27.500000000000004 1.0000000180025095e-35 2.5000000000000004 30308.500000000004 1845.5000000000002 3066.1000000000004 26786.500000000004 1.7598050000000003 904.45000000000016 15 1.3824250000000002 33907.500000000007 1.2369850000000002 26957.500000000004 16 17 32273.500000000004 1.0656050000000004 18 105.50000000000001
decision_type=2 2 2 2 2 2 2 2 1 2 1 2 1 2 2 2 2 1 2 9 2 1 1 9 1 1 1 2 9 2 2 2 2 9 2 2 2 9 2 2 2 9 2 2 2 2 2 2 2 2 2 9 2 2 2 2 9 9 2 2 9 2
left_child=2 5 4 13 14 10 12 22 20 18 40 24 46 21 -1 57 36 -11 19 -5 41 -4 48 -12 42 -16 45 28 43 -9 -17 53 -15 54 -31 -36 37 39 -22 -10 -2 -7 -8 -19 -20 -13 55 -28 -6 -21 51 -33 -35 -25 -23 -3 -42 58 -14 -59 -29 -43
right_child=1 6 3 9 7 8 11 29 16 17 23 26 15 32 25 30 -18 27 44 49 38 33 -24 31 -26 -27 47 60 -30 34 -32 50 -34 52 35 -37 -38 -39 -40 -41 56 61 -44 -45 -46 -47 -48 -49 -50 -51 -52 -53 -54 -55 -56 -57 -58 59 -60 -61 -62 -63
leaf_value=-0.023695397835511431 0.00014312296685566148 0.0051428767960464616 -0.0059323094857378564 -0.0027700201839516085 -0.016720334828050451 0.00273518067869953 0.0055724644758662241 -0.012103869911547894 -0.0059154045208537533 -0.00047342017729206135 0.00043788078521861244 0.010610833142023043 -0.0023490595224868963 -0.0063760358273164232 -0.019756615063375681 0.0058065263417639472 0.0054285725890690474 -0.010812437174457085 0.0055565577938169663 -0.0024091123521539177 0.0023251292684567867 -0.010280215698811743 -0.011857534418761952 -0.0026386333053867502 0.0079447432415979558 -0.014976863630385286 0.0096227282558272523 0.0012183886816138729 -0.0026124562606781496 -0.0037466796942883067 0.0075202706355449499 -0.0039579553694441653 -0.0045944440844411993 -0.0071780084086178562 -0.010182426511245367 -0.0072754182057969026 0.0045797240577619752 0.0033162631512366255 0.0042938688205986023 0.0010372349331722339 0.00085642568699205142 -0.00011375936154278969 0.010519791709740814 -0.0050576244669600437 -0.0019950687245000156 0.014029614315328435 0.0088999001036126416 0.012248641353787728 -0.013661501969690105 -0.0050245514855080985 0.00062529800455078405 -0.00043868368965408909 -0.0014894689981113463 -0.00060595999239790787 -0.0076321889605859049 0.0077843970524878641 0.0030547662563659892 0.0037509211226721705 0.0057228123808794841 0.0058220680621161591 -0.001831280406530857 0.0016444423814782822
leaf_weight=142 348 206 562 1168 197 577 60 365 30 765 1705 211 56 1354 241 1985 881 45 35 182 830 575 537 686 1801 165 1229 110 905 44 881 110 860 913 1151 231 581 785 569 191 325 516 552 180 46 233 640 205 477 1446 685 476 33 373 206 493 663 484 46 639 924 752
leaf_count=142 348 206 562 1168 197 577 60 365 30 765 1705 211 56 1354 241 1985 881 45 35 182 830 575 537 686 1801 165 1229 110 905 44 881 110 860 913 1151 231 581 785 569 191 325 516 552 180 46 233 640 205 477 1446 685 476 33 373 206 493 663 484 46 639 924 752
internal_value=4.0448e-05 0.00446752 -0.00660495 -0.00452494 -0.0126422 0.00163492 0.0076965 -0.0114009 0.00302404 -0.00285935 0.000157308 0.0094048 0.00634505 -0.00667137 -0.0194093 0.00582723 0.00409434 -0.00195675 -0.00377727 -0.00392465 0.00220876 -0.00762118 -0.013383 -0.000384431 0.00848127 -0.0178557 0.0105863 -0.00248066 -0.003365 -0.0100539 0.00633577 -0.000983754 -0.00568639 -0.00816702 -0.00952113 -0.00970213 0.0033507 0.00263706 0.00312835 6.79809e-05 0.00179254 0.00151015 0.0100446 -0.00598645 0.00129595 0.0124324 0.00792157 0.0100064 -0.014579 -0.00470494 -0.00020723 -0.00117982 -0.0069084 -0.00192393 -0.0094713 0.00701438 0.00237277 0.00463328 0.00119536 0.00489005 -0.00151191 0.000922167
internal_weight=34663 20804 13859 10309 3550 11083 9721 3002 5712 5806 5371 4291 5430 4503 548 4091 2468 2929 2877 2796 3244 2289 1211 4035 2413 406 1878 2164 1130 1791 2866 2330 2214 1727 1426 1382 1587 1006 1399 221 1336 1845 612 225 81 444 1339 1434 674 1628 1271 586 946 1059 781 699 988 1225 102 1123 1034 1268
internal_count=34663 20804 13859 10309 3550 11083 9721 3002 5712 5806 5371 4291 5430 4503 548 4091 2468 2929 2877 2796 3244 2289 1211 4035 2413 406 1878 2164 1130 1791 2866 2330 2214 1727 1426 1382 1587 1006 1399 221 1336 1845 612 225 81 444 1339 1434 674 1628 1271 586 946 1059 781 699 988 1225 102 1123 1034 1268
cat_boundaries=0 1 2 3 4 6 7 8 10 11 12 13 15 17 19 21 22 24 26 28
cat_threshold=1 4 4 4 548118928 3418413012 4 1 722025810 1931519324 4 1 4 268582912 2214727944 1716661249 302531205 1073743041 67208576 134758454 1076527299 1149272065 235025921 1544048769 163840 67375360 13312 2236416
is_linear=0
shrinkage=0.05


Tree=32
num_leaves=63
num_cat=24
split_feature=3 3 11 3 3 3 11 3 3 0 11 3 3 3 0 0 1 0 0 0 0 2 2 1 5 1 2 4 1 1 4 3 1 2 5 6 4 1 3 4 2 3 5 4 5 6 2 3 9 4 6 2 4 1 0 11 4 2 9 5 5 11
split_gain=368.282 71.1967 59.6523 13.9185 12.1508 7.39529 6.92222 2.83291 2.36037 2.15175 2.13997 1.6336 1.49578 1.3477 1.06637 1.04213 1.00416 0.980576 0.933644 0.922543 0.920203 0.812875 0.803107 0.718348 0.702024 0.68585 0.680683 0.669632 0.65855 0.652328 1.0841 0.783731 0.647003 0.610781 0.601272 0.59352 0.571786 0.570174 0.566967 0.562834 0.552967 0.552848 0.545827 0.578693 0.539931 0.499265 0.488861 0.485939 0.482738 0.477595 0.47254 0.471782 0.459051 0.459 0.457629 0.456683 0.456596 0.452065 1.3652 0.447489 0.438837 0.438049
threshold=837.75000000000011 376.45000000000005 3150.9532275000006 185.55000000000004 578.55000000000007 2324.8500000000008 2238.6444120000001 265.35000000000008 88.15000000000002 0 3785.0404965000002 709.25000000000011 458.55000000000007 1306.5000000000002 1 2 3 4 5 6 7 8 9 10 1.3021850000000001 11 12 28273.500000000004 13 14 38365.500000000007 1204.4500000000003 15 16 1.1702350000000001 2.2320850000000001 32198.500000000004 17 3066.1000000000004 32132.500000000004 18 143.95000000000002 1.1161000000000001 31447.500000000004 1.2488900000000001 1.9453550000000002 19 1018.9500000000002 151.50000000000003 25601.500000000004 1.4398500000000003 20 29458.500000000004 21 22 2788.5426310000007 25302.500000000004 23 83.500000000000014 1.0950950000000002 0.95911000000000002 616.12715800000012
decision_type=2 2 2 2 2 2 2 2 2 1 2 2 2 2 1 1 9 1 1 1 1 9 9 9 2 9 9 2 9 9 2 2 9 9 2 2 2 9 2 2 9 2 2 2 2 2 9 2 2 2 2 9 2 9 1 2 2 9 2 2 2 2
left_child=1 3 6 8 12 10 9 61 -1 47 36 16 25 21 35 41 26 27 -15 39 -7 29 52 51 -18 50 42 -13 59 30 -8 -32 -19 45 54 -12 40 57 56 60 -4 -10 43 -6 -16 -25 48 -2 -29 -35 -3 -11 -14 -42 -24 -30 -22 58 -23 -20 -9 -5
right_child=2 4 5 7 11 20 13 19 15 23 14 17 22 18 44 -17 24 32 28 -21 38 37 34 33 -26 -27 -28 46 55 -31 31 -33 -34 49 -36 -37 -38 -39 -40 -41 53 -43 -44 -45 -46 -47 -48 -49 -50 -51 -52 -53 -54 -55 -56 -57 -58 -59 -60 -61 -62 -63
leaf_value=-0.022518913114404349 0.001748557040917572 0.0010845104490726954 0.0008627146296611611 -0.012136306566735883 -0.0058319955459559588 0.011276374466672361 0.0038668355274851956 -0.012836910605604886 -0.018772866290586054 -0.0028125534874508212 0.0071003936514826421 -0.0034816607964424998 -0.0047172588912322089 0.0058531165414455319 0.0076950104049768493 -0.01319395638084498 -0.0026793557917149085 -0.0013406769808609882 -0.0026461953652712209 -0.0074970960410079453 0.0072749342240429329 -0.010635768665579727 -0.004316269722931719 0.0072017449534244162 -8.6841010102797492e-06 -0.0073130244376994908 -0.0033787393865825064 -0.0014757942282936894 0.0025489293833563173 0.0026480044850771523 0.01689309197508039 0.0062146312684159388 0.00081606042222174256 -0.0011148392478777158 -0.0042803825628898381 0.0052709764012549929 0.0062521777669197684 0.0021947967423667516 0.011639182188195513 -0.0083876534201402474 0.0014491798248419093 -0.015047218952967035 -0.0044920918837888166 -0.012727315157709172 0.0097920357041733422 0.0016886303080632743 -0.0022520570397638541 0.0040172348379323109 0.001761974741069081 0.00065499117606447653 -0.0052214428859532454 -0.00048725752003031715 -0.0023084533726065856 0.0053453717438536989 -0.0066646257099863592 0.0043082155129904867 0.0092320954912450803 0.0010680615644980001 0.00066273212408108077 0.0038002526128409612 -0.0097683133311018879 -0.0095958510311595496
leaf_weight=142 768 31 103 975 66 663 256 170 241 261 1409 582 343 539 1372 344 1434 715 74 1017 411 36 282 54 297 1315 752 278 554 1284 30 43 658 504 769 673 1320 1034 205 602 110 238 124 61 420 166 666 342 195 1554 573 1181 475 1334 880 1140 1396 316 96 41 513 236
leaf_count=142 768 31 103 975 66 663 256 170 241 261 1409 582 343 539 1372 344 1434 715 74 1017 411 36 282 54 297 1315 752 278 554 1284 30 43 658 504 769 673 1320 1034 205 602 110 238 124 61 420 166 666 342 195 1554 573 1181 475 1334 880 1140 1396 316 96 41 513 236
internal_value=3.83273e-05 -0.00587122 0.00453276 -0.011149 -0.00361865 0.00740724 0.00189762 -0.00968272 -0.0164715 0.000519632 0.00652243 -0.00209556 -0.00551938 0.0031201 0.00729081 -0.015402 -0.00298603 -0.00130799 0.00402391 -0.00864343 0.00963367 0.00243335 -0.00476745 -5.70306e-05 -0.00220865 -0.00659348 -0.00425969 -0.0021027 0.00347595 0.00321433 0.00526737 0.010772 -0.000311053 0.000495245 -0.00534961 0.00651185 0.00548199 0.00154962 0.00908703 -0.00954415 0.0048212 -0.0169569 -0.00664637 -0.00921748 0.00819169 0.00293549 -0.00139565 0.00245054 -0.000137189 0.000220163 -0.00481692 -0.000926239 -0.00328294 0.00506177 -0.00609892 0.0037128 0.00879121 4.36116e-05 -0.00230237 -0.000308365 -0.0105497 -0.0116495
internal_weight=34663 14974 19689 4478 10496 9416 10273 3513 965 4830 6741 5828 4668 5443 3874 823 2734 3094 2348 2302 2675 3095 2749 3720 1731 1919 1003 1721 1809 1613 329 73 1373 2278 1931 2082 2867 1482 2012 1285 1547 479 251 127 1792 220 1139 1110 473 2058 604 1442 818 1444 1162 1694 1807 448 132 115 683 1211
internal_count=34663 14974 19689 4478 10496 9416 10273 3513 965 4830 6741 5828 4668 5443 3874 823 2734 3094 2348 2302 2675 3095 2749 3720 1731 1919 1003 1721 1809 1613 329 73 1373 2278 1931 2082 2867 1482 2012 1285 1547 479 251 127 1792 220 1139 1110 473 2058 604 1442 818 1444 1162 1694 1807 448 132 115 683 1211
cat_boundaries=0 1 2 3 5 6 7 8 9 11 13 15 17 19 21 23 25 27 29 31 33 35 37 38 40
cat_threshold=4 1 1 1096162305 872943892 1 4 1 4 765126710 1361718541 135201172 3819998384 659689152 2852368421 2696972550 1235233588 155320320 659464 2155873280 327680 546308760 537395456 1473526849 2424862240 168068096 16777353 608223946 167772608 4390912 67111168 1091092676 1201692866 1166049288 67600 1108344832 268959744 4 1153 67174528
is_linear=0
shrinkage=0.05


Tree=33
num_leaves=63
num_cat=22
split_feature=3 11 3 3 3 11 3 3 0 1 3 3 0 3 3 1 5 3 5 0 1 1 0 4 0 2 3 2 6 0 4 0 2 9 5 2 6 1 5 4 5 2 4 4 11 5 6 1 2 4 3 2 5 5 2 2 5 5 9 5 5 4
split_gain=332.689 62.0772 56.9127 12.0028 9.68058 8.48197 6.73413 2.53746 1.68505 1.62506 1.55431 1.50373 1.42154 1.15752 1.04688 0.978301 0.959276 0.938322 0.919578 0.849262 0.845267 0.795439 0.736435 0.721387 0.712732 0.712067 0.708936 0.762867 0.685939 0.645995 0.623791 0.61117 0.60701 0.700629 0.604093 0.595651 0.578927 0.570811 0.569255 0.559205 0.541693 0.520624 0.507417 0.505831 0.504517 0.481484 0.516138 0.476038 0.468343 0.459463 0.455473 0.455418 0.448732 0.446519 0.516057 0.446331 0.430242 0.430179 0.414393 0.46178 0.409559 0.408381
threshold=791.05000000000007 3150.9532275000006 333.05000000000007 531.1500000000002 143.95000000000002 2173.5055365000003 2210.3500000000008 239.45000000000002 0 1 665.95000000000016 1268.8500000000001 2 2762.8000000000006 88.15000000000002 3 1.1549950000000002 422.50000000000006 1.1518700000000004 4 5 6 7 25601.500000000004 8 9 1890.0500000000004 10 2.196895 11 27033.500000000004 12 13 36.500000000000007 1.2084450000000002 14 1.8765500000000002 15 1.1132850000000001 31798.500000000004 1.2464850000000001 16 29314.500000000004 41695.500000000007 3664.3011835000002 1.0475850000000002 2.3156850000000007 17 18 34784.500000000007 1935.7000000000003 19 1.3264750000000001 1.0328750000000002 20 21 1.1902850000000003 1.2065350000000004 92.500000000000014 0.89548000000000016 1.0012450000000002 26786.500000000004
decision_type=2 2 2 2 2 2 2 2 1 9 2 2 1 2 2 9 2 2 2 1 9 9 1 2 1 9 2 9 2 1 2 1 9 2 2 9 2 9 2 2 2 9 2 2 2 2 2 9 9 2 2 9 2 2 9 9 2 2 2 2 2 2
left_child=2 5 4 9 14 8 12 24 34 17 20 22 26 23 -1 39 44 42 37 60 38 41 51 -8 61 -9 27 -3 -29 -27 -23 -16 33 -32 55 58 -20 -13 -5 -12 -25 -10 -4 -31 -14 -15 -47 -24 49 -21 -18 -7 -30 -17 -55 -2 -49 -19 -22 -60 -11 -6
right_child=1 6 3 10 7 11 13 25 21 19 15 18 16 45 31 53 50 57 36 48 35 30 47 40 -26 29 -28 28 52 43 32 -33 -34 -35 -36 -37 -38 -39 -40 -41 -42 -43 -44 -45 -46 46 -48 56 -50 -51 -52 -53 -54 54 -56 -57 -58 -59 59 -61 -62 -63
leaf_value=-0.021400841408884611 -0.0020147977906409494 0.0058432426588801364 -0.0096183898086409751 -0.0056812286069304494 -0.015242155201055789 0.00039256666407510145 0.0065382110192448942 -0.011302741807109367 -0.0019205470032871499 -0.0071492508522580187 -0.0035960836259072942 -0.00061558735831521258 0.0048800831829669752 0.0088167767527453401 -0.017838101652412376 -0.0020222575771033009 0.0071210162231189061 -0.0067805391169721953 0.0075734100018920343 -0.0036013735171589257 -0.0032132281937574505 -0.0010186327287710587 0.00059110599731463959 0.0081590359569711154 -0.010658532462072417 -0.0062697349372738131 0.0060213735571658013 0.0043067044104140948 0.0019934387957466749 -0.0092506434980054938 0.0083977373410258835 -0.013576807788606869 0.00030843702128017353 0.0018288930975288631 0.0031361742174930967 -0.00334876598795979 0.0043610449160608831 0.0032295452609256668 -0.0033740301991515929 -0.0016595261581027467 0.010247094640156853 -0.00028022165012456013 -0.0072800496336234326 -0.005419409326186367 0.0067744980823052558 0.011718180160829449 0.0077816889672116798 0.0026422972302947434 -0.0046775012302830597 0.00038472199284541632 0.0092347712718645301 0.0020764802879783746 -0.0044453254149806115 0.0018683714945562199 -0.00083211899434030082 0.0013308492237312931 0.004566588052923138 -0.0046126544486291129 0.0054214943605925773 -0.00092620822278267315 -0.0052584484056438091 -0.012320830775853482
leaf_weight=142 107 694 409 565 197 701 548 469 973 444 785 106 583 435 241 499 646 744 171 202 202 647 215 1442 537 333 1710 642 214 888 47 165 1222 270 467 1182 833 1635 520 715 423 978 604 101 949 531 109 900 758 112 460 988 30 224 706 694 434 346 30 378 884 477
leaf_count=142 107 694 409 565 197 701 548 469 973 444 785 106 583 435 241 499 646 744 171 202 202 647 215 1442 537 333 1710 642 214 888 47 165 1222 270 467 1182 833 1635 520 715 423 978 604 101 949 531 109 900 758 112 460 988 30 224 706 694 434 346 30 378 884 477
internal_value=3.62671e-05 0.00403425 -0.00596504 -0.00408409 -0.0114245 0.00155048 0.00703772 -0.0103022 0.000114729 -0.00602127 -0.00258089 0.0028473 0.00600984 0.00878243 -0.0175426 -0.00176909 0.00687771 -0.00709558 0.0037085 -0.00502685 -0.00340645 -0.000374096 0.00211629 0.00816393 -0.0120805 -0.00909376 0.00531208 0.0045411 0.00341137 -0.00815506 0.000281725 -0.0161439 0.000830535 0.00274 0.00170861 -0.00267905 0.00491516 0.00301022 -0.00453781 -0.00265701 0.00863787 -0.00110446 -0.00823271 -0.00886525 0.00605724 0.0101619 0.0110609 0.00290372 -0.00399311 -0.00211571 0.0080077 0.00139285 0.00118687 -0.000811591 -0.00016924 0.000873445 0.00324697 -0.00609724 -0.00134501 -0.000447351 -0.00589552 -0.013196
internal_weight=34663 20804 13859 10309 3550 11388 9416 3002 5405 4503 5806 5983 5928 3488 548 2929 2638 2103 2745 2400 2877 4137 3238 2413 1211 1791 3290 1580 886 1322 2186 406 1539 317 1268 1792 1004 1741 1085 1500 1865 1951 1013 989 1532 1075 640 1549 1072 314 1106 1689 244 1429 930 801 1334 1090 610 408 1328 674
internal_count=34663 20804 13859 10309 3550 11388 9416 3002 5405 4503 5806 5983 5928 3488 548 2929 2638 2103 2745 2400 2877 4137 3238 2413 1211 1791 3290 1580 886 1322 2186 406 1539 317 1268 1792 1004 1741 1085 1500 1865 1951 1013 989 1532 1075 640 1549 1072 314 1106 1689 244 1429 930 801 1334 1090 610 408 1328 674
cat_boundaries=0 1 3 4 6 7 9 11 12 13 15 17 18 19 21 23 25 27 29 31 33 35 37
cat_threshold=4 1198814211 874009762 1 64765002 2626351108 1 320216585 874250288 878579424 2920010341 1 1 5900320 2148225664 153665733 1637880400 4 1 167809472 1076363457 163807632 3414163704 2155873280 327680 1423238153 2223852177 536887296 671093152 134258832 1225261458 2000958024 797004704 74880 8527937 67109888 1107820800
is_linear=0
shrinkage=0.05


Tree=34
num_leaves=63
num_cat=18
split_feature=3 3 3 3 3 3 3 3 3 11 1 3 5 4 2 5 2 11 2 4 1 5 6 2 4 9 1 11 4 1 2 5 2 6 6 1 5 4 1 5 2 2 4 6 4 4 2 5 11 6 1 1 9 9 6 2 5 6 6 6 4 11
split_gain=300.844 62.2757 44.0192 12.754 9.93284 5.77126 4.99018 2.65063 2.08088 1.68953 1.51724 1.37503 1.20335 0.976162 0.953112 0.93552 0.882624 0.852688 0.718029 0.687029 0.665864 0.662765 0.780751 0.661472 0.656309 0.651485 0.631656 0.62983 0.624657 0.608651 0.584402 0.583638 0.60063 0.581505 0.572683 0.549156 0.523995 0.511333 0.504104 0.707593 0.494154 0.468137 0.456562 0.449405 0.446297 0.442261 0.429057 0.424424 0.424069 0.655494 0.42389 0.40698 0.473477 0.395509 0.494799 0.383259 0.401683 0.383165 0.454064 0.381272 0.37987 0.376374
threshold=867.55000000000007 398.15000000000003 1588.7500000000002 201.55000000000004 612.1500000000002 2381.2000000000003 1204.4500000000003 129.15000000000001 294.05000000000007 3785.0404965000002 0 514.85000000000002 1.1462100000000002 32273.500000000004 1 1.1723750000000002 2 1157.1081670000001 3 25801.500000000004 4 1.1324350000000003 2.2791250000000001 5 28007.500000000004 112.50000000000001 6 331.51854600000007 31485.500000000004 7 8 1.0186700000000002 9 1.7908100000000002 2.0657650000000003 10 1.2488900000000001 28448.500000000004 11 0.98728500000000008 12 13 32683.500000000004 1.8201400000000001 36474.500000000007 29458.500000000004 14 1.1214800000000003 505.53144750000001 1.5064750000000002 15 16 135.50000000000003 69.500000000000014 2.1071350000000004 17 1.2098750000000003 2.5226750000000004 1.6679700000000002 1.9531700000000003 30227.500000000004 1343.4614645000004
decision_type=2 2 2 2 2 2 2 2 2 2 9 2 2 2 9 2 9 2 9 2 9 2 2 9 2 2 9 2 2 9 9 2 9 2 2 9 2 2 9 2 9 9 2 2 2 2 9 2 2 2 9 9 2 2 2 9 2 2 2 2 2 2
left_child=1 3 6 7 11 9 13 27 28 35 18 17 30 16 -14 41 26 33 61 55 -15 60 -23 51 -10 34 -2 44 57 -18 38 -26 -33 -3 -20 37 46 43 39 -12 -22 -8 -17 -4 -1 -27 -21 -25 49 -9 -43 52 -13 -37 -55 56 -11 58 -5 -38 -7 -6
right_child=2 4 5 8 10 21 15 48 24 19 12 23 14 20 -16 42 29 -19 25 36 40 22 -24 47 31 45 -28 -29 -30 -31 -32 32 -34 -35 -36 53 59 -39 -40 -41 -42 50 -44 -45 -46 -47 -48 -49 -50 -51 -52 -53 -54 54 -56 -57 -58 -59 -60 -61 -62 -63
leaf_value=-0.019398593913625792 -0.0023534543858289019 -0.0043199658263895369 0.0030342219492945919 -0.0093046238909315591 -0.0077200235597307005 0.0071134270113686424 0.0014466210236564721 -0.010704980730353033 -0.0085405105903434263 0.0044629471849047522 -0.0032096115856903558 -0.0029298738222569231 0.0025194044584711706 0.00079453597595613695 -0.0005246381920033271 0.0034842541785372705 -0.0001347070199308244 -0.00295547243379557 -0.0046817879330205564 0.0036648736115322887 0.003736010450017372 0.010567580214673026 0.007285630859194263 -0.0050763529859672264 -0.0081227687591131602 -0.0026537571803237369 8.8348445208010827e-05 -0.012170552359572774 -0.0086561587454526811 0.0018853913724654803 -0.0011629098262849313 -0.0041593759524762852 -0.0071663810096000737 -0.0061403789491485568 -0.0019804986694987267 0.004401891514896685 0.011178047446313726 0.0041779975125343718 -0.0022737384687507175 -0.011522382411898839 0.00173427208664089 0.0018563193059335456 0.0052302424699916432 -0.0043801078009744025 -0.014683482956227867 -0.00047485801522373171 0.006826939823328714 -0.0033892956435686997 -0.0099318447645361501 -0.014201378554571421 0.0036627490991073272 -0.0027874532579071905 0.0036846710645230644 0.0062106720303535881 0.0039807339757968341 0.0057982963006277567 -0.0017697236079367855 -0.0085455564218898158 -0.012403706592950809 0.0076752556402042704 0.0088634461381577514 -0.0038914717878873227
leaf_weight=269 333 594 38 197 83 590 635 220 719 67 62 49 307 1190 1333 838 568 326 370 207 487 814 247 820 472 379 1155 57 738 1097 1408 434 542 1820 422 897 92 133 527 44 1044 553 695 42 85 603 2115 704 151 447 1224 561 58 1205 323 845 41 171 392 769 754 301
leaf_count=269 333 594 38 197 83 590 635 220 719 67 62 49 307 1190 1333 838 568 326 370 207 487 814 247 820 472 379 1155 57 738 1097 1408 434 542 1820 422 897 92 133 527 44 1044 553 695 42 85 603 2115 704 151 447 1224 561 58 1205 323 845 41 171 392 769 754 301
internal_value=3.42328e-05 -0.00509535 0.00426393 -0.00977177 -0.00296982 0.00675304 0.0019366 -0.0141821 -0.00828938 0.00600407 -0.00157393 -0.00462175 -0.00094748 0.00101257 5.85356e-05 0.00331184 0.000413584 -0.00536974 -0.00262501 0.00663646 0.00170626 0.00885925 0.00981112 -0.00368475 -0.00729021 -0.00216803 -0.000471364 -0.017491 -0.00972896 0.00119989 -0.00176011 -0.00666391 -0.0059508 -0.00569441 -0.00324678 0.00501045 0.006992 0.00218679 -0.00301861 -0.00615994 0.00239312 0.0026958 0.00427871 -0.000864321 -0.018311 -0.00131764 0.00659191 -0.00427175 -0.0125002 -0.0130659 0.00311547 -0.00224377 0.000600864 0.0052269 0.0057422 0.00544287 0.00192565 -0.010758 -0.0113847 0.00806207 0.00810107 -0.00461698
internal_weight=34663 15665 18998 4894 10771 9179 9819 1229 3665 6774 5839 4932 3681 5874 1640 3945 3153 2740 2158 4136 2721 2405 1061 2192 2167 1774 1488 411 1498 1665 2041 1448 976 2414 792 2638 3183 213 633 106 1531 2412 1533 80 354 982 2322 1524 818 667 1777 668 107 2425 1528 953 108 760 589 861 1344 384
internal_count=34663 15665 18998 4894 10771 9179 9819 1229 3665 6774 5839 4932 3681 5874 1640 3945 3153 2740 2158 4136 2721 2405 1061 2192 2167 1774 1488 411 1498 1665 2041 1448 976 2414 792 2638 3183 213 633 106 1531 2412 1533 80 354 982 2322 1524 818 667 1777 668 107 2425 1528 953 108 760 589 861 1344 384
cat_boundaries=0 2 4 6 8 10 12 14 16 18 20 22 24 26 28 30 32 34 36
cat_threshold=22821953 3020607492 8466626 33579074 1372656073 2920110976 1103101956 41947176 2001128768 2860896929 1208189844 1268810548 12714632 8578 1997934785 848151556 113394688 67768704 1761650824 177614 3230663680 268566528 1342308352 8448 709885959 17310097 1082307592 2056438976 1082392704 134481960 3788374105 403446113 536887296 1600 549453952 269484160
is_linear=0
shrinkage=0.05


Tree=35
num_leaves=63
num_cat=29
split_feature=3 3 3 3 3 3 3 0 1 3 3 0 4 0 2 3 1 0 1 1 5 2 4 1 0 2 5 2 1 1 2 3 11 1 5 4 4 3 11 4 2 1 4 0 1 1 2 11 3 5 2 1 3 2 5 3 5 4 2 5 2 5
split_gain=279.302 57.5754 43.0343 8.31782 7.99524 7.61322 5.53662 1.95146 1.89023 1.67979 1.67602 1.46941 1.464 1.29308 1.14788 1.06085 0.926815 0.923832 0.837459 0.820184 0.775239 0.741774 0.73253 0.83374 0.795032 0.718844 0.715843 0.701772 0.989192 0.626107 0.612733 0.602974 0.600973 0.600191 0.796132 0.584726 0.572762 0.549965 0.678988 0.549607 0.547828 0.540854 0.540274 0.573013 0.535806 0.52046 0.513586 0.653853 0.718513 0.496436 0.492209 0.482701 0.482473 0.475436 0.474174 0.47417 0.471656 0.449519 0.435549 0.471921 0.41106 0.399203
threshold=744.85000000000002 1377.4500000000003 321.35000000000008 2044.2500000000002 514.85000000000002 185.55000000000004 994.55000000000007 0 1 2556.0000000000005 88.15000000000002 2 28635.500000000004 3 4 1706.6500000000003 5 6 7 8 1.0927050000000003 9 34066.000000000007 10 11 12 1.1764850000000002 13 14 15 16 229.95000000000002 796.8591540000001 17 1.0399600000000002 22439.500000000004 23961.500000000004 536.45000000000016 1157.1081670000001 33088.500000000007 18 19 32906.500000000007 20 21 22 23 1626.2840745000001 849.25000000000011 1.3595600000000003 24 25 585.75000000000011 26 1.1577350000000004 1146.7 1.1549950000000002 26584.500000000004 27 1.0153550000000002 28 1.1549950000000002
decision_type=2 2 2 2 2 2 2 1 9 2 2 1 2 1 9 2 9 1 9 9 2 9 2 9 1 9 2 9 9 9 9 2 2 9 2 2 2 2 2 2 9 9 2 1 9 9 9 2 2 2 9 9 2 9 2 2 2 2 9 2 9 2
left_child=2 6 5 7 8 10 12 57 30 17 -1 21 25 29 20 35 31 -5 26 37 33 44 24 -24 -10 -2 -14 28 -13 -6 36 -7 -18 34 -15 -9 56 -16 -39 -11 -20 -27 43 -12 53 49 47 -28 -49 -37 -17 -23 -35 54 -8 -29 -4 -3 -19 -60 -31 -26
right_child=1 3 4 9 13 16 11 15 22 39 42 27 18 14 19 50 32 58 40 -21 -22 51 23 -25 61 41 46 55 -30 60 -32 -33 -34 52 -36 45 -38 38 -40 -41 -42 -43 -44 -45 -46 -47 -48 48 -50 -51 -52 -53 -54 -55 -56 -57 -58 -59 59 -61 -62 -63
leaf_value=-0.019783834384425599 -0.0003613077205125466 0.0048500951929964639 -0.013922595358453691 0.0060491031389598325 -0.00021980429138020857 -0.011882360221592185 0.0091979628464213346 0.0012181167316288259 -0.0036830340261674588 0.0079514504246839882 -0.01635389826680779 -0.0029930964049438135 0.00030532138187111492 -0.0066503395877427459 -0.0057412186911439192 0.0058003487354689829 -0.0079908085031373099 0.0032888183683420706 -0.0016307422230016585 -0.0028439910504053727 -0.0032505671158713717 -0.00060735564045194968 -0.00087292182558799253 -0.0045221843894883802 -0.0068755278270812431 -0.00059839106242311159 0.0010581902705314682 0.0024999056046912031 0.0022669158371858783 -0.0042561738248802642 -0.0057156767182368895 -0.0095752433655243024 -0.0032885539702248653 -0.0062352098652683026 -0.014232172089925206 0.0026878416012758666 -0.0077739793236487904 0.0074830466656879121 -8.5826283077377539e-05 0.0098058071756255607 0.00016197840249304452 -0.0031280953336123209 -0.01201977746754971 -0.012656659072386884 0.0012794372612500104 0.0042450207646549621 0.0017691484287802651 0.014663763997486968 0.0043868685112101961 -0.0035540288204655929 0.0040758946994651638 0.0011417596986402607 -0.0031707755609694599 0.0024222326267485331 0.0021919059001160542 0.0041499731533319092 -0.0077775467431447547 0.0068023966232391257 0.0067116503988618043 0.008782685311829172 -0.0015237015344361539 -0.0050626920605398099
leaf_weight=135 862 422 79 1858 594 436 73 270 449 1013 276 102 700 190 33 1099 843 102 558 1920 820 609 215 858 770 328 40 810 445 218 727 988 76 208 43 541 741 34 193 721 1695 696 345 213 868 1387 404 31 39 33 1223 1087 346 412 37 959 60 1094 437 860 464 532
leaf_count=135 862 422 79 1858 594 436 73 270 449 1013 276 102 700 190 33 1099 843 102 558 1920 820 609 215 858 770 328 40 810 445 218 727 988 76 208 43 541 741 34 193 721 1695 696 345 213 868 1387 404 31 39 33 1223 1087 346 412 37 959 60 1094 437 860 464 532
internal_value=-2.21292e-05 0.00341869 -0.00588336 0.00595154 -0.00417064 -0.0107902 0.000813693 0.00470657 -0.0057217 0.00746416 -0.0145237 0.00194284 -0.000325937 -0.00281233 -0.0032762 0.00418723 -0.0092406 0.00678899 0.000283959 -0.00248366 -0.0043069 0.00122781 -0.00486204 -0.0038427 -0.00551188 -0.00144666 0.00133578 0.00289464 0.0012464 -0.00143415 -0.00715371 -0.0102178 -0.00752415 -0.00545666 -0.00777226 0.0034053 -0.00825649 0.000184704 0.00107569 0.0087277 -0.00028779 -0.00233277 -0.0136496 -0.0147726 0.00207935 0.00370566 0.00276174 0.00568679 0.0090805 0.00228371 0.00493674 0.000513821 -0.00425384 0.00335562 0.00631357 0.00337719 -0.0113446 0.0062625 0.00776659 0.00802874 -0.00245083 -0.00613925
internal_weight=34621 21815 12806 11060 9494 3312 10755 6069 4431 4991 969 5402 5353 5063 3787 4553 2343 3257 3467 2180 1607 3086 2824 1073 1751 1886 1214 2316 547 1276 1607 1424 919 787 233 2231 880 260 227 1734 2253 1024 834 489 1390 1961 514 110 70 574 2322 1696 554 522 110 1769 139 1516 1399 1297 682 1302
internal_count=34621 21815 12806 11060 9494 3312 10755 6069 4431 4991 969 5402 5353 5063 3787 4553 2343 3257 3467 2180 1607 3086 2824 1073 1751 1886 1214 2316 547 1276 1607 1424 919 787 233 2231 880 260 227 1734 2253 1024 834 489 1390 1961 514 110 70 574 2322 1696 554 522 110 1769 139 1516 1399 1297 682 1302
cat_boundaries=0 1 3 4 5 7 9 10 12 14 16 18 19 21 23 25 27 29 31 33 35 36 38 40 42 44 46 48 50 52
cat_threshold=4 1175483393 2752008358 1 4 173039137 336337163 1475504968 562746529 1 554213508 1361325593 536887296 2151687169 676056247 1361739791 142739460 134228232 4 1209500438 3391759802 369388865 2181136526 640 136315040 1765934476 1250037712 1179659305 336097352 1128662016 268968960 1075094593 371720192 1745261208 1159725842 1 378020020 538977570 3235394572 337124481 1081544 67125312 220250274 25491280 1888494786 17392289 138428420 16777216 4194304 134479872 1128288265 67633153
is_linear=0
shrinkage=0.05


Tree=36
num_leaves=63
num_cat=24
split_feature=11 11 11 11 11 11 11 6 6 6 11 6 11 11 0 1 11 2 1 2 5 11 0 2 1 2 1 2 1 6 6 6 2 1 4 1 4 1 4 9 0 0 4 1 10 1 4 9 11 9 1 11 2 2 6 11 5 5 6 9 2 6
split_gain=251.713 49.361 34.0951 8.04068 7.46746 4.64719 3.79797 3.60491 3.2574 2.67327 2.6372 1.88099 1.48974 1.46191 1.27577 1.00606 0.941509 0.926977 0.841866 0.832103 0.819796 0.816087 0.801666 0.760886 0.743564 0.735232 0.713904 0.849949 0.67895 0.616972 0.607171 0.59423 0.563912 0.632787 0.750466 0.56041 0.558194 0.540392 0.53967 0.53358 0.512319 0.501635 0.497607 0.494798 0.494281 0.487933 0.50049 0.480175 0.463921 0.468098 0.450757 0.45527 0.450687 0.448052 0.443166 0.426663 0.422352 0.471653 0.420685 0.412022 0.410592 0.398553
threshold=1816.9296425000002 830.35675900000012 3150.9532275000006 521.56287950000012 1214.1406265000003 4305.0661975000012 2457.6303310000003 1.7952100000000002 2.0542800000000003 1.8201400000000001 207.67896000000005 1.8000200000000002 1454.4361230000002 355.04860250000007 0 1 743.24320650000016 2 3 4 1.2164050000000002 1048.9402650000004 5 6 7 8 9 10 11 1.8572450000000003 1.8161500000000002 1.5809450000000003 12 13 39915.000000000007 14 25398.500000000004 15 26498.500000000004 127.50000000000001 16 17 28542.500000000004 18 1.0000000180025095e-35 19 38152.500000000007 73.500000000000014 2222.5407380000001 76.500000000000014 20 378.27117800000008 21 22 1.9481900000000001 5557.5370070000008 1.0901500000000002 0.93773000000000006 1.6561650000000003 41.500000000000007 23 2.196895
decision_type=2 2 2 2 2 2 2 2 2 2 2 2 2 2 1 9 2 9 9 9 2 2 1 9 9 9 9 9 9 2 2 2 9 9 2 9 2 9 2 2 1 1 2 9 2 9 2 2 2 2 9 2 9 9 2 2 2 2 2 2 9 2
left_child=1 3 6 8 9 15 20 37 10 58 44 41 28 40 55 42 47 21 25 24 26 -11 29 61 56 -16 52 48 -13 -8 -22 50 33 34 -24 54 -32 -5 -19 -25 -10 -6 -4 53 -1 46 -40 -9 -28 59 -12 -52 -2 -34 -21 -7 57 -14 -3 -50 -38 -17
right_child=2 4 5 7 11 14 22 16 13 17 31 12 19 -15 18 23 -18 38 -20 35 30 -23 32 39 -26 -27 27 -29 -30 -31 36 -33 43 -35 -36 -37 60 -39 45 -41 -42 -43 -44 -45 -46 -47 -48 -49 49 -51 51 -53 -54 -55 -56 -57 -58 -59 -60 -61 -62 -63
leaf_value=-0.012773087790768063 0.00063894954180247255 0.0001139414057390587 0.0031737492522070179 -0.0026554111995275563 -0.0028156723846872673 0.0081110763883819534 0.007657501339141665 -0.010370975939434757 -0.018938947415429785 -0.007089679892196863 -0.0034323398908208905 -0.0043367874989752126 -0.0020343492881737964 -0.012124593475049265 0.0093452374250269851 0.0049202858973122973 -0.0068359637654915864 -0.0054278280273679655 0.0050532070348921635 0.0035951334568474929 0.0052803187700342542 -0.0046844928920278415 0.0049184041861490497 0.0056130327571511061 -0.0012471578608838172 0.0066382601652823382 0.0020220538557759512 0.0006968014015452281 -0.0023414877854408141 0.0037505424695988298 -0.00012359869298931482 -0.010166189727355161 -0.0020315142421723693 0.0027175859949459887 0.012502031965272093 -0.0010837690614609978 0.0039954157499633601 -0.0054611599724387139 -0.0027290929003221985 0.0073955830955282804 -0.013892298973011738 0.0017211264304549387 0.0047120537291048667 0.0024393376031217749 -0.018089238365387752 -0.0040355457282801235 0.0026872041876074572 -0.0083194368702750061 0.0047390833229976987 0.0028496868381583797 -0.0095558419441830102 -0.0066414844337355427 -0.00096348771878370591 0.0015728469038914748 7.8822101810446031e-05 0.010415006973028593 -0.0021484555862126531 -0.0059001533551271039 -0.0024506816648077693 0.012934234332351481 0.0015934133366152477 0.0022251565832905754
leaf_weight=174 811 230 816 324 69 826 115 502 152 810 108 648 121 455 509 922 715 617 826 115 120 643 177 903 1189 1776 213 1827 1645 859 360 407 120 581 40 1292 234 707 161 830 102 473 1533 1670 71 1204 57 774 33 68 360 234 932 243 394 290 358 234 523 31 924 164
leaf_count=174 811 230 816 324 69 826 115 502 152 810 108 648 121 455 509 922 715 617 826 115 120 643 177 903 1189 1776 213 1827 1645 859 360 407 120 581 40 1292 234 707 161 830 102 473 1533 1670 71 1204 57 774 33 68 360 234 932 243 394 290 358 234 523 31 924 164
internal_value=-2.11842e-05 -0.00465579 0.00390046 -0.00871631 -0.00274031 0.0060281 0.001764 -0.00706893 -0.0111249 -0.00437311 -0.00967113 -0.00167966 -0.00193464 -0.0138836 0.00725881 0.00502026 -0.00831261 -0.00495574 0.00673253 -0.00131387 0.000929917 -0.00598808 0.00298069 0.00569911 -0.00204005 0.00728314 0.000536706 0.00113838 -0.00293611 0.00421922 0.00186883 -0.00861861 0.00255324 0.00370441 0.00608798 -0.000531998 0.00159585 -0.00466151 -0.00416773 0.00643344 -0.0169748 0.00113944 0.00416154 0.00207138 -0.014381 -0.00364683 -0.00125002 -0.00913404 0.00338307 0.0058019 -0.00770819 -0.00828167 -0.000218559 0.000356617 0.000861866 0.00871856 -0.00332324 -0.00459193 -0.00166822 0.00884653 0.00213004 0.00447454
internal_weight=34621 15868 18753 5085 10783 9395 9358 3022 2063 4245 1354 6538 5996 709 4227 5168 1991 3492 3111 3703 5553 1453 3805 2819 1902 2285 3915 2172 2293 974 1638 1109 2831 798 217 1801 1518 1031 2039 1733 254 542 2349 2033 245 1422 218 1276 345 132 702 594 1743 363 509 1116 713 355 753 64 1158 1086
internal_count=34621 15868 18753 5085 10783 9395 9358 3022 2063 4245 1354 6538 5996 709 4227 5168 1991 3492 3111 3703 5553 1453 3805 2819 1902 2285 3915 2172 2293 974 1638 1109 2831 798 217 1801 1518 1031 2039 1733 254 542 2349 2033 245 1422 218 1276 345 132 702 594 1743 363 509 1116 713 355 753 64 1158 1086
cat_boundaries=0 1 3 5 7 9 10 12 14 16 18 20 22 24 26 28 30 31 32 34 36 38 40 42 44
cat_threshold=4 3637914802 1555957867 1693593121 336094216 623381101 2757480964 1708266501 2471416649 4 1388781331 3063744874 335567876 2416599456 69206592 8618240 1700400488 2860904612 671138820 3221749768 55971840 2484600944 137429153 17957043 67111090 1610629120 1073791000 2420663048 136317196 1226877720 1 1 1619149891 67179008 176312320 534528 536905856 1073743874 1209209236 1235244874 1074298880 1075904576 536903813 19399744
is_linear=0
shrinkage=0.05


Tree=37
num_leaves=63
num_cat=16
split_feature=3 3 3 3 3 3 3 0 2 4 0 3 3 2 3 3 0 4 2 2 2 0 3 6 4 6 9 9 6 0 2 6 4 3 0 3 4 9 2 9 6 2 0 6 4 9 6 9 11 11 2 11 9 11 4 6 6 3 4 4 4 9
split_gain=227.971 46.9983 35.063 6.90279 6.55432 6.28366 4.54508 1.81904 1.61102 1.31503 1.26069 1.21675 1.1817 1.15511 1.13602 1.02202 0.929988 0.890647 0.714273 0.671121 0.631756 0.619692 0.59747 0.593337 0.583554 0.581543 0.573317 0.56526 0.765968 0.560103 0.547464 0.5615 0.535334 0.516064 0.499043 0.473552 0.436623 0.427663 0.419836 0.707455 0.758762 0.417525 0.41251 0.410138 0.408299 0.442676 0.398393 0.385464 0.383684 0.382926 0.368663 0.364554 0.362555 0.361855 0.358249 0.356394 0.332496 0.329265 0.323789 0.316329 0.435887 0.397045
threshold=744.85000000000002 1377.4500000000003 321.35000000000008 2117.2500000000005 514.85000000000002 164.35000000000005 994.55000000000007 0 1 31557.500000000004 2 1706.6500000000003 209.20000000000002 3 2933.6500000000001 88.15000000000002 4 31717.500000000004 5 6 7 8 422.50000000000006 2.7546500000000003 27121.500000000004 1.4398500000000003 27.500000000000004 105.50000000000001 2.4537700000000005 9 10 2.2969050000000002 34066.000000000007 273.15000000000003 11 1651.5500000000002 33984.000000000007 69.500000000000014 12 207.50000000000003 2.0179450000000005 13 14 2.6612550000000001 23243.000000000004 47.500000000000007 1.8944050000000001 117.50000000000001 3638.2292995000003 1108.8459945000004 15 5936.5263780000014 75.500000000000014 2924.3514750000004 15276.000000000002 1.8704200000000002 1.8201400000000001 606.05000000000007 18683.000000000004 28093.500000000004 27121.500000000004 65.500000000000014
decision_type=2 2 2 2 2 2 2 1 9 2 1 2 2 9 2 2 1 2 9 9 9 1 2 2 2 2 2 2 2 1 9 2 2 2 1 2 2 2 9 2 2 9 1 2 2 2 2 2 2 2 9 2 2 2 2 2 2 2 2 2 2 2
left_child=2 6 5 7 8 15 9 35 22 18 20 32 -7 26 16 -1 24 49 -2 44 58 -11 59 25 -5 -14 -6 28 -17 -15 -13 -32 41 -27 -20 -3 -22 -21 39 -31 -41 46 -29 -28 -12 -46 55 54 -43 -10 -19 -16 -23 -39 -18 -9 -36 -40 -8 60 61 -4
right_child=1 3 4 14 13 12 10 11 17 21 19 30 23 29 51 27 47 50 34 37 36 52 -24 -25 -26 33 43 42 -30 38 31 -33 -34 -35 56 -37 -38 53 57 40 -42 48 -44 -45 45 -47 -48 -49 -50 -51 -52 -53 -54 -55 -56 -57 -58 -59 -60 -61 -62 -63
leaf_value=-0.018020184234003811 -0.00012087527026402122 0.0046724835714204846 -0.011131254201264758 0.0060118032969049117 -0.0040885111651468012 -0.010392822593941272 -0.001172334008861515 0.0026451620310299091 -0.0055464031236382412 0.0017728764858768323 -0.0042364825751552947 0.0055363925850697542 -0.0057361059951187418 -0.0019689730859511535 0.0075198925300139817 -0.020610484710106486 0.00039015958523925615 -0.0016034937066701409 -0.00020027777489892482 0.0017593934227862194 -0.00020206471544076166 -0.0010230158308309517 -0.0054809655468243818 -0.0051498982976427524 0.0088723360340182602 -0.0095907804616901324 -0.0014970871636555969 -0.013130690374566085 -0.013256723602044296 -0.0041928125442488333 0.0041989196159294183 0.00063827902721338135 0.004046891147126184 -0.0077025601755759112 -0.0062536960964173303 0.0064375679241964875 0.0014577448405297946 0.0031833191618752424 -0.0040334370503738864 -0.014472508019743821 -0.0050457909884593956 0.0019350342625717419 -0.0093483251789449797 0.0036859868854989121 -0.0029889420663305332 0.0021064946680776696 0.0042743886515874477 0.0067586231917666348 -0.0024363832651740978 -0.0029354105291408087 -0.0039016505164999162 0.010304744738724924 0.0004698968271737791 0.0060552939226247628 0.005681422119014492 -0.002995799985286352 -0.0021124918316520859 -0.002616050489596523 0.0020721490498399973 -0.0067695338152515194 -0.01410182778899734 -0.0066358884142356973
leaf_weight=135 1143 602 75 260 219 705 81 115 1336 694 40 1164 211 683 218 51 33 266 376 530 1037 572 704 176 649 720 1962 198 165 359 1670 119 844 814 50 1110 640 1356 702 38 51 741 137 38 52 218 442 1465 53 161 1121 309 1400 120 1230 36 1118 1011 1328 565 36 167
leaf_count=135 1143 602 75 260 219 705 81 115 1336 694 40 1164 211 683 218 51 33 266 376 530 1037 572 704 176 649 720 1962 198 165 359 1670 119 844 814 50 1110 640 1356 702 38 51 741 137 38 52 218 442 1465 53 161 1121 309 1400 120 1230 36 1118 1011 1328 565 36 167
internal_value=-2.00868e-05 0.0030885 -0.00531539 0.00537691 -0.00376941 -0.00974453 0.000734921 0.004405 -0.00517376 -0.000297633 0.00175797 0.00393667 -0.00862484 -0.00253958 0.00698503 -0.0140119 0.00666612 -0.00440481 -0.00107805 0.00263958 0.0010957 0.000489046 -0.00653287 -0.00797093 0.00806165 -0.00825234 -0.00165673 -0.012999 -0.01508 -0.00321049 0.00460333 0.00394055 0.0030526 -0.00859449 -0.00177384 0.00581999 0.000429308 0.00296812 -0.00361664 -0.00508981 -0.00918677 0.00244509 -0.0116163 -0.00139682 0.000402532 0.00111774 0.00345952 0.00619833 0.00162016 -0.00526774 -0.00350204 0.00916918 3.65623e-05 0.00342075 0.00554359 0.00128944 -0.00229497 -0.00318037 0.00187166 -0.00748119 -0.00889811 -0.00806915
internal_weight=34621 21815 12806 11060 9494 3312 10755 6896 4431 5353 5402 5184 2626 5063 4164 686 3637 2884 2687 2316 3086 2666 1547 1921 909 1745 2219 551 216 2844 2953 1789 2231 1534 1544 1712 1677 2006 2161 448 89 1387 335 2000 310 270 593 2728 794 1497 1387 527 1972 1476 1263 151 1168 1713 1409 843 278 242
internal_count=34621 21815 12806 11060 9494 3312 10755 6896 4431 5353 5402 5184 2626 5063 4164 686 3637 2884 2687 2316 3086 2666 1547 1921 909 1745 2219 551 216 2844 2953 1789 2231 1534 1544 1712 1677 2006 2161 448 89 1387 335 2000 310 270 593 2728 794 1497 1387 527 1972 1476 1263 151 1168 1713 1409 843 278 242
cat_boundaries=0 1 3 4 6 7 9 11 13 14 15 17 18 20 22 23 25
cat_threshold=4 1154690081 369639436 1 2022286292 1810015830 4 1208847134 3894488504 268715265 98436 676056247 1361708047 4 4 86032518 161863488 4 37748768 268701960 1218511522 3244949652 1 134250628 134217936
is_linear=0
shrinkage=0.05


Tree=38
num_leaves=63
num_cat=23
split_feature=3 3 3 3 3 3 3 2 1 0 0 3 4 2 3 3 2 4 3 1 0 5 3 9 1 5 2 1 2 9 11 2 1 9 5 4 2 5 9 1 4 2 9 1 5 5 11 4 2 4 9 11 2 4 2 11 4 2 11 9 1 11
split_gain=205.811 42.4387 31.6547 6.64305 5.91971 5.70053 3.74922 1.61509 1.6092 1.58491 1.30584 1.30008 1.13021 1.0509 0.952605 0.854194 0.834854 1.0663 0.766574 0.756554 0.729564 0.719051 0.677171 0.644413 0.641929 0.706085 0.623648 0.621056 0.601815 0.599486 0.578606 0.574954 0.749099 0.612756 0.668856 0.549573 0.544358 1.65325 0.523877 0.522627 0.544047 0.510277 0.505586 0.500644 0.496865 0.496231 0.581446 0.484057 0.47228 0.583844 0.844772 0.465744 0.460356 0.45982 0.449287 0.4347 0.433616 0.430532 0.420182 0.418044 0.416994 0.412999
threshold=744.85000000000002 1347.0000000000002 321.35000000000008 2044.2500000000002 514.85000000000002 143.95000000000002 961.85000000000002 0 1 2 3 2556.0000000000005 26209.500000000004 4 201.55000000000004 1706.6500000000003 5 24986.500000000004 422.50000000000006 6 7 1.1518700000000004 88.15000000000002 27.500000000000004 8 1.1132850000000001 9 10 11 127.50000000000001 796.8591540000001 12 13 72.500000000000014 1.0030650000000001 28719.500000000004 14 1.0237650000000003 197.50000000000003 15 34161.500000000007 16 105.50000000000001 17 0.99089500000000019 1.2299700000000002 2924.3514750000004 33088.500000000007 18 31557.500000000004 148.50000000000003 936.89215550000006 19 26584.500000000004 20 1895.6155475000003 24767.500000000004 21 2924.3514750000004 27.500000000000004 22 3582.4007410000004
decision_type=2 2 2 2 2 2 2 9 9 1 1 2 2 9 2 2 9 2 2 9 1 2 2 2 9 2 9 9 9 2 2 9 9 2 2 2 9 2 2 9 2 9 2 9 2 2 2 2 9 2 2 2 9 2 9 2 2 9 2 2 9 2
left_child=2 6 5 9 8 22 12 30 18 53 31 20 16 23 -9 28 17 -2 51 48 -5 54 -1 -6 -15 36 27 -12 45 56 -7 32 33 34 -8 61 37 -26 -35 40 -10 55 -24 -25 -33 -11 -47 -13 49 50 -14 -4 -17 -3 -21 -23 -16 -22 -28 -59 -46 -30
right_child=1 3 4 11 13 7 10 14 39 15 26 47 19 24 29 52 -18 -19 -20 21 57 41 42 43 25 -27 58 -29 35 -31 -32 44 -34 38 -36 -37 -38 -39 -40 -41 -42 -43 -44 -45 60 46 -48 -49 -50 -51 -52 -53 -54 -55 -56 -57 -58 59 -60 -61 -62 -63
leaf_value=-0.017125800164306867 -0.0030539245651227485 0.0039659593800905543 -0.0073982178843620162 0.0051702812544734992 -0.0041233524082113721 -0.0071123843491882653 0.0037449990636732027 -0.011720983064004098 -0.0038233281957285024 0.003140111330440354 -0.0019979383808368563 0.0068072059875100678 -0.0099830330417497518 -0.0020505943443535012 -0.01294840322142201 0.0017805731668288989 -0.0010603239713645903 -0.012282277188282216 -0.0049154258943600376 0.0017724306874626326 0.0025564153835309291 0.0024662663933718203 -0.015220511199108193 -0.0021525560713743742 -0.0046188611748699546 -0.0026162008608048301 0.0027963169106152066 0.0017787734773066566 0.0011630058875485097 -0.0076382459715629613 -0.0027540993641152803 -0.0007783927012832237 0.0010408705397937509 0.00070690622971363265 0.013911516194435725 0.0028535738563813082 -0.0039978486507289109 -0.017875283691433392 0.0064517635016930605 -0.0045110765551121135 -0.00089806069013392852 0.00084842127650810485 -0.011383046238249496 -0.00051772568508647932 -0.00039113988586165756 0.010778696515151988 0.0045891098781276826 0.0085404075700222133 -0.00049987732512442524 -0.0012260575746422166 0.00013266491757046121 -0.0040195549217363199 0.0044411840411610988 0.0058815791931516939 -0.0006359592272073782 0.0077614910201664325 -0.0092588542979590762 0.0043318481292521612 0.006554406890763512 0.0073101561404921083 0.0013455634555164754 -0.0044813251482056721
leaf_weight=135 185 445 931 1858 218 1225 36 414 436 757 118 1013 57 1146 111 228 965 37 760 219 102 181 153 855 75 842 1484 797 440 539 83 639 760 108 30 903 824 34 62 1934 251 915 261 1069 481 45 245 721 679 142 32 119 2094 1145 1224 49 391 137 78 1160 1210 34
leaf_count=135 185 445 931 1858 218 1225 36 414 436 757 118 1013 57 1146 111 228 965 37 760 219 102 181 153 855 75 842 1484 797 440 539 83 639 760 108 30 903 824 34 62 1934 251 915 261 1069 481 45 245 721 679 142 32 119 2094 1145 1224 49 391 137 78 1160 1210 34
internal_value=-1.92718e-05 0.00293437 -0.00505064 0.00505632 -0.00358172 -0.00925901 0.000642418 -0.00832839 -0.00491635 0.00398043 0.00149173 0.00642107 -0.000409665 -0.00241294 -0.00959656 0.00352114 -0.00174212 -0.00444102 -0.00610551 4.28531e-05 0.00582729 0.000478962 -0.013919 -0.00154495 -0.00303304 -0.0036508 0.00236071 0.00127377 0.00286211 -0.00883334 -0.0067863 0.000844054 0.00184295 0.00426452 0.00850481 0.00211504 -0.00461978 -0.0081389 0.00282757 -0.00405439 -0.00271792 0.00141586 -0.0128345 -0.00125883 0.000406801 0.00378539 0.0055833 0.00753238 -0.00118879 -0.00309903 -0.00638487 -0.00701949 0.0042076 0.00534828 -0.0002616 0.00347276 -0.0100988 0.00669554 0.00296906 0.00694563 0.000857265 0.000749556
internal_weight=34621 21815 12806 11327 9494 3312 10488 2763 4431 6336 5803 4991 4685 5063 1455 4746 1187 222 1810 3498 3257 2588 549 2142 2921 1775 2477 915 2424 1041 1308 3326 996 236 66 1377 933 109 170 2621 687 1145 414 1924 2330 1047 290 1734 910 231 89 1050 2322 1590 1443 230 502 1399 1562 1297 1691 474
internal_count=34621 21815 12806 11327 9494 3312 10488 2763 4431 6336 5803 4991 4685 5063 1455 4746 1187 222 1810 3498 3257 2588 549 2142 2921 1775 2477 915 2424 1041 1308 3326 996 236 66 1377 933 109 170 2621 687 1145 414 1924 2330 1047 290 1734 910 231 89 1050 2322 1590 1443 230 502 1399 1562 1297 1691 474
cat_boundaries=0 2 4 5 6 8 10 12 13 15 17 19 21 23 25 27 29 31 33 35 37 39 41 43
cat_threshold=682742192 3283135826 1194357761 2752008358 4 1 2013504468 3957368406 872432832 8405504 369368393 2718695712 1 950544832 1134779342 377763657 302094991 33472 134217856 1244201185 1092223126 138988596 287965197 277348496 538968354 0 67371272 134252564 1211179288 537165960 532554 1490950408 363989122 1619034112 52953600 13632768 268437540 1342183680 3223322624 4194304 134479872 1905263042 1073758881
is_linear=0
shrinkage=0.05


Tree=39
num_leaves=63
num_cat=28
split_feature=11 3 3 3 3 3 3 1 3 6 0 3 0 2 0 5 2 2 1 0 3 2 0 1 9 1 1 1 1 6 1 6 2 6 0 6 5 2 11 11 0 5 5 5 11 2 9 3 11 1 2 6 1 0 5 6 5 11 5 1 3 2
split_gain=185.891 40.0151 25.5578 8.47926 5.96713 4.0165 2.7299 1.97813 1.39931 1.37191 1.23844 1.02708 1.01416 0.93706 0.901676 0.871721 0.782204 0.754433 0.678607 0.665808 0.665069 0.641224 0.618287 0.611993 1.49382 0.610115 0.596457 0.594151 0.586917 0.666863 0.58232 0.546831 0.530622 0.748784 0.497244 0.481051 0.462567 0.459481 0.548307 0.431803 0.430854 0.422778 0.422734 0.412336 0.403587 0.395266 0.395197 0.390402 0.388772 0.385291 0.380027 0.37987 0.373157 0.34986 0.348941 0.36406 0.342556 0.391579 0.329388 0.328796 0.329541 0.328566
threshold=1816.9296425000002 398.15000000000003 1692.8000000000004 193.95000000000002 612.1500000000002 1146.7 2210.3500000000008 0 113.00000000000001 1.8000200000000002 1 265.35000000000008 2 3 4 1.1492700000000002 5 6 7 8 306.75000000000006 9 10 11 83.500000000000014 12 13 14 15 1.9093150000000001 16 2.2453450000000004 17 1.8672950000000001 18 2.2027150000000004 1.2065350000000004 19 1562.6194880000003 672.24149200000011 20 1.2114250000000002 1.2260700000000002 1.1783750000000002 2870.2364010000006 21 53.500000000000007 2877.9500000000003 1939.4269815000005 22 23 2.6612550000000001 24 25 1.0290000000000001 2.0285150000000005 1.1958350000000002 1992.3869480000001 0.90861500000000006 26 954.6500000000002 27
decision_type=2 2 2 2 2 2 2 9 2 2 1 2 1 9 1 2 9 9 9 1 2 9 1 9 2 9 9 9 9 2 9 2 9 2 1 2 2 9 2 2 1 2 2 2 2 9 2 2 2 9 9 2 9 1 2 2 2 2 2 9 2 9
left_child=1 3 5 8 13 25 12 11 -1 22 17 -5 46 28 61 47 27 -7 37 36 41 -14 -6 24 -12 50 39 45 29 -3 -19 58 33 48 42 -17 49 38 40 -21 -18 -16 51 52 -32 -11 -4 -8 -27 -15 -2 -10 -25 -30 55 -40 57 -34 -23 60 -35 -9
right_child=2 4 6 7 9 10 15 14 34 16 23 -13 21 19 20 35 18 30 -20 26 -22 31 -24 43 -26 32 -28 -29 53 -31 44 -33 56 59 -36 -37 -38 -39 54 -41 -42 -43 -44 -45 -46 -47 -48 -49 -50 -51 -52 -53 -54 -55 -56 -57 -58 -59 -60 -61 -62 -63
leaf_value=-0.014716238936112411 0.00061851832333269967 0.0067642167065846363 0.0041790772756939987 -0.0095080346929268464 -0.0029657171530393846 0.0010216659360543707 0.0054848481892397953 -0.00068186075610962397 -0.013557443645505506 -0.00069308329578444299 -0.0087056516307509602 -0.0070297623752648463 0.0054228734147867379 -0.0063258116082069299 -0.0079124009586934354 0.0081598069637784081 -0.0096845098806299136 0.0049218473754621076 -0.0014147444637142815 -0.010394186149877046 -0.0048100376497840578 0.0025296160866798579 0.001156580663120654 0.0019821221432202107 0.0034465055505579056 0.0109726425239139 -0.0024484642361088924 -0.0012792312477961751 -0.0010541809956857516 -0.0014247130878701636 0.0015446727884969021 0.001998990367600856 -0.00092147474799764541 0.0068040738592829277 -0.0090840054695233811 0.0062593668201460246 -0.0034408404466089032 -0.0020779457598987098 -0.0088409400216733058 -0.004280461766192162 -0.004653022064645752 -0.0051162856273132889 -0.0091429801725775653 0.0044927576739687853 0.0031000407762602866 0.0020184262497994561 0.0064447419522805655 0.0073226922541244389 0.0032719202100351037 -0.0042461008742251749 -0.00099345896533110586 -0.0090763812246067183 0.0038010822221363574 -0.0031943628254314372 -0.00043063184364048847 -0.0018430062463170194 0.0014187118854577076 0.00075297316374097856 0.0043130642360448305 0.001038196250767938 0.0023431618374830866 -0.0040872864105969053
leaf_weight=275 712 36 255 606 103 1300 1652 109 261 249 35 1449 972 531 467 907 52 245 2158 30 651 305 726 560 84 32 1078 1158 256 75 919 375 539 52 367 564 633 810 31 586 250 202 136 913 769 274 900 364 35 944 730 69 847 766 119 46 839 987 1928 733 200 365
leaf_count=275 712 36 255 606 103 1300 1652 109 261 249 35 1449 972 531 467 907 52 245 2158 30 651 305 726 560 84 32 1078 1158 256 75 919 375 539 52 367 564 633 810 31 586 250 202 136 913 769 274 900 364 35 944 730 69 847 766 119 46 839 987 1928 733 200 365
internal_value=-1.84425e-05 -0.00400125 0.00335167 -0.007726 -0.00230849 0.00172043 0.00544056 -0.00661323 -0.0115821 -0.0012456 0.00262411 -0.00772727 0.00465642 -0.00359509 -0.00526116 0.00650369 -0.0015496 0.0019813 -0.00197785 -0.00397753 -0.00596348 0.004238 0.000641445 0.00347502 -0.000157311 0.000665224 -0.00324556 -0.000650338 -0.00225437 0.00116392 0.00260706 0.00375929 0.00102741 0.00196039 -0.0105311 0.0074359 -0.00458279 -0.00288733 -0.00413044 -0.00452129 -0.00554847 -0.00707703 -0.0116488 0.00364629 0.0022414 0.000739794 0.00594858 0.00582015 0.00705715 -0.0050702 -0.000198874 -0.0126507 0.00312011 -0.00263408 -0.00213811 -0.00473758 0.000605244 0.000161324 0.00407071 0.00162678 0.00316194 -0.00340767
internal_weight=34621 15868 18753 4957 10911 10531 8222 3849 1108 5976 5672 2055 4735 4935 1794 3487 5147 3233 3466 3802 1320 3580 829 2439 119 4859 1694 1681 1133 111 1933 2608 3417 1052 833 1471 2108 1308 498 616 302 669 466 2320 1688 523 1155 2016 67 1475 1442 330 1407 1022 196 77 2365 1526 2233 985 252 474
internal_count=34621 15868 18753 4957 10911 10531 8222 3849 1108 5976 5672 2055 4735 4935 1794 3487 5147 3233 3466 3802 1320 3580 829 2439 119 4859 1694 1681 1133 111 1933 2608 3417 1052 833 1471 2108 1308 498 616 302 669 466 2320 1688 523 1155 2016 67 1475 1442 330 1407 1022 196 77 2365 1526 2233 985 252 474
cat_boundaries=0 2 3 4 6 7 9 11 13 14 16 17 19 21 23 25 27 29 31 32 34 35 37 39 41 43 44 46 48
cat_threshold=1467115080 2760429741 1 4 134250898 3952083248 4 1342808570 1688218646 1955738397 713414624 356785156 3154653312 1 622905478 159471360 1 1024 402915456 1448347208 2726641700 378540161 337134818 1149272090 2623546120 536887300 526336 34081296 2684617248 543216788 3508537409 1 197132292 285741864 2 630912 1073751044 1664111619 67242001 1543573652 1226841066 1698721993 69276019 4 545300484 281 687865984 1152
is_linear=0
shrinkage=0.05


Tree=40
num_leaves=63
num_cat=26
split_feature=3 3 11 3 3 3 3 1 1 0 1 0 2 9 1 5 2 0 5 4 5 2 4 4 11 5 1 0 6 9 1 3 1 2 5 0 5 5 2 9 3 2 2 4 0 2 1 6 2 1 4 5 11 4 3 5 0 4 11 5 1 5
split_gain=167.2 36.4564 21.118 8.81948 4.76623 2.86446 2.58732 1.90131 1.83629 1.35697 1.23774 1.14993 1.03564 0.906725 0.846025 0.834454 0.79236 0.776082 0.747446 0.744062 0.729871 0.776633 0.716339 0.683239 0.682472 0.63597 0.624886 0.604262 0.584598 0.551759 0.547869 0.546464 0.527243 0.552874 0.518626 0.513903 0.50192 0.500381 0.496325 0.469156 0.459413 0.456607 0.44658 0.489725 0.441239 0.441224 0.566607 0.594837 0.439497 0.437245 1.59681 0.430459 0.420261 0.411626 0.587588 0.491435 0.41108 0.409922 0.407358 0.37155 0.390723 0.369005
threshold=904.45000000000016 422.50000000000006 3272.3535160000006 209.20000000000002 612.1500000000002 1229.2500000000002 2381.2000000000003 0 1 2 3 4 5 105.50000000000001 6 1.3824250000000002 7 8 1.2013750000000003 35909.500000000007 1.1518700000000004 9 32132.500000000004 27295.500000000004 1303.8253995000002 1.1492700000000002 10 11 1.9399250000000003 47.500000000000007 12 177.85000000000005 13 14 1.2393000000000003 15 1.1676650000000002 1.2674350000000001 16 66.500000000000014 314.05000000000007 17 18 29164.000000000004 19 20 21 1.9285300000000001 22 23 27921.500000000004 1.1324350000000003 378.27117800000008 26007.500000000004 1735.45 0.91872500000000012 24 25499.500000000004 1355.4607250000001 0.96317500000000011 25 1.0834750000000002
decision_type=2 2 2 2 2 2 2 9 9 1 9 1 9 2 9 2 9 1 2 2 2 9 2 2 2 2 9 1 2 2 9 2 9 9 2 1 2 2 9 2 2 9 9 2 1 9 9 2 9 9 2 2 2 2 2 2 1 2 2 2 9 2
left_child=1 3 5 8 12 17 11 22 31 32 16 14 36 38 15 53 58 45 56 30 42 24 34 -14 -22 26 48 -9 -21 -19 -15 -1 61 37 -5 -10 -3 -34 49 -18 -24 -31 43 -12 -25 46 47 -2 -13 50 -7 52 -37 54 -4 -56 -8 -27 -11 -47 -61 -6
right_child=2 4 6 7 9 13 18 27 35 10 20 25 23 19 -16 -17 39 29 -20 28 21 -23 40 44 -26 57 -28 -29 -30 41 -32 -33 33 -35 -36 51 -38 -39 -40 -41 -42 -43 -44 -45 -46 59 -48 -49 -50 -51 -52 -53 -54 -55 55 -57 -58 -59 -60 60 -62 -63
leaf_value=-0.014963664103898718 0.0075193977049528224 -0.0049736668816758754 -0.0040066517798392027 -0.0085673282197865613 -0.004156740892956025 -0.0093365989692330842 0.0051038965266604107 -0.0032639760379677865 -0.0067978446981694285 -0.0053194616042674175 -0.0081003469226093982 7.9368478904789973e-05 -0.0038214348123542536 -0.00082866157367990345 0.0043667782227906037 -0.0042824924641916918 -0.003069252501232655 -6.9402367617363956e-05 0.0076616381787262839 0.0068028369370863933 0.0097639535814778369 -0.00045637095706659091 -0.0072325120900840686 -0.00073689738687750402 0.0018045049714022422 0.0043821404838805828 0.005335025889444925 -0.0052256912743280726 0.0036460714083509948 0.0030072482613965339 0.0029979769175994767 -0.010941433474637462 0.0019068120244788234 0.00017919318413868007 -0.005951742425573346 -0.012633364568410936 -0.0032415417149725179 0.0093260640523112667 0.0024449153356001989 -0.00093119619384707426 -0.0049652002583929454 0.0013480004360840606 -0.0011946930825074565 -0.0017931919400133421 -0.0025384763456374275 -0.0013767176902181886 0.00046286311878532716 0.0019592966590516541 0.0037298440134280451 0.0013135123779088854 0.0023364965409713571 -0.0081855007493152072 -0.0090304221657495336 0.0034906049143053775 -0.0035710428916518725 0.0032761774751446054 0.0067390951903329964 0.0065829757699872775 -0.0029168180833484408 0.0010941620416358413 -0.00049051822093201401 -0.00037170048952402736
leaf_weight=316 58 1047 45 812 111 46 962 531 238 223 55 110 820 102 2538 42 353 419 805 232 31 821 425 459 175 283 1074 1585 412 658 1315 137 81 1251 262 173 712 31 1133 938 501 1298 1268 70 1320 432 912 268 485 490 77 324 185 678 30 173 674 960 876 745 793 152
leaf_count=316 58 1047 45 812 111 46 962 531 238 223 55 110 820 102 2538 42 353 419 805 232 31 821 425 459 175 283 1074 1585 412 658 1315 137 81 1251 262 173 712 31 1133 938 501 1298 1268 70 1320 432 912 268 485 490 77 324 185 678 30 173 674 960 876 745 793 152
internal_value=-2.04372e-05 -0.00370355 0.00326591 -0.0070209 -0.00201611 0.00161355 0.00501693 -0.0058607 -0.0104922 -0.00115125 -0.0015733 0.00448836 -0.0032928 0.00267097 0.00387566 0.00251381 -0.00237839 0.000892164 0.00640427 0.00338146 -0.000764545 0.00024352 -0.00701349 -0.00261674 0.00290341 0.00522447 0.00457971 -0.00471292 0.00479208 0.00157712 0.00273743 -0.0134772 9.74243e-05 0.000495585 -0.00793539 -0.00876782 -0.00425063 0.0036975 0.00183084 -0.00150607 -0.00601249 0.00192968 -0.00151288 -0.00427159 -0.00207433 0.000384733 0.00111923 0.0028804 0.00306866 0.000643424 -0.00191473 -0.0095727 -0.0108018 0.00285347 0.0011046 0.00225173 0.00578127 0.00608583 -0.00337803 -8.24376e-05 0.000281228 -0.00190666
internal_weight=34532 16283 18249 5489 10794 9390 8859 4116 1373 6436 4810 6418 4358 3807 3506 968 2390 5583 2441 2061 2420 1027 2000 2599 206 2912 1669 2116 644 2375 1417 453 1626 1363 1074 920 1759 112 1746 1291 926 1956 1393 125 1779 3208 1238 326 595 613 123 682 358 926 248 203 1636 1243 1099 1970 1538 263
internal_count=34532 16283 18249 5489 10794 9390 8859 4116 1373 6436 4810 6418 4358 3807 3506 968 2390 5583 2441 2061 2420 1027 2000 2599 206 2912 1669 2116 644 2375 1417 453 1626 1363 1074 920 1759 112 1746 1291 926 1956 1393 125 1779 3208 1238 326 595 613 123 682 358 926 248 203 1636 1243 1099 1970 1538 263
cat_boundaries=0 2 4 5 7 8 10 12 14 15 17 19 20 22 24 26 27 29 31 33 34 36 38 40 42 43 45
cat_threshold=401753673 2760495265 374341696 276877468 4 1365130347 2785988772 1 133574177 68053056 1386119186 1110837353 1540391044 353030520 1 8663232 117571904 3502271408 226759872 4 3229876224 134217728 67129344 2432697352 268435584 8194 4 35940 1882379362 575317206 1091805184 335544320 2147488000 4 239649974 1344315471 914366608 2114602 1078984708 1318912 134251520 18874384 1 1342480533 1160327384
is_linear=0
shrinkage=0.05


Tree=41
num_leaves=63
num_cat=17
split_feature=3 3 3 3 3 3 3 3 2 0 0 2 0 2 0 0 4 4 4 5 2 5 9 6 5 2 2 3 9 7 2 4 2 11 5 6 0 11 4 4 9 3 6 11 3 5 3 5 4 5 2 5 6 2 6 3 11 4 11 2 5 5
split_gain=151.009 30.7794 21.2934 7.10148 4.53316 2.97084 2.48131 1.37478 1.16669 1.08479 1.05941 0.965427 0.923041 0.89565 0.848094 0.792569 0.712859 0.707399 0.659977 0.636502 0.59962 0.593608 0.56972 0.674272 0.561791 0.607233 0.493947 0.492968 0.524263 0.601304 0.480429 0.479064 0.650888 0.467943 0.450704 0.424471 0.417507 0.409783 0.4047 0.40246 0.394076 0.375651 0.369432 0.364941 0.36306 0.353767 0.344529 0.341452 0.33885 0.337674 0.33396 0.814541 0.331569 0.325079 0.53353 0.320784 0.318737 0.317582 0.317492 0.310717 0.309247 0.307497
threshold=867.55000000000007 398.15000000000003 1607.6500000000003 201.55000000000004 612.1500000000002 1146.7 2210.3500000000008 113.00000000000001 0 1 2 3 4 5 6 7 29882.500000000004 31199.500000000004 32987.500000000007 1.0328750000000002 8 1.1676650000000002 46.500000000000007 1.8910950000000002 1.2299700000000002 9 10 2833.4500000000003 152.50000000000003 6.5000000000000009 11 32987.500000000007 12 771.74469000000011 0.93773000000000006 1.5064750000000002 13 908.97908250000012 43059.500000000007 36653.500000000007 68.500000000000014 314.05000000000007 2.2214150000000008 1037.3317490000002 1890.0500000000004 1.2418650000000002 684.75000000000011 1.1295450000000002 28273.500000000004 1.3619150000000002 14 1.3532150000000003 2.0586950000000006 15 1.9481900000000001 1377.4500000000003 5557.5370070000008 29458.500000000004 505.53144750000001 16 0.95295500000000011 1.2084450000000002
decision_type=2 2 2 2 2 2 2 2 9 1 1 9 1 9 1 1 2 2 2 2 9 2 2 2 2 9 9 2 2 2 9 2 9 2 2 2 1 2 2 2 2 2 2 2 2 2 2 2 2 2 9 2 2 9 2 2 2 2 2 9 2 2
left_child=1 3 5 7 8 14 10 47 21 26 30 33 18 45 31 39 34 -10 -7 52 36 43 23 -12 25 -14 -6 28 -17 -30 -4 32 42 60 -13 -19 -9 -18 59 56 -16 -36 -2 -3 50 -11 -47 -1 -21 -50 -32 -52 -15 54 -33 -27 -8 -24 -22 -26 -5 -55
right_child=2 4 6 11 9 12 15 20 17 13 22 16 24 19 40 27 37 35 -20 48 58 -23 57 -25 38 55 -28 -29 29 -31 44 53 -34 -35 41 -37 -38 -39 -40 -41 -42 -43 -44 -45 -46 46 -48 -49 49 -51 51 -53 -54 61 -56 -57 -58 -59 -60 -61 -62 -63
leaf_value=-0.014963272694240576 -0.0017584813896825595 -0.0058802860385267402 0.0046341451727120817 -0.0071579567301332169 0.0029668268865475334 0.0024598151713653765 0.0055793777791452465 -0.0041267303587643042 -0.0033774956903034519 -0.0030673475971765346 -0.0019708476757461374 -0.010255939831856539 0.0031754477534241942 -0.0029411530326370894 0.00016213539273495474 0.0042836127163451395 -0.0060295161734077096 0.0019480079968223884 0.0048247925509031127 -0.0014530817830562493 -0.01116809747518119 -0.0031761163748335176 0.0044217218672699659 0.0039555650065662435 -0.000175379609428493 0.00063489096151670484 -0.00029478714251648919 0.0065680308602098824 0.0081853434005204374 0.0050823449129940856 0.0031868836396474302 0.0078267334369369421 5.2499084572352444e-05 -0.0033608990828745185 -0.0083314719492864741 -0.0019729503299304135 -0.0079954160526461843 -0.0020023484807124062 0.0061771330900143749 0.0088366739132574642 0.0016911343347985883 -0.0060398241677554927 -0.007039519196809528 -0.0041351607642894491 0.0036391497902439358 -0.0038751499925274401 -0.00048979716183194036 -0.011051663375881494 -0.00027558665112669702 0.0024557877006100887 0.0018935471269970626 -0.0062412366271018989 -0.0011591783844514829 -0.00027299568570047074 0.0013825821096045191 0.0018609692689685346 0.0080101043170423443 0.0057459706504715937 -0.007401224778174129 0.0028845893147280387 -0.0048996869491880696 0.0016020877279816178
leaf_weight=158 440 531 753 189 116 707 427 98 1342 1091 54 147 438 511 575 1214 1200 72 511 584 520 884 770 395 100 1312 1339 628 220 576 596 38 1204 448 365 1339 277 68 85 244 1579 388 35 727 1267 99 304 116 1037 126 461 32 537 685 186 900 211 1192 72 786 906 320
leaf_count=158 440 531 753 189 116 707 427 98 1342 1091 54 147 438 511 575 1214 1200 72 511 584 520 884 770 395 100 1312 1339 628 220 576 596 38 1204 448 365 1339 277 68 85 244 1579 388 35 727 1267 99 304 116 1037 126 461 32 537 685 186 900 211 1192 72 786 906 320
internal_value=-1.91588e-05 -0.00366343 0.0029806 -0.00691939 -0.00214741 0.00137849 0.00473496 -0.0101951 -0.00326534 -0.00119432 0.00407178 -0.00582149 0.0022642 -0.00159445 0.00053151 0.00577349 -0.00656095 -0.00254614 0.00345516 -0.00105265 -0.00928733 -0.00415679 0.00485991 0.00324002 0.00186276 0.00148477 -1.45437e-05 0.00533435 0.00494583 0.00594915 0.00345924 -2.55572e-05 -0.00057448 -0.00470597 -0.00767668 -0.00177164 -0.00681677 -0.0058153 0.00289175 0.00707939 0.00128324 -0.00716023 -0.0021171 -0.00487586 0.00304932 -0.00258236 -0.00132897 -0.0133535 -0.000471526 2.21874e-05 0.00238835 0.0013271 -0.00203004 0.000724212 0.00239909 0.00112926 0.00639455 0.00522878 -0.0105454 0.00256996 -0.00529565 0.000321846
internal_weight=34532 15591 18941 4952 10639 9901 9040 1241 4895 5744 5520 3711 4839 4289 5062 3520 2168 2753 1218 2795 967 2142 2411 449 3621 2650 1455 2638 2010 796 3109 2908 1679 1543 900 1411 375 1268 971 882 2154 753 475 1258 2356 1494 403 274 1747 1163 1089 493 1048 1229 224 2212 638 1962 592 886 1095 1005
internal_count=34532 15591 18941 4952 10639 9901 9040 1241 4895 5744 5520 3711 4839 4289 5062 3520 2168 2753 1218 2795 967 2142 2411 449 3621 2650 1455 2638 2010 796 3109 2908 1679 1543 900 1411 375 1268 971 882 2154 753 475 1258 2356 1494 403 274 1747 1163 1089 493 1048 1229 224 2212 638 1962 592 886 1095 1005
cat_boundaries=0 2 3 4 6 7 9 10 11 13 15 17 19 21 22 24 26 28
cat_threshold=1207316001 336488452 4 1 1226936784 1274064246 4 1598030849 2483573048 1 4 403772288 92286296 403259456 1090519081 268435584 3 555802629 153097728 1073801 34183681 4 1275597474 1611161666 100679684 532609 1224737280 65536
is_linear=0
shrinkage=0.05


Tree=42
num_leaves=63
num_cat=17
split_feature=11 11 11 11 11 6 11 6 11 11 6 6 2 9 11 2 11 4 2 2 6 5 11 6 2 2 9 5 6 2 2 11 6 0 4 2 2 5 7 6 4 0 0 4 6 6 2 6 9 4 4 11 2 5 5 6 2 0 6 4 4 11
split_gain=135.476 26.6402 17.7062 5.48909 3.64441 2.77281 2.46401 2.08654 2.08209 1.33268 1.30762 1.29097 1.05592 1.033 0.900691 0.81597 0.782531 0.743033 0.644003 0.628355 0.625791 0.624379 0.600949 0.55948 0.543338 0.540639 0.538064 0.531435 0.898208 0.507764 0.490254 0.488194 0.471761 0.471224 0.448401 0.446251 0.439024 0.427966 0.423422 1.45161 0.391719 0.387014 0.385819 0.384777 0.380513 0.378855 0.374993 0.369572 0.368445 0.614015 0.364158 0.35776 0.338571 0.338178 0.568302 0.336912 0.330762 0.329408 0.324283 0.313593 0.310846 0.331859
threshold=1856.8498260000003 882.97121000000004 3272.3535160000006 505.53144750000001 1226.3346780000002 1.7908100000000002 2495.2800940000006 1.7864000000000002 4083.7623625000001 240.082596 1.9312950000000002 1.8240550000000002 0 42.500000000000007 1454.4361230000002 1 355.04860250000007 34161.500000000007 2 3 2.2027150000000004 1.2260700000000002 743.24320650000016 1.4753200000000002 4 5 109.50000000000001 1.1676650000000002 1.9118950000000001 6 7 2047.2339755 1.4753200000000002 8 27376.500000000004 9 10 1.3532150000000003 6.5000000000000009 1.9453550000000002 28635.500000000004 11 12 29618.500000000004 2.196895 1.9369850000000002 13 1.9204400000000004 128.50000000000003 31717.500000000004 27376.500000000004 686.83623450000016 14 1.0169050000000002 1.0271750000000002 1.8043250000000002 15 16 1.6150700000000002 23842.500000000004 29882.500000000004 948.01760400000012
decision_type=2 2 2 2 2 2 2 2 2 2 2 2 9 2 2 9 2 2 9 9 2 2 2 2 9 9 2 2 2 9 9 2 2 1 2 9 9 2 2 2 2 1 1 2 2 2 9 2 2 2 2 2 9 2 2 2 9 1 2 2 2 2
left_child=1 3 6 7 11 32 21 9 19 23 13 -3 26 -6 35 -7 42 56 27 43 -14 31 -17 -1 -15 -16 -10 28 -13 55 37 46 -5 -22 -20 -12 -33 38 -19 -40 50 -28 -9 44 -4 47 -2 -38 49 -43 -26 -34 -24 -36 -55 -23 -8 59 -11 -46 61 -30
right_child=2 4 8 5 10 15 17 16 12 58 14 18 20 24 25 22 -18 30 34 -21 33 29 52 -25 40 -27 41 -29 60 -31 -32 36 51 -35 53 -37 45 -39 39 -41 -42 48 -44 -45 57 -47 -48 -49 -50 -51 -52 -53 -54 54 -56 -57 -58 -59 -60 -61 -62 -63
leaf_value=-0.008943775563317477 0.00041919487402747861 -0.0010810704821454309 0.0023877865794955802 0.00018126030667972202 -0.003009601909482728 -0.0011220606488520923 0.00084200774832430202 -0.013837446310022412 0.0050274615369919461 -0.0053700134213542821 -0.0036606004553143808 -0.011090105815427536 0.0049201440348979582 0.0017357239521168936 -0.0018448595687913056 -0.0068836109644426768 -0.0089934870621396438 0.0031280321521214372 -0.0039216284783785155 0.0042010789115521346 0.0061597819443979934 0.0073054474229231866 -0.0061969816012782258 -0.015861814511673792 -0.00097627386081264268 -0.00054599988603630241 0.0058251513819219339 -0.002957125608111203 -0.0087062001473849453 0.00082646010169453571 0.002562685506725258 0.00016408610778766532 -0.0041893412114916481 0.0027496378781466596 -0.0031791748977230876 -0.0018840176873138352 0.0024685857146477695 0.0096971550865507725 0.014575912387808785 0.0031359243633484399 0.00044745929300476616 0.0053307268406367972 -0.0099328190957506512 0.0034668688035599522 -0.0063172482234552839 0.0010317183121617245 -0.0012208505465566828 0.008306548608215376 0.0069542263632981121 0.014236154205793021 -0.0057784089158910016 -0.002343969659377978 -0.003921561140763895 0.0051406620881490166 -0.001809703300890431 0.0024706722332735868 0.0021769789105302475 0.0034675976781140742 -0.0077911249126269913 0.0001590659664626318 -0.0038274795523524103 -0.0049869884727150281
leaf_weight=286 732 649 556 106 240 105 680 187 1059 654 575 58 1649 555 1395 1312 449 271 638 2099 118 38 599 34 226 1934 971 433 77 894 1080 1328 558 723 542 1195 235 40 39 93 622 35 119 885 32 995 649 30 611 48 47 506 487 30 590 538 1839 30 184 43 490 310
leaf_count=286 732 649 556 106 240 105 680 187 1059 654 575 58 1649 555 1395 1312 449 271 638 2099 118 38 599 34 226 1934 971 433 77 894 1080 1328 558 723 542 1195 235 40 39 93 622 35 119 885 32 995 649 30 611 48 47 506 487 30 590 538 1839 30 184 43 490 310
internal_value=-1.80183e-05 -0.00335094 0.00292457 -0.00614524 -0.00187879 -0.00501151 0.00142259 -0.00831828 0.00453167 -0.00697217 -0.00118353 -0.00311475 0.00517327 2.18185e-05 -0.00158296 -0.00595105 -0.010371 0.00235749 -0.0035309 0.00361271 0.00433506 0.000727508 -0.00613171 -0.00972594 0.000525299 -0.00109785 0.00590004 -0.00438509 -0.00508937 0.00160744 0.00322973 0.000401283 -0.00299815 0.00323486 -0.00283953 -0.00249421 0.000806254 0.00468331 0.00427881 0.0066001 -0.000243058 0.0064871 -0.0123563 0.00276665 0.0018671 0.00146946 -0.00035767 0.00315823 0.00740355 0.010589 -0.00182109 -0.00331477 -0.00527424 -0.00226695 -0.00146566 0.00275401 0.00182906 -0.000886554 -0.00591027 -0.00265092 -0.00468033 -0.00574752
internal_weight=34532 16192 18340 5586 10606 3673 9481 1913 8859 1158 6789 3817 5214 1690 5099 2503 755 4042 3168 3645 2490 5439 2398 320 1450 3329 2724 1368 935 1470 1523 3969 1170 841 1800 1770 2588 443 403 132 895 1665 306 1546 661 1260 1381 265 694 83 273 1064 1086 1162 620 576 2519 105 838 75 877 387
internal_count=34532 16192 18340 5586 10606 3673 9481 1913 8859 1158 6789 3817 5214 1690 5099 2503 755 4042 3168 3645 2490 5439 2398 320 1450 3329 2724 1368 935 1470 1523 3969 1170 841 1800 1770 2588 443 403 132 895 1665 306 1546 661 1260 1381 265 694 83 273 1064 1086 1162 620 576 2519 105 838 75 877 387
cat_boundaries=0 2 4 6 8 10 12 14 16 17 19 21 22 23 25 27 29 30
cat_threshold=69864009 6014788 134217984 167772160 1727413793 336093192 1406078728 3197372862 1209532502 1679959683 1699742851 2450027272 1078507665 1629495632 1212678660 1073458 4 172113929 67770666 1670656969 2654040227 1 1 1762880668 1352823297 1142062081 335697541 1376135681 312726562 1
is_linear=0
shrinkage=0.05


Tree=43
num_leaves=63
num_cat=24
split_feature=3 3 3 3 3 3 3 1 1 1 5 1 1 1 9 1 2 1 2 2 2 2 3 2 5 11 2 2 11 9 2 5 9 1 1 2 5 3 6 9 5 3 9 9 1 6 5 6 9 5 5 2 3 5 1 5 1 5 5 6 9 9
split_gain=123.313 26.9611 15.5338 6.5509 3.44776 2.06724 1.99462 1.65891 1.61392 0.927758 0.910767 0.844334 0.812116 0.689454 0.643834 0.638796 0.662426 0.623527 0.605429 0.580967 0.57644 0.558854 0.555808 0.538564 0.642008 0.51021 0.505946 0.495602 0.490175 0.489341 0.469013 0.450697 0.449429 0.434176 0.424227 0.518624 0.437371 0.421969 0.420395 0.555068 0.412605 0.390281 0.386626 0.383065 0.373953 0.372883 0.365259 0.36322 0.442882 0.359195 0.347122 0.341354 0.39059 0.329975 0.327014 0.935995 0.326636 0.403696 0.457179 0.325466 0.332452 0.320509
threshold=904.45000000000016 422.50000000000006 1607.6500000000003 209.20000000000002 659.05000000000007 2210.3500000000008 1237.7500000000002 0 1 2 1.0927050000000003 3 4 5 105.50000000000001 6 7 8 9 10 11 12 314.05000000000007 13 1.3619150000000002 1145.6569720000002 14 15 240.082596 253.50000000000003 16 1.1081900000000002 127.50000000000001 17 18 19 1.3532150000000003 88.15000000000002 2.1611750000000005 137.50000000000003 1.1549950000000002 514.85000000000002 71.500000000000014 186.50000000000003 20 1.8880650000000003 0.99970500000000018 1.8572450000000003 117.50000000000001 1.1940550000000003 1.0290000000000001 21 646.55000000000007 1.1518700000000004 22 1.3554650000000004 23 1.1653450000000003 1.2418650000000002 2.0519750000000001 163.50000000000003 88.500000000000014
decision_type=2 2 2 2 2 2 2 9 9 9 2 9 9 9 2 9 9 9 9 9 9 9 2 9 2 2 9 9 2 2 9 2 2 9 9 9 2 2 2 2 2 2 2 2 9 2 2 2 2 2 2 9 2 2 9 2 9 2 2 2 2 2
left_child=1 3 6 7 10 9 15 28 22 20 13 19 49 51 30 26 45 41 -14 -6 29 -11 -5 24 -19 61 -2 -13 -1 40 -8 50 56 38 35 36 43 -9 39 -10 -4 -12 -18 -16 -29 47 -28 48 -17 -7 -30 -3 -53 -46 55 -23 57 -21 -59 60 -51 -15
right_child=2 4 5 8 11 12 14 37 33 21 17 27 18 25 34 16 42 23 -20 32 -22 54 -24 -25 -26 -27 46 44 31 -31 -32 -33 -34 -35 -36 -37 -38 -39 -40 -41 -42 -43 -44 -45 53 -47 -48 -49 -50 59 -52 52 -54 -55 -56 -57 -58 58 -60 -61 -62 -63
leaf_value=-0.014386008780467203 -0.0014174265645406996 -0.0023990370861332244 0.0043172069165029964 -0.0070408803504062832 -0.00044317081710539604 0.0054868642879222287 -0.00017823017610880872 -0.0117558842011053 -0.0034795446161297152 0.0042184829199974306 -0.0037925972239678377 -0.0008809111139688147 0.0027669034902107897 -0.0045311917302083889 0.0028373666264260898 -0.0013506122790406354 -0.00040519847775297483 -3.6269779487325504e-05 0.0050335643121647219 -0.0029685832037818355 0.0035233408298632925 0.0019870469460305774 -0.0053452080131332885 -0.0016690474975697652 0.0075326090878661493 -0.0018953503831038261 -0.00038306249416388889 -0.00035597635792443091 -0.010639931689031788 0.011602238640790026 0.001975544587483859 -0.0081739518218315581 -0.0012068592295384518 -0.0041937351071688949 0.0022824802837628495 0.0028529010302285316 0.011936239378466723 -0.0072336747744648836 -0.003838479022993448 0.0052246047134800857 0.006221181812219834 -0.0020609131612897716 0.0012273645040140006 0.0074757626671505418 0.00040023469947422221 0.0020375300255668855 0.00091035606640451196 0.0088329556584784124 0.0054731564851762315 0.0068953360611152259 -0.015703655829874135 -0.0049040360261667073 -0.0099085275525075591 0.0026764988041016991 0.0029169313112211021 -0.0066696476013235308 -0.0017354230078693474 -0.01062360256549991 -0.0038680939528122136 0.0061874711921489772 0.011178347223052165 -0.0025766097303455016
leaf_weight=158 375 214 658 908 973 1275 330 57 31 849 541 1329 567 437 83 35 489 225 1002 327 1148 385 1092 1040 31 951 777 662 121 30 1136 116 940 1972 1317 489 30 863 71 42 523 829 1398 100 387 709 1830 40 71 123 58 591 42 270 1894 33 483 41 67 472 81 414
leaf_count=158 375 214 658 908 973 1275 330 57 31 849 541 1329 567 437 83 35 489 225 1002 327 1148 385 1092 1040 31 951 777 662 121 30 1136 116 940 1972 1317 489 30 863 71 42 523 829 1398 100 387 709 1830 40 71 123 58 591 42 270 1894 33 483 41 67 472 81 414
internal_value=-1.72699e-05 -0.00318029 0.00280502 -0.00603311 -0.00172915 0.00427728 0.00135946 -0.00902478 -0.00503321 0.00367199 -0.00263635 -0.000848781 0.00522517 -0.00329335 0.0023024 0.000785064 0.0013341 -0.00198255 0.00423941 -0.00144685 0.0044507 0.00306585 -0.00608775 -0.00116398 0.000872084 -0.00267972 0.000274545 -0.000202847 -0.0117852 0.00529019 0.00150319 -0.0107464 -0.00196676 -0.00398648 0.00288168 0.00391285 0.00608667 -0.00744547 -0.00105199 0.00153125 0.00516492 -0.00272711 0.000800071 0.00539886 0.000481993 0.00248758 0.000522857 0.00481358 0.00322846 0.00596308 -0.0123588 -0.00450937 -0.00516965 0.0013183 0.00262462 0.00125928 -0.00276411 -0.00377336 -0.00650662 0.00693991 0.00864218 -0.00358445
internal_weight=34532 16283 18249 5489 10794 9040 9209 1373 4116 5520 5315 5479 3520 2649 3485 5724 2742 2666 1569 2831 2359 3161 2000 1296 256 1802 2982 2648 453 1211 1466 295 1858 2116 2019 702 213 920 144 73 1181 1370 1887 183 1319 855 2607 146 106 1951 179 847 633 657 2312 418 918 435 108 676 204 851
internal_count=34532 16283 18249 5489 10794 9040 9209 1373 4116 5520 5315 5479 3520 2649 3485 5724 2742 2666 1569 2831 2359 3161 2000 1296 256 1802 2982 2648 453 1211 1466 295 1858 2116 2019 702 213 920 144 73 1181 1370 1887 183 1319 855 2607 146 106 1951 179 847 633 657 2312 418 918 435 108 676 204 851
cat_boundaries=0 2 4 6 8 10 12 14 16 18 20 22 24 26 28 30 32 34 36 38 40 42 44 46 48
cat_threshold=374341696 276877468 401753673 2760495265 606622541 2168562588 367934569 2517521569 85985897 537514497 1392924162 76546067 1439058505 1048925153 4768853 1370038272 1995978401 344923304 567559200 2291438081 402719688 1218653602 741926948 153270084 2248847 415318592 146931712 58851474 4213761 269027328 381733993 2446122896 35872 1879229536 264196 2064 495454338 1612747008 1207959588 1611714832 1745879426 151030084 805324416 3372220994 3229647872 1074790401 281553928 2416705568
is_linear=0
shrinkage=0.05


Tree=44
num_leaves=63
num_cat=25
split_feature=3 3 3 3 3 3 1 1 11 1 2 1 4 2 4 1 2 5 2 4 1 4 1 5 2 2 1 2 1 2 4 1 9 2 3 2 4 5 5 5 5 2 4 7 1 1 5 11 5 3 5 1 5 3 9 4 2 5 9 8 11 11
split_gain=111.39 22.691 15.7842 5.27462 3.33926 3.12044 1.58487 1.09313 1.07186 1.02768 0.965717 0.897334 0.847696 0.776258 0.725895 0.77851 0.692661 0.641454 1.01051 0.628117 0.624876 0.592812 0.585945 0.581662 0.574686 0.565702 0.553019 0.543583 0.539692 0.51691 0.515651 0.488687 0.903981 0.482025 0.467762 0.445967 0.434377 0.436109 0.415024 0.413901 0.413698 0.413039 0.447556 0.559049 0.412048 0.41066 0.7729 0.410603 0.409309 0.941357 0.408704 0.403698 0.394399 0.388164 0.387288 0.368195 0.452414 0.932198 0.367384 0.363461 0.499266 0.353732
threshold=867.55000000000007 398.15000000000003 1393.3500000000001 201.55000000000004 612.1500000000002 1991.9500000000003 0 1 2222.5407380000001 2 3 4 27121.500000000004 5 25499.500000000004 6 7 1.1902850000000003 8 31798.500000000004 9 31199.500000000004 10 1.3715950000000003 11 12 13 14 15 16 45433.500000000007 17 47.500000000000007 18 665.95000000000016 19 32132.500000000004 1.2393000000000003 1.0030650000000001 1.1940550000000003 1.3137050000000003 20 30785.500000000004 4.5000000000000009 21 22 0.99265500000000018 5205.853755000001 1.0419250000000002 1246.0500000000002 1.3021850000000001 23 1.2065350000000004 88.15000000000002 19.500000000000004 32683.500000000004 24 1.1940550000000003 149.50000000000003 3.5000000000000004 1277.2553430000005 882.97121000000004
decision_type=2 2 2 2 2 2 9 9 2 9 9 9 2 9 2 9 9 2 9 2 9 2 9 2 9 9 9 9 9 9 2 9 2 9 2 9 2 2 2 2 2 9 2 2 9 9 2 2 2 2 2 9 2 2 2 2 9 2 2 2 2 2
left_child=1 3 8 6 10 14 -1 36 25 33 22 19 13 47 15 -4 31 -13 59 41 23 51 -3 -16 30 55 27 48 -27 -14 34 32 54 39 -21 -22 37 -5 -30 -7 -37 42 -6 -44 50 46 -15 58 49 -18 -23 -12 -24 -8 -10 56 57 -2 -11 60 -19 -9
right_child=2 4 5 7 11 9 53 61 16 12 21 17 29 45 20 -17 26 18 -20 24 35 44 52 -25 -26 28 -28 -29 38 -31 -32 -33 -34 -35 -36 40 -38 -39 -40 -41 -42 -43 43 -45 -46 -47 -48 -49 -50 -51 -52 -53 -54 -55 -56 -57 -58 -59 -60 -61 -62 -63
leaf_value=-0.011431561732569713 -0.0014335330498108628 -0.0024742453817995242 -0.0020698770820534937 -0.0072428844561566608 -0.0027961223102298278 0.0056026891011835851 -0.011178224386069281 -0.0043026287193756235 -0.0024345498819339784 -0.0019405574492749669 -6.7809417562196301e-05 -0.00094580516249921523 0.0019737421380693222 -0.0064374347247423665 0.0019885716580306011 0.0022560949098686871 0.0041763137139763573 0.010547180502672907 -0.00020876409389506759 -0.0066071314621379378 0.00010168889364900554 -0.0007092988806578905 -0.0049471374074793132 -0.0049732982297427952 -0.00034009314223364497 -0.00028986247343315379 0.0014505887952324346 0.0020568775409036642 4.9677998436269675e-05 0.0047980041699666603 -0.0088903747108434478 0.0010602193935991021 7.7750466645380451e-05 0.0045275054830226195 -0.0012839413710976058 0.0033748235419187736 -0.0050933323198380162 -0.00476343810489615 0.0015973623252298287 0.0075194427438607788 0.0049006275193906341 -0.0014954912858273894 -0.010997816412927934 -0.0028703550070834655 -0.0019533633751571511 0.003750721422826217 0.0029670229106134663 -0.0056561193174936557 0.0036369397606655211 0.014905015887052286 0.0038152511048099125 -0.0031784166553094489 -0.0030752138167509605 -0.0068214703872940515 -0.010448315607573023 0.00037907566410476558 -0.00075025819697299451 -0.010651728031672709 0.0037303577019077425 0.00088139681851120066 0.0035320211748404054 -0.0021379877253345572
leaf_weight=440 84 834 108 756 629 827 57 1625 30 61 125 1735 232 30 493 1148 60 33 781 48 105 323 885 31 1148 1050 1939 505 631 1876 30 992 273 1203 267 2973 870 243 1381 451 529 806 39 47 1030 696 73 32 145 31 58 1217 423 744 31 403 426 40 52 73 108 217
leaf_count=440 84 834 108 756 629 827 57 1625 30 61 125 1735 232 30 493 1148 60 33 781 48 105 323 885 31 1148 1050 1939 505 631 1876 30 992 273 1203 267 2973 870 243 1381 451 529 806 39 47 1030 696 73 32 145 31 58 1217 423 744 31 403 426 40 52 73 108 217
internal_value=-1.62603e-05 -0.00314616 0.0025601 -0.00594176 -0.00184449 0.00379706 -0.00876487 -0.00499558 0.000875806 0.0046314 -0.00280398 -0.00102648 0.00394905 0.00271164 0.00293941 0.00188425 0.00145435 -0.000364262 0.000646061 -0.0016194 0.0032597 -0.00215285 -0.00361254 0.00153871 -0.000895325 0.000298337 0.00191479 0.0030905 0.000628509 0.00452037 -0.00265013 0.000504777 -0.00112613 0.00543106 -0.00211344 0.00349526 -0.00589438 -0.00664514 0.00110675 0.0062357 0.00359637 -0.00233973 -0.0032221 -0.00664011 -0.00144346 0.00329847 0.000175432 -0.000700369 0.00511218 0.00795343 -1.2023e-05 -0.00291312 -0.00431164 -0.00705706 -0.00660995 -0.000760672 -0.00160877 -0.00413756 0.000678898 0.00359475 0.00523658 -0.00402707
internal_weight=34532 15591 18941 4952 10639 10920 1241 3711 8021 5533 4895 5744 3052 944 5387 1256 4006 2730 995 3014 4131 2753 2142 524 1493 4015 2680 741 3062 2108 345 1326 334 2481 315 3607 1869 999 2012 1278 3502 1521 715 86 1411 799 103 145 236 91 381 1342 1308 801 61 953 550 124 113 214 141 1842
internal_count=34532 15591 18941 4952 10639 10920 1241 3711 8021 5533 4895 5744 3052 944 5387 1256 4006 2730 995 3014 4131 2753 2142 524 1493 4015 2680 741 3062 2108 345 1326 334 2481 315 3607 1869 999 2012 1278 3502 1521 715 86 1411 799 103 145 236 91 381 1342 1308 801 61 953 550 124 113 214 141 1842
cat_boundaries=0 2 4 6 8 10 12 14 16 18 20 22 24 26 28 30 32 34 36 38 40 42 44 46 48 50
cat_threshold=374603840 276877468 359818824 2760495269 86510157 537514496 1207316001 336488452 1431190601 3020609188 549453856 75501568 1049603 1048576 1107564425 377737920 12628098 117440578 3231055872 269490208 549857580 3809305544 1329594371 268959784 18109193 2164886532 1065911838 536870912 134242308 553648179 377881160 2718003364 16801792 262145 1077969034 134283664 606620257 13862404 17170688 40 1641045120 385880904 16799876 1107829260 1048576 203554816 536871940 3072 1048576 559108
is_linear=0
shrinkage=0.05


Tree=45
num_leaves=63
num_cat=29
split_feature=11 3 3 3 3 11 3 2 0 1 0 1 4 2 0 1 2 9 2 2 1 2 2 1 2 9 11 9 2 3 4 0 11 1 4 0 0 2 9 2 9 9 1 1 4 1 4 0 2 4 3 9 8 3 4 3 2 8 3 8 4 4
split_gain=99.5998 18.4919 18.0453 3.96418 2.88257 2.64133 1.85457 1.21742 1.07292 1.14591 1.05033 1.03432 0.881735 0.826938 0.810431 0.739503 0.72944 0.714459 0.711933 0.704184 0.64412 0.611676 0.575994 0.550994 0.531202 0.506973 0.517485 0.500989 0.483758 0.482421 0.480999 0.480959 0.476726 0.464879 0.461353 0.449851 0.446042 0.444717 0.440336 0.440302 0.494935 0.432382 0.424182 0.416704 0.799654 0.410755 0.408962 0.408 0.406908 0.405924 0.388596 0.372787 0.355527 0.723765 0.347524 0.332525 0.332132 0.443538 0.327651 0.321646 0.340306 0.30224
threshold=1638.4682955000003 314.05000000000007 1588.7500000000002 501.35000000000008 143.95000000000002 2222.5407380000001 2411.4500000000003 0 1 2 3 4 24660.000000000004 5 6 7 8 154.50000000000003 9 10 11 12 13 14 15 132.50000000000003 2766.0748670000007 155.50000000000003 16 733.25000000000011 23961.500000000004 17 3398.6525210000004 18 36653.500000000007 19 20 21 71.500000000000014 22 88.500000000000014 127.50000000000001 23 24 22985.000000000004 25 40869.500000000007 26 27 28890.000000000004 2933.6500000000001 77.500000000000014 4.5000000000000009 427.15000000000003 29314.500000000004 88.15000000000002 28 1.5000000000000002 177.85000000000005 1.0000000180025095e-35 32273.500000000004 19935.000000000004
decision_type=2 2 2 2 2 2 2 9 1 9 1 9 2 9 1 9 9 2 9 9 9 9 9 9 9 2 2 2 9 2 2 1 2 9 2 1 1 9 2 9 2 2 9 9 2 9 2 1 9 2 2 2 2 2 2 2 9 2 2 2 2 2
left_child=1 4 5 11 36 14 10 27 29 13 51 30 19 59 22 16 17 -12 33 25 49 23 41 -22 43 26 -7 34 47 42 -3 -20 -19 -14 58 -9 54 -32 -30 40 -13 -2 -5 44 61 -33 -37 -11 -46 -16 -8 -4 -42 -54 -1 -56 57 -51 -6 60 -10 -17
right_child=2 3 6 8 7 12 50 35 9 28 15 39 18 -15 20 24 -18 32 31 -21 21 -23 -24 -25 -26 -27 -28 -29 38 -31 37 45 -34 -35 -36 46 -38 -39 -40 -41 52 -43 -44 -45 48 -47 -48 -49 -50 56 -52 -53 53 -55 55 -57 -58 -59 -60 -61 -62 -63
leaf_value=-0.013134797507502738 0.0011101953488864579 -0.0059811637928016189 0.0033984726272003767 -0.0033390868448446112 -0.013120396320115435 -0.0019936963521789263 0.0047566202122511139 -0.0035053392288150464 -0.0093701896025889086 -0.0003633068474352347 0.0038366451715868563 -0.003273004457344022 0.00043025361570951572 -0.0020077068851745532 -0.001716792937955473 -0.0012205563158892579 0.0030891591058351269 0.012648481274531645 0.0019040700484152214 0.0010274352639539628 -0.00017791422632928143 -0.0001123486980429898 0.0004497677539285665 0.0029859542754612769 0.0030595310528721397 0.00021640842679840659 -0.0090569065121235328 -0.0061736419864254896 -0.0025913074966265413 0.001133797129800825 -0.0054058517989750698 0.004689736998489142 0.0062064493844772167 0.0019302700640657297 -0.005938818311135817 -0.0057886084844466562 -0.0080742964715781532 -0.0033610389926585905 -0.00099791968947372561 -0.0030178994847105522 -0.00087727375115617993 0.0041828129521208806 -0.0004878335847439835 0.0022967294952288123 -0.0011470192402063322 0.0024955209699481147 -0.0028459802348112322 0.0034433836803972637 0.0026489085835749806 -0.0078185186327626825 0.0063270181656446102 0.0050312925465490436 0.0084013835869400817 -0.0020243300821730925 -0.013422213875067732 -0.0083938404059439309 -2.1781096969852355e-05 -0.00082701189231426859 -0.0087613778772194766 -0.0037563074967739175 -0.0030932548128092957 -0.0076960772222436566
leaf_weight=136 228 351 508 141 54 76 1709 399 56 351 480 176 974 1591 811 36 1688 32 1440 864 228 1653 953 352 1631 117 39 421 599 404 453 376 311 1141 139 1074 219 1304 1573 1732 215 231 1014 647 105 775 136 87 186 33 529 1198 33 32 47 152 1144 69 359 609 37 36
leaf_count=136 228 351 508 141 54 76 1709 399 56 351 480 176 974 1591 811 36 1688 32 1440 864 228 1653 953 352 1631 117 39 421 599 404 453 376 311 1141 139 1074 219 1304 1573 1732 215 231 1014 647 105 775 136 87 186 33 529 1198 33 32 47 152 1144 69 359 609 37 36
internal_value=8.81087e-06 -0.00326256 0.00221529 -0.00227732 -0.0066406 0.000899273 0.00387942 -0.00593388 -0.00149437 -0.00185761 0.00347047 -0.00345441 0.00165025 -0.00267332 0.000134971 0.00311306 0.00374612 0.00503506 0.00194766 0.000372608 -0.000207057 0.000380763 0.00117355 0.00176206 0.00248637 -0.00201751 -0.00444647 -0.00743133 -0.00112567 -0.000351527 -0.00426307 0.00250583 0.00684248 0.00124528 -0.00851203 -0.0049474 -0.00991772 -0.00394089 -0.00143175 -0.00264219 -0.00117766 0.00260563 -0.000871601 0.00153782 0.000157394 0.00327813 -0.00546049 0.000390053 0.00133144 -0.000842801 0.00513048 0.00454736 0.000104459 0.00331582 -0.0110952 -0.00964262 -0.000279774 -0.00286478 -0.00936164 -0.00412762 -0.00693239 -0.00451939
internal_weight=34494 13894 20600 10758 3136 11504 9096 2582 6462 4903 6858 4296 5802 2293 5702 5152 2511 823 4706 1096 4290 2233 1412 580 2641 232 115 973 2610 1559 2108 2591 343 2115 552 1609 554 1757 2172 2188 456 459 1155 1010 363 1151 1210 438 291 2057 2238 1706 280 65 335 199 1246 102 413 702 93 72
internal_count=34494 13894 20600 10758 3136 11504 9096 2582 6462 4903 6858 4296 5802 2293 5702 5152 2511 823 4706 1096 4290 2233 1412 580 2641 232 115 973 2610 1559 2108 2591 343 2115 552 1609 554 1757 2172 2188 456 459 1155 1010 363 1151 1210 438 291 2057 2238 1706 280 65 335 199 1246 102 413 702 93 72
cat_boundaries=0 2 3 5 6 8 10 11 13 15 17 19 21 23 25 27 29 31 32 34 35 36 38 40 42 44 46 47 49 51
cat_threshold=1112419904 277566089 4 31333995 1017045012 4 1199338497 3020444806 47317540 2165201160 4 627589965 2210526100 623421988 144839952 1183233883 1589727937 268437672 268624032 391908945 2919756325 172020936 1361051712 944242836 3290440210 1073746180 1099435200 1926506256 95723947 1082195968 729808960 1 1975569481 788599649 4 1 1145046049 528388 167772546 136839248 269484033 2147483681 2155906176 70516737 160466566 2637824 1 5242880 303360 1073774592 268501008
is_linear=0
shrinkage=0.05


Tree=46
num_leaves=63
num_cat=17
split_feature=11 11 11 11 11 11 6 11 6 6 6 1 11 1 1 1 11 4 1 1 5 1 1 1 9 1 0 0 4 5 5 6 9 6 11 4 9 11 4 6 1 11 6 1 6 5 8 9 11 4 9 1 4 9 11 6 1 4 11 5 11 1
split_gain=89.9498 15.9883 14.1772 2.64971 2.50911 2.5089 2.32391 1.51255 1.27903 1.27121 1.25441 0.987122 0.866961 0.811254 0.788656 0.752919 0.7271 0.720699 0.710718 0.69018 0.657625 0.629446 0.605643 0.600501 0.578907 0.542355 0.526209 0.500975 0.476841 0.475138 0.457331 0.437884 0.435403 0.43333 0.397431 0.384352 0.380523 0.379648 0.348056 0.344631 0.339903 0.336772 0.335003 0.324654 0.320508 0.634179 0.314497 0.521066 0.305693 0.297907 0.300762 0.290784 0.285304 0.281678 0.28152 0.394194 0.280661 0.34564 0.34182 0.274635 0.274604 0.268624
threshold=1638.4682955000003 2870.2364010000006 743.24320650000016 355.04860250000007 3991.7598750000006 1048.9402650000004 1.7908100000000002 2222.5407380000001 1.6982050000000002 1.8850650000000002 1.4753200000000002 0 207.67896000000005 1 2 3 1417.5255950000003 25499.500000000004 4 5 1.2260700000000002 6 7 8 84.500000000000014 9 10 11 26399.500000000004 1.0202700000000002 1.2991100000000002 1.9960950000000002 184.50000000000003 2.5373800000000006 521.56287950000012 29238.500000000004 125.50000000000001 5137.623195000001 21135.500000000004 1.5991900000000003 12 269.05373500000002 1.5340900000000002 13 2.1825350000000001 1.0271750000000002 2.5000000000000004 138.50000000000003 923.20576100000005 35188.000000000007 9.5000000000000018 14 21816.500000000004 163.50000000000003 505.53144750000001 2.7208800000000006 15 32750.500000000004 2951.8313040000007 1.0574750000000002 5066.9267040000004 16
decision_type=2 2 2 2 2 2 2 2 2 2 2 9 2 9 9 9 2 2 9 9 2 9 9 9 2 9 1 1 2 2 2 2 2 2 2 2 2 2 2 2 9 2 2 9 2 2 2 2 2 2 2 9 2 2 2 2 9 2 2 2 2 9
left_child=2 7 3 10 17 8 18 15 -4 22 41 28 -12 -8 29 35 23 19 42 52 43 30 -7 -11 33 -18 37 36 -6 -10 38 -22 -32 -14 -20 -2 -17 -13 -9 -24 -38 -1 46 -19 45 -28 47 -5 -31 50 -29 -37 -3 -47 55 -15 57 -33 -58 -23 -30 -16
right_child=1 4 5 6 11 9 13 21 14 16 12 26 24 54 61 27 25 20 34 -21 31 59 39 -25 -26 -27 44 49 60 48 32 56 -34 -35 -36 51 40 -39 -40 -41 -42 -43 -44 -45 -46 53 -48 -49 -50 -51 -52 -53 -54 -55 -56 -57 58 -59 -60 -61 -62 -63
leaf_value=-0.0069318439536705514 -0.0014796049541079546 0.00010886609177420831 -0.00036823237131092197 -0.0020257060158703675 0.0018809974732137372 -0.0019089156966271862 -0.0080550997697928783 -0.00037189954867547693 -0.0054469841253811171 -0.0032782005207290322 -0.015133579297741848 0.0049488884570155428 -0.016982162094885303 -0.0077749448379518492 -3.1675434304582604e-05 0.00056650471995847945 0.00065247172398237401 0.0033343564122111447 -0.0055463253538810507 0.0019451841437736477 0.0055920443168896092 -1.6524173377547416e-05 0.0044423271246530399 -0.0017875738520610085 -0.007404054968090829 -0.0014755059563914472 0.0036176737938927112 -0.0034255918916384341 0.0032801642699858153 -0.0044114302111187406 0.002824606213263386 -0.0028149392658157186 0.0077281427262175205 -0.0098289819760704611 -0.0032552033856927003 -0.0023315266387937809 0.0049251430769903732 0.0070506969818399864 0.0018428656268656791 0.00032909743302459701 0.0016337766478619804 -0.0039739847823721192 -0.0028239725720041685 0.0021475711707905415 0.0036218902242271763 0.0049021751206660639 -0.0017044700566059387 0.0061168743449010569 -0.0024534455907613802 0.0009840985576061547 -1.3538466498528993e-05 0.00017388276564679674 -0.0049897061128061845 0.0066986718869221284 -0.0048606619522834574 -0.0039511966514536772 0.0080362766644813954 0.0029891397512101601 0.003473586322457459 0.0012061730404054239 0.0049443756771576875 -0.0028310088527313555
leaf_weight=362 816 58 357 37 506 325 461 197 633 1089 66 617 30 221 102 465 362 1039 360 1078 322 799 53 2122 257 1661 705 66 1058 497 335 41 52 101 413 118 112 346 1754 899 339 138 347 1883 1005 585 145 40 341 870 1792 1124 51 372 1030 102 44 65 576 1079 331 1343
leaf_count=362 816 58 357 37 506 325 461 197 633 1089 66 617 30 221 102 465 362 1039 360 1078 322 799 53 2122 257 1661 705 66 1058 497 335 41 52 101 413 118 112 346 1754 899 339 138 347 1883 1005 585 145 40 341 870 1792 1124 51 372 1030 102 44 65 576 1079 331 1343
internal_value=8.33706e-06 0.0021052 -0.00310052 -0.00556455 0.00344734 -0.00206498 -0.00486348 0.000659484 -0.00319424 -0.00149692 -0.00787627 0.004188 -0.00978725 -0.00603105 -0.00353998 0.00012848 -0.00184195 0.00265316 -0.00328195 0.00157009 0.00297652 0.00137745 -8.24118e-05 -0.00230975 -0.00884126 -0.00109865 0.00468937 0.000559498 0.0031841 -0.00437878 0.0019239 0.0040526 0.0035017 -0.0115834 -0.0042728 -0.000634242 0.00157209 0.00571059 0.00161916 0.00055667 0.00260534 -0.00612504 -0.00182376 0.00258932 0.0043362 0.0047657 -0.000336492 0.0022284 -0.00361856 0.000221092 -0.000136519 -8.31939e-05 -0.00210868 0.00560676 -0.0052378 -0.00658337 0.00336306 0.00067569 0.00374943 0.000682609 0.00368002 -0.00263514
internal_weight=34494 20600 13894 4110 10682 9784 3156 9918 3273 6511 954 5525 454 1814 2916 5702 5234 5157 1342 1187 3970 4216 1277 3211 388 2023 3630 3644 1895 1471 2338 1048 387 131 773 2058 916 963 1951 952 451 500 569 2922 2667 1662 222 77 838 2728 1858 1242 109 957 1353 323 726 106 620 1878 1389 1445
internal_count=34494 20600 13894 4110 10682 9784 3156 9918 3273 6511 954 5525 454 1814 2916 5702 5234 5157 1342 1187 3970 4216 1277 3211 388 2023 3630 3644 1895 1471 2338 1048 387 131 773 2058 916 963 1951 952 451 500 569 2922 2667 1662 222 77 838 2728 1858 1242 109 957 1353 323 726 106 620 1878 1389 1445
cat_boundaries=0 2 4 6 8 10 12 14 16 18 20 21 22 24 26 28 30 32
cat_threshold=2429956400 2654348393 68175872 277369012 1730962987 2752009858 390336081 2718265504 1795200261 187214622 1082368 2621440 716713654 540720182 1086327817 201347592 289804809 2493390960 54693888 2153775256 4 4 545783808 67109456 107516420 1079042834 268435456 2717908992 1082130432 136056960 4 1073809412
is_linear=0
shrinkage=0.05


Tree=47
num_leaves=63
num_cat=5
split_feature=3 3 3 3 11 3 3 0 0 0 4 5 4 5 3 6 0 6 4 4 5 9 5 6 5 9 9 6 4 3 11 5 4 9 4 5 4 3 9 11 3 3 6 4 9 11 6 6 5 3 0 6 9 11 6 6 6 4 6 5 6 5
split_gain=81.4503 15.8087 14.2662 2.80511 2.40158 2.38225 1.53458 0.92887 0.912244 0.88412 0.763043 0.760303 0.696689 0.599974 0.57781 0.705074 0.552122 0.556248 0.547614 0.527534 0.461373 0.629282 0.45444 0.441369 0.41298 0.407887 0.400314 0.398486 0.389203 0.354868 0.347157 0.345098 0.341541 0.340911 0.338634 0.333554 0.326762 0.343484 0.323172 0.307058 0.310858 0.303934 0.30384 0.302049 0.298623 0.275064 0.276669 0.307463 0.272012 0.270359 0.267891 0.414702 0.328694 0.264739 0.263582 0.281753 0.261043 0.258346 0.257881 0.382024 0.287975 0.375861
threshold=767.85000000000002 1588.7500000000002 314.05000000000007 487.85000000000008 2222.5407380000001 143.95000000000002 2411.4500000000003 0 1 2 36845.000000000007 1.1902850000000003 28007.500000000004 1.0927050000000003 229.95000000000002 2.6361550000000005 3 2.1280700000000006 21135.500000000004 35188.000000000007 0.96117500000000011 153.50000000000003 1.0308100000000002 2.2453450000000004 1.0186700000000002 253.50000000000003 73.500000000000014 2.5544450000000007 27837.500000000004 1921.8500000000001 4493.5476825000014 1.0675350000000001 27482.500000000004 182.50000000000003 31798.500000000004 1.2863050000000003 43262.000000000007 1347.0000000000002 77.500000000000014 3362.8615350000005 1651.5500000000002 2933.6500000000001 2.3779400000000006 24431.500000000004 125.50000000000001 1716.7337040000004 1.9863300000000004 2.2027150000000004 1.2260700000000002 88.15000000000002 4 1.9399250000000003 225.50000000000003 2554.8380790000006 1.9890800000000002 2.2091200000000004 1.9231750000000003 37947.500000000007 1.4753200000000002 1.3576650000000001 2.4436050000000002 1.0616550000000002
decision_type=2 2 2 2 2 2 2 1 1 1 2 2 2 2 2 2 1 2 2 2 2 2 2 2 2 2 2 2 2 2 2 2 2 2 2 2 2 2 2 2 2 2 2 2 2 2 2 2 2 2 1 2 2 2 2 2 2 2 2 2 2 2
left_child=2 4 5 12 9 28 8 27 38 44 14 18 48 34 15 26 17 36 -6 35 -10 23 -8 29 -14 33 -7 32 -1 -22 -25 43 -5 39 -9 -11 -13 -38 56 -23 -41 -24 -32 -16 -2 46 -15 -48 -4 -30 -20 52 -52 -53 -40 -56 -3 -35 59 -26 -60 -62
right_child=1 6 3 7 11 10 22 13 20 19 -12 16 24 45 31 -17 -18 -19 50 -21 21 25 41 30 58 -27 -28 -29 49 -31 42 -33 -34 57 -36 -37 37 -39 54 40 -42 -43 -44 -45 -46 -47 47 -49 -50 -51 51 53 -54 -55 55 -57 -58 -59 60 -61 61 -63
leaf_value=-0.010805179614573718 0.00038261241977167749 -0.0012673791300392512 -0.0045449487923327611 -0.0017738891052733342 -0.00087958682536712308 -0.010340403788364851 0.003740861792957584 -0.0029974172551282588 0.0018782568646374413 -0.00084568959619453661 -0.0038204486778821802 0.0020515541683312011 -0.0035753338636807215 -0.00076402188705736803 -0.0079806097252726176 -0.0046377341558371549 0.0031882736058261862 0.00018068273409431118 0.00083700269755251965 0.00051726850886869835 0.0021432345791912925 0.00087403480566161521 0.0047938185574515207 -0.0010447450285708463 -0.001563359362143298 0.0095273769280362526 -0.0070903925378261526 0.00196642181694135 -0.010507851972111635 0.003469893513041162 0.0027269920490744738 -0.0042880651374450152 -0.00014181465740773104 0.0026819088960077196 -0.0017635377657797637 0.0004497979112189996 0.0021420597954577691 0.0091767598309421116 0.0056348161843797085 0.0098356677044648677 0.004677218520603931 0.0065828457648787544 -0.0019461109785635661 -0.0052654510147378888 0.0018179762081746422 0.0021006762373687355 -0.0025106746247305356 -0.00088093169838068678 -0.0029191964103581019 -0.0071166658304945563 0.0028665146322288948 0.00061484432181542448 0.0084652043045530777 0.0020144029894625035 0.0034628749837404406 0.0056137701941100984 0.0033639254834331119 0.0046080504983305667 -0.002811987592616084 0.0047025947211941166 0.0022955163128836643 -0.0019245915156045337
leaf_weight=199 678 32 977 484 332 129 868 1196 1075 2704 619 637 911 1046 150 254 894 460 1846 1519 971 50 1050 134 112 30 443 155 83 1066 237 616 946 773 1051 608 36 34 407 31 517 320 40 371 779 58 741 477 360 272 104 554 35 870 579 212 476 228 1239 30 62 327
leaf_count=199 678 32 977 484 332 129 868 1196 1075 2704 619 637 911 1046 150 254 894 460 1846 1519 971 50 1050 134 112 30 443 155 83 1066 237 616 946 773 1051 608 36 34 407 31 517 320 40 371 779 58 741 477 360 272 104 554 35 870 579 212 476 228 1239 30 62 327
internal_value=7.76575e-06 0.00193338 -0.00305768 -0.00214832 0.000748581 -0.00600567 0.00350791 -0.00147701 0.00313592 7.16171e-05 -0.00536324 0.00148211 -0.00317589 -0.00183876 -0.00584754 -0.00686216 0.00225322 0.00153479 0.0010568 -0.000254018 0.00280289 0.00304617 0.00464592 0.00253728 -0.00270884 0.0038089 -0.00784012 -0.000433716 -0.00898477 0.00283886 0.0010393 -0.00510506 -0.000695063 0.00369572 -0.00242133 -0.000607807 0.00241431 0.00564004 0.00413941 0.0046446 0.00498641 0.00521619 0.0020476 -0.00606096 0.00115076 -0.00127421 -0.00136156 -0.00187367 -0.00410971 -0.00793682 0.00124559 0.00172731 0.00432665 0.00147073 0.00458983 0.00404571 0.00307027 0.00312479 -0.00226109 -0.000215938 -0.00243923 -0.00124782
internal_weight=34494 21186 13308 10172 12090 3136 9096 6154 6858 6288 2582 5802 4018 4569 1963 826 2061 1167 3741 4831 5152 4077 2238 2448 2681 1629 572 1585 554 2037 411 1137 1430 1599 2247 3312 707 70 1706 598 548 1370 277 521 1457 2322 2264 1218 1337 355 3409 1563 139 1424 1198 791 508 1001 1770 142 1628 389
internal_count=34494 21186 13308 10172 12090 3136 9096 6154 6858 6288 2582 5802 4018 4569 1963 826 2061 1167 3741 4831 5152 4077 2238 2448 2681 1629 572 1585 554 2037 411 1137 1430 1599 2247 3312 707 70 1706 598 548 1370 277 521 1457 2322 2264 1218 1337 355 3409 1563 139 1424 1198 791 508 1001 1770 142 1628 389
cat_boundaries=0 1 2 3 4 5
cat_threshold=4 4 4 1 1
is_linear=0
shrinkage=0.05


Tree=48
num_leaves=63
num_cat=23
split_feature=3 3 3 3 11 3 3 2 2 2 0 0 4 5 2 2 5 0 2 0 4 11 2 0 2 9 9 6 4 5 2 0 5 2 5 4 2 6 5 0 2 4 4 3 2 6 5 5 0 5 2 6 9 3 9 4 5 6 5 2 6 11
split_gain=73.5426 14.493 12.693 2.44542 2.23236 2.15214 1.38482 1.12612 0.922183 0.841168 0.840343 0.828053 0.719388 0.822399 0.653849 0.628433 0.612607 0.572821 0.552252 0.536586 0.512566 0.496166 0.48828 0.468716 0.463345 0.498936 0.459717 0.661735 0.452457 0.446482 0.449222 0.624621 0.515891 0.434113 0.421429 0.420631 0.415107 0.541758 0.41025 0.385787 0.375129 0.371219 0.369769 0.344785 0.333567 0.332298 0.458538 0.326408 0.318801 0.364935 0.314666 0.313373 0.311981 0.300137 0.292626 0.292572 0.285559 0.572187 0.284666 0.283143 0.498347 0.280344
threshold=761.35000000000002 1588.7500000000002 314.05000000000007 487.85000000000008 2222.5407380000001 143.95000000000002 2411.4500000000003 0 1 2 3 4 24660.000000000004 1.2991100000000002 5 6 1.1549950000000002 7 8 9 32987.500000000007 796.8591540000001 10 11 12 148.50000000000003 132.50000000000003 2.1664900000000005 40869.500000000007 1.1132850000000001 13 14 0.99265500000000018 15 1.0271750000000002 34161.500000000007 16 1.8910950000000002 1.0308100000000002 17 18 32906.500000000007 30147.500000000004 417.35000000000008 19 1.9937200000000002 0.98363500000000015 1.0475850000000002 20 0.95295500000000011 21 1.9814650000000003 98.500000000000014 229.95000000000002 70.500000000000014 27376.500000000004 1.2674350000000001 1.7649450000000002 1.3576650000000001 22 1.8672950000000001 1132.6132800000003
decision_type=2 2 2 2 2 2 2 9 9 9 1 1 2 2 9 9 2 1 9 1 2 2 9 1 9 2 2 2 2 2 9 1 2 9 2 2 9 2 2 1 9 2 2 2 9 2 2 2 1 2 9 2 2 2 2 2 2 2 2 9 2 2
left_child=2 4 5 8 10 39 11 -7 35 29 33 24 14 15 26 -14 36 43 41 55 21 48 23 -15 25 -3 27 54 45 30 31 32 -5 -2 59 -4 37 -13 -8 47 -37 58 -31 -10 -22 46 -27 -1 49 -9 56 -36 -43 -51 -6 -11 -21 -58 -12 60 -20 -32
right_child=1 6 3 9 12 7 38 20 17 19 18 16 13 22 -16 -17 -18 -19 34 50 44 -23 -24 -25 -26 28 -28 -29 -30 42 61 -33 -34 -35 51 40 -38 -39 -40 -41 -42 52 -44 -45 -46 -47 -48 -49 -50 53 -52 -53 -54 -55 -56 -57 57 -59 -60 -61 -62 -63
leaf_value=-0.011765017396793134 0.0026615289068748511 0.0025434945393041988 -0.0024536070147507874 -0.0040134072644377738 -0.0042625279599936526 -0.0073086410823601858 0.0035540339485120561 -0.008476975249280606 -0.0046816713482126021 -0.0023941734684661434 -0.0015873431699453017 -0.0050806482068516991 0.0022763390563287035 0.0039460456317950351 0.00093044807016013091 0.00093266183219271155 0.0044450739489344275 -0.0026757557368284912 0.0062620962349077061 0.00036837512122889015 -0.00074694619234651335 0.00050240024238040575 0.0025422993708937515 0.010791359920783537 0.0022246340579873828 0.0027444868565125523 0.00014076841493638665 -0.010454392987078117 0.01045258857898022 -0.0022762838694031515 -0.0038316059472281172 -0.0033359954318194192 -0.013183169026243294 0.00061615105448189144 0.001721342693756629 -0.0015955729243255557 0.003279398374579124 0.0018726516623921213 0.0049557956263657672 -0.0068347820659036274 0.0015276643798979759 -0.0012489230738858418 -0.0006811267198603985 -0.0032272847178619977 -0.0039390627568821092 0.0031299409985711632 0.009668246853047003 -0.0083546274931335426 -0.0043930364188617789 -0.0068808759782049396 -0.00055767423670152587 0.00024971337271633304 0.00063436508429290698 -0.0044154739469900277 0.0012335518967053604 -0.00097579322572475191 0.00029948385766017185 0.0082834307343306914 0.0011172885269122659 -0.001113252032856446 -3.4701405605764807e-05 -0.0017413609615051181
leaf_weight=122 332 365 639 31 59 516 868 132 992 529 1222 32 1335 59 838 2639 1266 1296 35 282 114 37 628 45 3235 42 129 30 37 663 193 302 32 1161 526 227 1474 185 1370 219 151 351 805 713 763 164 58 213 498 224 959 1155 585 298 40 1167 55 37 105 708 247 960
leaf_count=122 332 365 639 31 59 516 868 132 992 529 1222 32 1335 59 838 2639 1266 1296 35 282 114 37 628 45 3235 42 129 30 37 663 193 302 32 1161 526 227 1474 185 1370 219 151 351 805 713 763 164 58 213 498 224 959 1155 585 298 40 1167 55 37 105 708 247 960
internal_value=7.39975e-06 0.00182163 -0.00293036 -0.00206214 0.000697356 -0.00570653 0.00333291 -0.00509592 -0.00301722 -0.00142375 5.54574e-05 0.00297953 0.00140827 0.00167691 0.000254319 0.00139258 0.00361138 -0.0034607 -0.000259079 -0.000826905 -0.00448296 -0.00518395 0.0032165 0.00637535 0.00249978 0.0037415 -0.00189949 -0.00407125 0.00530489 -0.00201919 -0.00262743 -0.00418692 -0.00880428 0.0010944 0.000228269 -0.0016562 0.00298496 0.000792333 0.00441396 -0.00853809 -0.000348983 -0.000831474 -0.00140261 -0.00407572 -0.00357882 0.00454672 0.00681623 -0.00962794 -0.00536686 -0.00610055 -7.88249e-05 0.000710949 -7.24472e-05 -0.00548456 -0.00205176 -0.00141935 0.00113193 0.00356496 -0.00137266 -0.000588899 0.000740032 -0.00207627
internal_weight=34494 21325 13169 10033 12229 3136 9096 2582 4018 6015 6427 6858 5802 4706 1096 3974 2957 3001 4934 3029 2066 1189 732 104 3901 666 258 129 301 2986 1518 365 63 1493 2671 1017 1691 217 2238 554 378 2263 1468 1705 877 264 100 335 1152 654 1333 1681 936 522 99 1696 374 92 1327 990 282 1153
internal_count=34494 21325 13169 10033 12229 3136 9096 2582 4018 6015 6427 6858 5802 4706 1096 3974 2957 3001 4934 3029 2066 1189 732 104 3901 666 258 129 301 2986 1518 365 63 1493 2671 1017 1691 217 2238 554 378 2263 1468 1705 877 264 100 335 1152 654 1333 1681 936 522 99 1696 374 92 1327 990 282 1153
cat_boundaries=0 2 4 6 7 8 10 12 13 15 16 18 19 21 23 24 26 28 29 31 32 33 35 37
cat_threshold=1112280064 269161088 151028122 1215338864 125705323 2485082408 4 1 268437672 805494944 959006884 2701533225 1 1435790113 2299382321 1 1048576 16794898 1 18907140 136386048 33685537 2147748104 2 810025104 3288342546 549463040 35913792 1 16777472 1073776960 134434816 1 134218384 721428482 171971584 1075840000
is_linear=0
shrinkage=0.05


Tree=49
num_leaves=63
num_cat=20
split_feature=11 3 3 3 1 3 3 1 2 1 1 1 4 2 4 5 1 2 5 6 2 7 2 3 4 5 6 2 1 2 6 5 1 11 5 6 6 1 5 9 6 4 5 7 2 1 4 3 3 3 2 5 4 1 3 5 6 4 3 6 6 4
split_gain=66.4968 12.3274 12.0093 2.61343 2.0694 1.78706 1.41478 1.32312 1.18207 0.940311 0.88552 0.83777 0.763692 0.680396 0.679394 0.703268 0.691274 0.751588 0.631013 0.611973 0.603305 0.591314 0.551499 0.55047 0.543008 0.805416 0.539754 0.538074 0.51599 0.508282 0.505001 0.490585 0.478404 0.47679 0.466845 0.464879 0.463269 0.677361 0.588593 0.452635 0.450381 0.447835 0.430683 0.425696 0.424339 0.415906 0.404957 0.391208 0.374171 0.370534 0.412953 0.361401 0.941662 0.356728 0.390605 0.355672 0.339735 0.336652 0.458971 0.323015 0.32275 0.31724
threshold=1638.4682955000003 314.05000000000007 1607.6500000000003 501.35000000000008 0 1107.4500000000003 185.55000000000004 1 2 3 4 5 26399.500000000004 6 24660.000000000004 1.2991100000000002 7 8 0.94436500000000012 1.5606650000000004 9 4.5000000000000009 10 219.35000000000005 20348.500000000004 1.2183750000000002 1.9399250000000003 11 12 13 1.9231750000000003 1.1902850000000003 14 2743.1377645000007 0.96117500000000011 2.6612550000000001 2.1770000000000005 15 1.1764850000000002 60.500000000000007 2.0285150000000005 34161.500000000007 1.0135950000000002 1.5000000000000002 16 17 31557.500000000004 265.35000000000008 229.95000000000002 761.35000000000002 18 1.0186700000000002 35107.500000000007 19 1651.5500000000002 1.1783750000000002 2.0179450000000005 33670.500000000007 2793.0000000000005 2.1997750000000003 2.2184450000000004 24321.000000000004
decision_type=2 2 2 2 9 2 2 9 9 9 9 9 2 9 2 2 9 9 2 2 9 2 9 2 2 2 2 9 9 9 2 2 9 2 2 2 2 9 2 2 2 2 2 2 9 9 2 2 2 2 9 2 2 9 2 2 2 2 2 2 2 2
left_child=1 4 5 10 6 9 -1 8 21 29 41 20 35 24 28 16 17 18 33 -13 31 -4 -11 -14 25 -9 30 -12 43 -2 -24 45 40 -16 -23 48 -28 38 -38 -21 -17 -3 -29 -7 -18 -5 -22 -8 -6 50 -41 -47 56 54 -26 -15 -53 59 -59 -10 -61 -36
right_child=2 3 7 11 12 14 47 13 57 22 27 19 23 55 15 32 44 -19 -20 39 46 34 26 -25 53 -27 36 42 -30 -31 -32 -33 -34 -35 61 -37 37 -39 -40 49 -42 -43 -44 -45 -46 51 -48 -49 -50 -51 -52 52 -54 -55 -56 -57 -58 58 -60 60 -62 -63
leaf_value=-0.010075037242724363 0.00012069533992243599 -0.002288382132756703 0.0037373376717997927 -0.0014563275336614526 -0.0082722714727944038 -0.0071773243056668439 -0.0072533092119711198 0.00072926454436690602 0.0028933166664273104 -3.6252450947009349e-06 -0.0040741513548670314 0.0036086749314383697 -0.0049642184099247741 0.0024990087925502282 0.012514176310371392 0.011061048688134179 -0.00064903302883498044 0.0016040673774195488 0.0034052270839180507 -0.0018709271416084566 -0.0020715830644805052 0.0031705140854810031 0.0022101377839033784 -0.0031294627489251176 -0.0042482529289554804 -0.0086356826141596801 0.00013828221204618469 -0.0036649130490739113 0.00086846533516053931 -0.0015660387854332864 0.0079305403613429727 -0.0014589265052781578 0.0024482565575933389 0.0040191431901121181 0.0039059404888885279 -0.0030020389983502148 0.0018161817111137101 0.00045592836008934352 0.0060363827086300954 5.9980563792362925e-05 0.0041794035103745186 -0.00013136274961406748 -0.0021200484516808882 -0.00096912611902950539 0.0011848739084812647 -0.0038589276912747322 -0.00075313776335505362 -0.0044848037372452179 -0.0054419432750135591 0.00078189531760115621 -0.0013495353404948537 -0.0086264923881066765 -0.014593986888854382 0.0023414935681135003 0.0010184859317366758 0.0037465989337394975 -0.0024010950889836145 0.0034398540074549316 0.0086230907630589267 -0.0031761824631279241 0.0017003753055494443 0.0061770911961783036
leaf_weight=355 829 668 1124 133 223 31 281 88 1275 2186 1275 80 784 1535 38 39 369 939 250 751 1214 214 250 873 39 30 1104 705 814 964 45 258 596 31 196 103 219 500 133 901 64 376 1272 205 2036 170 1122 248 269 476 1230 35 33 901 293 923 59 1082 44 37 321 856
leaf_count=355 829 668 1124 133 223 31 281 88 1275 2186 1275 80 784 1535 38 39 369 939 250 751 1214 214 250 873 39 30 1104 705 814 964 45 258 596 31 196 103 219 500 133 901 64 376 1272 205 2036 170 1122 248 269 476 1230 35 33 901 293 923 59 1082 44 37 321 856
internal_value=6.99887e-06 -0.00266601 0.0018099 -0.00186159 -0.00542412 0.000750812 -0.00754063 0.00318607 0.00371735 0.000173375 -0.00281733 -0.00122586 -0.00453672 0.00245091 0.00141537 0.00169018 0.00141213 0.00236032 0.00445872 -0.000684761 -0.00183229 0.00456035 0.000563355 -0.00400004 0.00151406 -0.00170422 0.0011113 -0.00322575 0.000273235 -0.000790191 0.00310659 -0.00314487 0.00314314 0.00880951 0.00532352 -0.0060982 0.000814623 0.00168982 0.00332902 -0.000790129 0.00626406 -0.00149806 -0.00265908 -0.00173811 0.000901823 -0.00422367 -0.00143279 -0.00596632 -0.00673897 -0.000478185 -0.000759883 -0.00522952 -0.00742824 0.00183545 0.000377565 0.0029568 -0.00478547 0.00297188 0.00364987 0.00252062 0.00118893 0.00575806
internal_weight=34494 13894 20600 10758 3136 11642 884 8958 5149 6230 4296 6462 2252 3809 5412 4362 3663 1258 319 3438 3024 2390 4437 1657 1351 118 2251 3252 1050 1793 295 688 699 69 1266 595 1956 852 352 3358 103 1044 1977 236 2405 430 2336 529 492 2607 2131 297 127 1233 332 2458 94 2759 1126 1633 358 1052
internal_count=34494 13894 20600 10758 3136 11642 884 8958 5149 6230 4296 6462 2252 3809 5412 4362 3663 1258 319 3438 3024 2390 4437 1657 1351 118 2251 3252 1050 1793 295 688 699 69 1266 595 1956 852 352 3358 103 1044 1977 236 2405 430 2336 529 492 2607 2131 297 127 1233 332 2458 94 2759 1126 1633 358 1052
cat_boundaries=0 2 4 6 8 10 12 14 16 18 20 22 24 26 28 30 32 34 36 38 40
cat_threshold=382730304 76075196 656955981 2731143956 606612065 12842756 390336065 2718285984 142772510 1227958544 299769451 882892836 1893474304 397716875 179864082 1616923654 402736164 1610621105 38928420 2148401416 1083522855 705649577 1179780129 3020451852 4751362 1076363408 402733968 1294342058 67110532 32 537042952 201856593 1367606280 1073823880 4196392 268582912 562700692 3953262665 2156135552 68157441
is_linear=0
shrinkage=0.05


Tree=50
num_leaves=63
num_cat=25
split_feature=3 3 3 3 2 0 3 0 1 4 3 1 2 1 1 1 2 1 0 2 4 11 4 4 2 6 3 2 2 9 2 1 8 1 2 0 1 6 11 2 6 4 4 8 9 3 11 9 9 8 4 6 4 11 11 1 11 1 9 3 4 9
split_gain=60.6869 13.2649 8.43696 2.78516 2.19238 1.63728 1.27298 1.02722 0.926497 0.881572 0.83828 0.793702 0.791664 0.889129 0.738322 0.717583 0.807444 0.714066 0.681476 0.636989 0.534044 0.579998 0.521058 0.4982 0.496047 0.475779 0.473147 0.467153 0.459303 0.451655 0.43751 0.435069 0.42288 0.413776 0.40012 0.530091 0.398895 0.61788 0.525541 0.506035 0.518746 0.396276 0.570171 0.387332 0.640329 0.380629 0.368502 0.366115 0.517181 0.440723 0.364028 0.351643 0.346605 0.832995 0.344933 0.34141 0.6341 0.33952 0.367079 0.33673 0.335013 0.332228
threshold=867.55000000000007 333.05000000000007 1735.45 557.35000000000002 0 1 177.85000000000005 2 3 31114.500000000004 1204.4500000000003 4 5 6 7 8 9 10 11 12 28093.500000000004 5137.623195000001 20550.500000000004 25085.500000000004 13 2.2877000000000005 209.20000000000002 14 15 154.50000000000003 16 17 4.5000000000000009 18 19 20 21 2.2214150000000008 2203.6157720000006 22 1.96357 31485.500000000004 31199.500000000004 5.5000000000000009 137.50000000000003 814.75000000000011 643.77397250000013 52.500000000000007 208.50000000000003 2.5000000000000004 34784.500000000007 1.9231750000000003 27482.500000000004 948.01760400000012 331.51854600000007 23 2896.1732205000003 24 115.50000000000001 508.35000000000008 32987.500000000007 224.50000000000003
decision_type=2 2 2 2 9 1 2 1 9 2 2 9 9 9 9 9 9 9 1 9 2 2 2 2 9 2 2 9 9 2 9 9 2 9 9 1 9 2 2 9 2 2 2 2 2 2 2 2 2 2 2 2 2 2 2 9 2 9 2 2 2 2
left_child=1 4 5 8 6 10 54 20 30 12 36 32 13 45 41 -9 29 19 24 25 -4 57 -12 -16 -10 -11 -13 -19 50 -17 52 -24 34 -14 35 60 37 -2 -39 40 51 42 55 -8 -45 47 -37 -5 49 -49 -20 -38 53 -3 -1 56 -7 58 -22 -54 -6 -31
right_child=2 3 7 9 11 14 43 15 18 17 22 26 33 -15 23 16 -18 27 28 -21 21 -23 31 -25 -26 -27 -28 -29 -30 61 -32 -33 -34 -35 -36 46 39 38 -40 -41 -42 -43 -44 44 -46 -47 -48 48 -50 -51 -52 -53 59 -55 -56 -57 -58 -59 -60 -61 -62 -63
leaf_value=-0.011106251426593682 -0.00037701129102868061 -0.011659102395299029 0.0029480085505364574 -0.010475529601487021 -0.0044604152511192926 0.00012159324848316114 -0.0053689785947790376 0.0018389359048202282 -0.0012994649484063825 0.0019623275604429597 -0.0010403659485093025 -0.0057631741335849897 -0.00157410231095414 -0.0017492165789190234 0.0010123059729616113 0.0036271907456397871 0.0027932230212187499 -0.0020533206670649375 -0.00097365943365301094 0.000151094589871074 -0.0015848912362908495 0.0066126591182234535 -7.7243135592932978e-05 0.0026117853609670923 -0.0030321058167197385 0.0074068729425090605 -0.0041710362104861636 -0.0003897556781931641 -0.001777027497986871 0.0070016461533959967 -0.0029062680881268795 0.0015993302774758044 -0.0046021845454516088 -0.00015869845496558938 -0.0030450426497651887 0.0053731843777414835 0.0030239944498603247 -0.0097140949155800627 -0.0019574230549753539 -1.2714662422839659e-05 0.0010312522660252037 0.0016644668053986571 -0.006322034457116388 -0.013590644436275088 -0.0045828907007706308 -0.0013329183408527373 -0.00107943237311893 -0.006948692463429682 -0.010910178609229925 -0.00061534328260230003 0.0017886940347639408 0.009507115706946935 -0.0030131840715830003 -0.0030140033961894614 -0.0071334828603687858 0.00099158951625413555 -0.0063571197868441233 0.0044389688776860286 0.0043643183094706937 -0.0073033349452396997 0.000807444902154832 0.0037783654386177659
leaf_weight=208 1439 60 620 44 72 177 499 1504 624 161 258 754 1001 918 632 502 3499 525 338 757 57 316 476 2145 1646 53 1284 2067 1259 249 864 2217 201 1075 289 53 65 31 71 1425 331 987 31 40 41 45 37 50 30 60 183 31 165 53 85 716 47 881 46 64 51 124
leaf_count=208 1439 60 620 44 72 177 499 1504 624 161 258 754 1001 918 632 502 3499 525 338 757 57 316 476 2145 1646 53 1284 2067 1259 249 864 2217 201 1075 289 53 65 31 71 1425 331 987 31 40 41 45 37 50 30 60 183 31 165 53 85 716 47 881 46 64 51 124
internal_value=-9.68504e-06 -0.00231119 0.00189913 -0.00151364 -0.0049675 0.00101216 -0.00720461 0.003159 -0.00237759 -0.00084423 0.000486916 -0.00421098 -0.0014433 -0.00249384 0.00171564 0.00282997 0.00315881 -0.000302072 -0.00199634 0.000849194 0.00416433 0.00474172 0.00110306 0.0022402 -0.00257568 0.00319053 -0.00473937 -0.000733958 -0.0012677 0.00456793 -0.00360875 0.00130872 -0.00262975 -0.000845874 -0.0018847 -0.000153972 -4.91317e-05 -0.000640903 -0.00438627 0.000444406 0.00193193 0.000954584 0.000241854 -0.00591082 -0.00914266 -0.00526187 0.00273773 -0.00649478 -0.00517826 -0.0035308 -1.7873e-06 0.00519393 -0.00523758 -0.00766633 -0.00998193 0.000464811 -0.00120638 0.00413478 0.000992976 -0.00423872 -0.00228728 0.00594307
internal_weight=34533 15656 18877 12042 3614 11079 873 7798 5256 6786 6344 2741 3223 1147 4735 5878 4374 3563 4050 971 1920 1300 2951 2777 2270 214 2038 2592 1780 875 1206 2693 703 2076 502 213 3393 1541 102 1852 427 1958 971 580 81 229 90 184 140 110 521 96 342 113 293 940 224 984 103 229 123 373
internal_count=34533 15656 18877 12042 3614 11079 873 7798 5256 6786 6344 2741 3223 1147 4735 5878 4374 3563 4050 971 1920 1300 2951 2777 2270 214 2038 2592 1780 875 1206 2693 703 2076 502 213 3393 1541 102 1852 427 1958 971 580 81 229 90 184 140 110 521 96 342 113 293 940 224 984 103 229 123 373
cat_boundaries=0 2 3 4 6 8 10 12 14 16 18 20 21 23 25 27 29 31 33 35 37 38 40 42 44 46
cat_threshold=1187908608 2416169476 1 4 36980227 68702242 692094080 134769444 659690629 2524973312 84021248 2290245712 1984329037 2659652008 3633722497 406064232 606077504 146998016 922755204 1080033881 1 134217856 2692890691 167872914 94380152 1115818496 67244056 151167110 1074274706 33561633 100933708 1103101960 437849120 896821261 340448150 134312384 76030016 1 400180800 713421573 541114368 271067521 4195328 402919552 4334080 69337344
is_linear=0
shrinkage=0.05


Tree=51
num_leaves=63
num_cat=30
split_feature=3 3 3 3 3 0 1 2 2 3 2 4 7 1 4 2 3 1 4 1 2 6 4 1 4 1 1 2 2 2 4 2 2 0 1 2 1 9 9 6 1 4 4 11 0 2 6 2 9 1 6 9 4 3 6 4 4 2 11 2 2 9
split_gain=54.8504 11.0028 8.76818 2.09929 1.9932 1.42364 1.3063 1.20894 1.09284 0.846692 0.820837 0.832527 1.02855 0.770317 0.703276 0.765063 0.61399 0.602283 0.551954 0.560519 0.549199 0.798527 0.733742 0.540255 0.532768 0.526759 0.495575 0.494932 0.4907 0.479299 0.478361 0.467167 0.464164 0.783519 0.463298 0.445342 0.48329 0.439763 0.464568 0.428018 0.427378 0.421252 0.995929 1.32837 0.409037 0.408216 0.40147 0.397079 0.373846 0.368748 0.83033 0.368125 0.366843 0.363903 0.392396 0.358945 0.356797 0.403283 0.351397 0.348801 0.345789 0.3708
threshold=826.05000000000007 333.05000000000007 1516.6500000000003 525.6500000000002 129.15000000000001 0 1 2 3 1026.3500000000001 4 28365.000000000004 5.5000000000000009 5 31199.500000000004 6 229.95000000000002 7 21490.000000000004 8 9 2.0586950000000006 30308.500000000004 10 35107.500000000007 11 12 13 14 15 32355.500000000004 16 17 18 19 20 21 154.50000000000003 218.50000000000003 2.2214150000000008 22 24203.500000000004 28448.500000000004 1366.5061775000001 23 24 1.3493750000000002 25 119.50000000000001 26 2.2791250000000001 42.500000000000007 44836.000000000007 1890.0500000000004 1.9915 31485.500000000004 29882.500000000004 27 808.2378235000001 28 29 125.50000000000001
decision_type=2 2 2 2 2 1 9 9 9 2 9 2 2 9 2 9 2 9 2 9 9 2 2 9 2 9 9 9 9 9 2 9 9 1 9 9 9 2 2 2 9 2 2 2 1 9 2 9 2 9 2 2 2 2 2 2 2 9 2 9 9 2
left_child=1 4 5 13 -1 26 10 49 37 25 11 12 -4 45 15 34 30 28 -11 20 21 22 -20 35 29 39 55 -12 41 -10 48 -21 33 -25 -5 36 -16 -8 53 -7 -18 -17 43 -43 -31 52 -42 -28 -9 50 -6 -27 -3 -39 -55 60 57 -15 -51 -26 -2 -62
right_child=2 3 6 14 7 9 8 16 24 18 27 -13 -14 56 23 17 40 -19 19 31 -22 -23 -24 32 59 51 47 -29 -30 44 -32 -33 -34 -35 -36 -37 -38 38 -40 -41 46 42 -44 -45 -46 -47 -48 -49 -50 58 -52 -53 -54 54 -56 -57 -58 -59 -60 -61 61 -63
leaf_value=-0.0079385644619329489 0.0015779664441765819 -0.00098192417281772336 -0.0093341435644386083 0.0014769060606226959 0.0042940107711626112 -0.0011996514724160079 0.0037943263422266262 -0.0092321056771922771 0.00054778318609173722 -0.00081183861592330319 0.0033991231838158657 0.0013604372119489336 0.0020055786294643908 -0.0056631612239157894 0.0031305419010546225 -0.003061461152999552 -0.0060668178199036081 -0.0015653816045539224 0.012440193465675315 -0.00016177101532501587 0.0012127414201538191 0.0010642187079518371 0.0043000746725738283 -0.0090676598724577211 0.0023787563894329591 -0.0013335156559883107 0.0037824641073277844 0.0017672538289242171 -0.0020817683808547938 0.0022026222054216562 -0.0048996260990104212 0.0011038126834841458 -0.00077527098051982136 -0.0018261703912369198 -0.0009748485355351729 -0.00043391657543226679 0.00015197996931443089 0.011186813398550537 0.0038622464436075632 -0.0058986242852867854 0.0019110073495539838 -0.0049486774136312311 -0.0028008185821460354 -0.019140053414594151 0.0033567666966986473 -0.0022142837563814844 -0.0038569394090633303 0.0017857888999568345 -0.0060232432948342015 -0.0036079787818331121 -0.0046883695758879185 0.00030599017729561879 0.0039330151706235481 0.0095138409229762414 0.0050264540911126518 0.0017982474310424279 -0.0024864028154193019 -0.0030300201692317189 -0.00043379334441085934 0.0040620142272374251 -0.0025537514871564518 0.0006356246276912423
leaf_weight=425 213 754 51 233 52 581 756 184 312 487 632 133 32 233 207 92 335 1523 42 1080 461 97 83 46 582 409 364 2250 302 1855 310 2246 1473 186 923 1168 379 44 211 52 31 36 60 31 1324 1220 677 1055 200 1257 49 2075 39 67 197 565 1391 782 94 1222 178 185
leaf_count=425 213 754 51 233 52 581 756 184 312 487 632 133 32 233 207 92 335 1523 42 1080 461 97 83 46 582 409 364 2250 302 1855 310 2246 1473 186 923 1168 379 44 211 52 31 36 60 31 1324 1220 677 1055 200 1257 49 2075 39 67 197 565 1391 782 94 1222 178 185
internal_value=-9.41752e-06 -0.00232504 0.0017053 -0.00154325 -0.00472035 0.000680519 0.00278343 -0.00428911 0.00318621 0.000337424 0.00191203 -0.00104358 -0.00499037 -0.00238812 -0.000982314 -0.00151646 -0.0052033 -0.00209442 0.000776402 0.00096949 0.00226634 0.00429368 0.00711218 -0.000487871 0.00285182 -0.000295808 0.00170029 0.00213667 -0.00357658 0.00249505 -0.00639194 0.000693681 -0.00111782 -0.00315915 -0.000471417 0.000130392 0.00124243 0.00453864 0.00570073 -0.0015696 -0.00445687 -0.00543978 -0.00755026 -0.0116997 0.00267579 -0.00163528 -0.00355195 0.00232313 -0.00758081 -0.00313526 -6.10349e-05 3.54686e-05 -0.000726408 0.00694364 0.0061969 0.000896161 -0.0029978 -0.00372502 -0.00336274 0.00355627 2.52498e-05 -0.000906137
internal_weight=34533 14692 19841 11078 3614 10173 9668 3189 6570 7613 3098 216 83 4419 6659 3200 1737 2044 4496 4009 683 222 125 3459 5295 3117 2560 2882 521 3491 694 3326 1705 232 1156 1754 586 1275 519 633 1043 219 127 67 3179 2013 708 1419 384 1452 101 2484 793 308 264 1141 2406 1015 1351 1804 576 363
internal_count=34533 14692 19841 11078 3614 10173 9668 3189 6570 7613 3098 216 83 4419 6659 3200 1737 2044 4496 4009 683 222 125 3459 5295 3117 2560 2882 521 3491 694 3326 1705 232 1156 1754 586 1275 519 633 1043 219 127 67 3179 2013 708 1419 384 1452 101 2484 793 308 264 1141 2406 1015 1351 1804 576 363
cat_boundaries=0 1 3 5 7 9 11 13 15 17 19 21 23 25 27 29 31 33 35 36 38 40 42 44 45 47 49 51 53 55 57
cat_threshold=4 3499533458 1496714467 674353616 1307618642 606079552 8618240 549486602 10486016 2290256284 1810049885 1074373402 153446011 386011136 2357878784 268960274 1611926530 1006642208 17310880 2139140494 3781192537 335693889 2718236705 1346795337 2862830000 2099776 4411456 298975360 41945344 281346304 134217890 1434461697 59784544 1124076032 131096 2 570426368 2149590145 1208635788 545406995 595591168 3221242369 336609288 604540960 1 184549790 17441144 272646212 1694507024 536871936 537397248 571476993 34078732 1402019972 3323996394 68190738 134370128
is_linear=0
shrinkage=0.05


Tree=52
num_leaves=63
num_cat=34
split_feature=11 11 11 11 1 9 11 1 1 2 0 0 2 4 1 2 1 5 1 1 1 0 2 1 8 2 2 1 2 1 5 9 2 5 4 4 5 2 4 11 0 4 2 2 1 5 4 9 0 1 5 4 9 11 2 2 1 5 9 2 2 9
split_gain=49.3509 11.5733 5.01968 2.2956 1.74963 1.43401 1.40859 1.02656 0.960585 0.948296 0.862629 0.770982 0.712983 0.698634 0.664902 0.871097 0.94517 0.638889 0.681596 0.61615 0.577872 0.714784 0.570001 0.559384 0.535181 0.515054 0.512537 0.506773 0.485884 0.462094 0.469935 0.436241 0.429447 0.568489 0.427985 0.569639 0.426608 0.41838 0.416373 0.40162 0.398207 0.482727 0.396464 0.38968 0.521887 0.69343 0.382087 0.379421 0.386059 0.37424 0.453957 0.469991 0.394862 0.362017 0.357403 0.349196 0.349099 0.362965 0.341084 0.336425 0.332334 0.330845
threshold=1992.3869480000001 948.01760400000012 3362.8615350000005 521.56287950000012 0 72.500000000000014 1366.5061775000001 1 2 3 4 5 6 32273.500000000004 7 8 9 1.1270350000000002 10 11 12 13 14 15 2.5000000000000004 16 17 18 19 20 1.1462100000000002 69.500000000000014 21 1.3405900000000004 23480.500000000004 22593.000000000004 0.97257500000000008 22 29458.500000000004 2766.0748670000007 23 30388.500000000004 24 25 26 0.97643500000000005 28448.500000000004 154.50000000000003 27 28 0.98911500000000008 25302.500000000004 148.50000000000003 401.36682250000007 29 30 31 0.99617000000000011 178.50000000000003 32 33 88.500000000000014
decision_type=2 2 2 2 9 2 2 9 9 9 1 1 9 2 9 9 9 2 9 9 9 1 9 9 2 9 9 9 9 9 2 2 9 2 2 2 2 9 2 2 1 2 9 9 9 2 2 2 1 9 2 2 2 2 9 9 9 2 2 9 9 2
left_child=1 3 10 4 25 20 17 22 -7 36 32 37 29 14 15 16 24 18 28 59 21 -5 -4 -13 -8 -1 -19 -15 -3 30 -10 60 33 -2 35 -22 -9 -6 -11 -35 -40 -42 49 44 45 -21 54 48 -38 -16 -51 52 -52 -27 -24 -33 -49 -58 -59 -12 -29 -55
right_child=2 6 7 5 11 8 13 9 12 38 19 23 -14 27 42 -17 -18 26 -20 43 34 -23 46 -25 -26 53 -28 31 -30 -31 -32 55 -34 39 -36 -37 47 -39 40 -41 41 -43 -44 -45 -46 -47 -48 56 -50 50 51 -53 -54 61 -56 -57 57 58 -60 -61 -62 -63
leaf_value=-0.003263886108828449 0.0023109206301647747 -0.0051496930055820152 0.0030589331815277128 -0.003556908982927385 -0.0026653689463335285 -0.0032781361602487835 -0.01184894748181581 0.0028050401629735842 0.0070580271917962192 0.001951707206785858 0.00070664038131586346 0.00048813731767810304 -0.0021069151406688975 -0.0016155312975000586 -0.00051130512777949704 -0.0010493385238998473 -0.0017237425373901776 -0.0018945242605932972 -0.0013275014110210235 0.0089989740485699656 -0.0056348017946584155 0.0051350356752259867 -0.001845035708061789 -0.0033383248854494591 -0.0048779040196200562 -0.0093789155289866269 -0.00024876951836507447 0.001889510613513814 -0.0024172951486224007 -0.00068449919896707413 0.0003585284388522738 0.0017768811992142351 0.0011980093071849059 0.003679557073488029 -0.0043182877496397805 -0.012794767149857111 0.0057176681807634723 -0.0056689945433187929 0.0024845256517904463 0.010479495636615399 0.0085953079093739667 0.0036358816080912983 -0.00078742891125061485 0.00079441129106593348 0.001350836948085533 0.002625766616980147 0.0021122047637651587 0.002058498932923872 0.003301012750941767 -0.00061161904415743182 0.0086611818741287368 0.0012873502341525329 0.0016817717024476973 -0.010713485676434733 0.0011607906432149206 0.00031088627414096082 0.011472575120751572 0.00773589914919149 0.0048331725063331093 -0.00048083729385885144 -0.0010609830920859369 -0.0046762722903991687
leaf_weight=111 960 222 1065 68 225 1483 54 451 45 1208 1210 119 1221 353 336 1085 200 768 1475 55 159 35 105 554 60 321 1234 102 952 326 61 590 1103 57 827 34 223 626 1043 36 52 797 1567 2674 1064 186 1478 101 669 117 54 126 33 30 727 1300 31 160 303 1156 646 100
leaf_count=111 960 222 1065 68 225 1483 54 451 45 1208 1210 119 1221 353 336 1085 200 768 1475 55 159 35 105 554 60 321 1234 102 952 326 61 590 1103 57 827 34 223 626 1043 36 52 797 1567 2674 1064 186 1478 101 669 117 54 126 33 30 727 1300 31 160 303 1156 646 100
internal_value=-8.94031e-06 -0.00186085 0.00192016 -0.00356887 -0.00492837 -0.002902 -0.000899355 0.00278598 -0.00235162 0.00324484 0.00106308 -0.00394975 -0.00149008 -0.000430899 -0.00089682 -0.00174683 -0.00403986 -0.0015662 -0.00207562 0.000769268 -0.00443549 -0.000531276 0.00208447 -0.0027043 -0.00759395 -0.00736933 -0.000891439 0.000134984 -0.00297699 0.000262352 0.00296494 0.000374453 0.001927 0.00265221 -0.00477685 -0.00695559 0.004142 -0.00497673 0.00267131 0.00639527 0.0031436 0.00394939 -0.000354331 0.0011479 0.00185951 0.00394826 0.00162283 0.00457317 0.0039109 0.000660923 0.00183246 0.00325719 0.00606301 -0.00827799 0.000771476 0.000780263 0.00555778 0.00610275 0.00585078 0.000126912 -0.000645596 -0.00614062
internal_weight=34533 17619 16914 6345 2086 4259 11274 8413 3136 5038 8501 1524 1653 6623 3632 1399 314 4651 2649 6345 1123 103 3375 673 114 562 2002 2991 1174 432 106 2638 2156 1053 1020 193 1938 851 3100 93 1892 849 2233 3979 1305 241 2310 1487 892 666 330 213 87 451 832 1890 595 494 463 2366 748 130
internal_count=34533 17619 16914 6345 2086 4259 11274 8413 3136 5038 8501 1524 1653 6623 3632 1399 314 4651 2649 6345 1123 103 3375 673 114 562 2002 2991 1174 432 106 2638 2156 1053 1020 193 1938 851 3100 93 1892 849 2233 3979 1305 241 2310 1487 892 666 330 213 87 451 832 1890 595 494 463 2366 748 130
cat_boundaries=0 2 4 6 8 9 10 12 14 16 18 20 22 24 25 27 29 31 33 35 37 39 41 43 44 46 48 50 51 53 55 57 59 61 63
cat_threshold=340795456 75550748 3503727794 1563823339 49444553 877269222 606087776 12817156 4 1 137560322 218759376 356661317 268854561 558907584 33536 21106692 139264 1359627883 2627617392 1603689537 2592149929 36864 131648 1 69750341 4931648 687868928 524352 1074806792 1216 56501248 2518237412 34358336 2818572292 200736 76417024 2052 1073767168 141084276 623077648 536952960 1075847555 1 1610949322 1092616978 740941984 286007336 536879624 536888834 4 1209008264 1076367952 541065224 67113088 1254147280 536887892 167776512 2181042192 144183446 1830726802 33554432 8393027
is_linear=0
shrinkage=0.05


Tree=53
num_leaves=63
num_cat=26
split_feature=11 11 11 11 1 6 5 1 2 0 2 1 6 2 2 1 1 8 4 1 2 11 11 2 4 11 11 6 7 6 4 2 1 5 7 2 2 1 5 4 5 2 4 4 0 1 5 2 1 5 8 2 1 4 11 8 6 4 6 4 11 1
split_gain=44.5814 10.4912 4.53147 2.5164 1.6434 1.32972 1.11007 0.934526 0.914207 0.779076 0.769147 0.740488 0.731906 0.726025 0.618444 0.675554 0.585673 0.690578 0.764133 0.558497 0.52954 0.511103 0.481767 0.692807 0.593263 0.480148 0.477154 0.455864 0.454069 0.440566 0.437023 0.430481 0.421727 0.477221 0.457179 0.412698 0.400843 0.39687 0.465381 0.390747 0.390049 0.380344 0.515022 0.763165 0.39031 0.377829 0.391336 0.372523 0.571216 0.416505 0.688229 0.330241 0.329709 0.60569 0.317463 0.313921 0.347976 0.304819 0.304812 0.289557 0.316671 0.281899
threshold=1992.3869480000001 1037.3317490000002 3362.8615350000005 521.56287950000012 0 1.8240550000000002 1.1028350000000002 1 2 3 4 5 1.5340900000000002 6 7 8 9 2.5000000000000004 34866.500000000007 10 11 1303.8253995000002 1626.2840745000001 12 32425.500000000004 830.35675900000012 207.67896000000005 1.6982050000000002 3.5000000000000004 1.8823300000000003 23961.500000000004 13 14 1.3405900000000004 5.5000000000000009 15 16 17 1.2114250000000002 31114.500000000004 1.2065350000000004 18 29458.500000000004 28184.500000000004 19 20 0.87575000000000014 21 22 0.96509500000000015 4.5000000000000009 23 24 26691.000000000004 240.082596 1.5000000000000002 2.0565350000000007 33350.500000000007 2.2027150000000004 20348.500000000004 2343.0620255000008 25
decision_type=2 2 2 2 9 2 2 9 9 1 9 9 2 9 9 9 9 2 2 9 9 2 2 9 2 2 2 2 2 2 2 9 9 2 2 9 9 9 2 2 2 9 2 2 1 9 2 9 9 2 2 9 9 2 2 2 2 2 2 2 2 9
left_child=1 3 9 4 26 35 14 10 25 32 -4 20 37 -9 15 -3 17 -10 -19 51 -8 61 29 24 -24 30 -1 -28 -18 -13 -7 55 -2 -34 -35 -5 58 38 -6 -17 -38 42 43 -15 -43 46 -23 48 49 50 -21 -11 53 -53 -14 56 -31 -40 -12 -49 -61 -16
right_child=2 6 7 5 12 8 11 13 16 19 36 22 54 41 21 39 28 18 -20 47 -22 45 23 -25 -26 -27 27 -29 -30 31 -32 -33 33 34 -36 -37 40 -39 57 -41 -42 44 -44 -45 -46 -47 -48 59 -50 -51 -52 52 -54 -55 -56 -57 -58 -59 -60 60 -62 -63
leaf_value=-0.010027992008916296 0.0010288900323048016 -0.00084825345537889419 0.0046122946864837304 0.00013319988420893903 -0.0038999439218415596 -0.0066799612772694339 -0.0021486026436533887 0.0030759092597399638 -0.0030103107315280005 0.00065558599704992264 0.0017700752286634791 0.00095849592132559022 -0.0088620483399265339 -0.0001742678110848271 0.00066042483805962924 -0.0035835437164973513 -0.0035764664563747682 -0.00017827018426552451 0.0074264716532854175 0.01205979021881441 -0.00039206568264571945 0.0046488857763301158 0.0015023499705721932 0.00050182877325871472 0.0068557135333084385 -0.0031074609976514929 -0.0041627334876590469 -0.0075018312412835535 -0.0017555418749005819 -0.0094322634312594619 -0.0041187218491306249 -0.00023192727435193509 0.0021642053635340035 0.0027124661915299913 0.0092395228376536045 -0.0018343349663711762 0.0025653109407167553 -0.0030606606222083072 0.0055887970271914344 -0.0018016424660726488 0.0039654588842585629 0.001455457833801094 0.0018107634601116076 -0.0086614141509926412 0.0026124259248174759 -0.00068889210257050784 0.00034326338765914297 -0.00094664406336718862 0.0011575116628508686 0.0026769856461864301 0.002267340752773751 -0.0091208990378823553 -0.00021109154660686454 -0.0012090519106457787 -0.0044851298284633257 -0.001432487202923962 -0.0024684320393767532 -0.0004725331383653813 -0.0024472796700265782 9.2932494486745357e-05 0.0012716799041527886 -0.0020646102548503497
leaf_weight=115 982 934 895 347 45 214 604 1640 114 1088 172 577 44 154 107 609 687 111 46 34 1472 61 120 850 91 991 160 308 689 30 808 957 1064 62 48 1216 1498 537 38 629 754 1622 259 31 1332 1870 356 240 1171 251 38 30 852 112 795 162 45 44 56 867 1662 836
leaf_count=115 982 934 895 347 45 214 604 1640 114 1088 172 577 44 154 107 609 687 111 46 34 1472 61 120 850 91 991 160 308 689 30 808 957 1064 62 48 1216 1498 537 38 629 754 1622 259 31 1332 1870 356 240 1171 251 38 30 852 112 795 162 45 44 56 867 1662 836
internal_value=-8.85679e-06 -0.00176901 0.00182466 -0.00321797 -0.00468635 -0.00263073 -0.000741596 0.00264729 -0.00315211 0.00101032 0.00330325 -0.000197225 -0.0037179 0.00219638 -0.00123606 -0.0018885 -0.00222499 -6.06661e-05 0.00208277 0.000731102 -0.000911751 -0.000788591 0.000328753 0.00117193 0.00365995 -0.00387887 -0.00698908 -0.00637157 -0.00264739 -0.000174909 -0.00466103 -0.00072297 0.00183133 0.00247131 0.00561822 -0.0014086 0.00281255 -0.00249615 0.000125374 -0.00265892 0.00302224 0.00176333 0.000366202 -0.00163536 0.00197119 -0.000386814 0.000959757 0.0010577 0.00169654 0.00354826 0.00699341 5.68305e-05 -0.00059855 -0.00274099 -0.00472495 -0.0025784 -0.00534142 0.00236987 0.000697607 0.000707672 0.000867774 -0.00176991
internal_weight=34533 17619 16914 7309 2086 5223 10310 8413 3660 8501 3375 4908 1503 5038 5402 2172 1647 271 157 6345 2076 3230 2832 1061 211 2013 583 468 1376 1771 1022 1194 2156 1174 110 1563 2480 664 127 1238 2252 3398 444 185 2954 2287 417 4263 1494 323 72 2082 994 142 839 237 75 82 228 2769 2529 943
internal_count=34533 17619 16914 7309 2086 5223 10310 8413 3660 8501 3375 4908 1503 5038 5402 2172 1647 271 157 6345 2076 3230 2832 1061 211 2013 583 468 1376 1771 1022 1194 2156 1174 110 1563 2480 664 127 1238 2252 3398 444 185 2954 2287 417 4263 1494 323 72 2082 994 142 839 237 75 82 228 2769 2529 943
cat_boundaries=0 2 4 6 7 9 11 13 15 17 19 21 23 25 27 29 31 33 35 37 38 40 42 44 46 48 50
cat_threshold=374349888 75550748 757598788 2194272768 1993763937 3021140493 4 606087744 8884225 393623661 2756677638 103304773 4932096 7755333 3595438472 1218218938 1394707015 8394756 268576836 1536578625 2592149929 1103233158 287866992 172261576 1073758464 704676872 469762064 1913025107 1042502064 134422672 16786576 1094975616 167772192 553650176 1074276352 12648704 8650880 1 536870925 2218787720 741207200 269230154 603988488 536890882 144183766 1696509586 268452864 33619968 167903232 2098216
is_linear=0
shrinkage=0.05


Tree=54
num_leaves=63
num_cat=25
split_feature=3 3 3 3 3 1 3 1 3 1 3 1 2 4 2 4 1 2 1 9 11 2 7 3 9 4 2 1 4 2 9 1 4 2 1 2 9 2 2 4 4 1 2 6 11 8 3 2 6 6 4 11 2 4 6 1 2 8 11 9 7 6
split_gain=40.7287 9.77618 4.94562 2.32992 1.2082 1.0151 0.969339 0.891678 0.727334 0.658616 0.618288 0.610736 0.591555 0.576351 0.594744 0.563677 0.541069 0.499676 0.627506 0.686775 0.604808 0.483477 0.554371 0.61299 0.473726 0.465296 0.467795 0.461043 0.451609 0.435867 0.488052 0.430454 0.424251 0.420628 0.412203 0.386778 0.562715 0.382643 0.361739 0.354506 0.352029 0.351797 0.343885 0.366325 0.464527 0.340841 0.349293 0.331564 0.47073 0.364194 0.328257 0.321516 0.304285 0.303008 0.298168 0.297727 0.558773 0.890836 1.47634 0.287582 0.28426 0.283243
threshold=920.45000000000016 422.50000000000006 1813.3000000000004 185.55000000000004 634.05000000000007 0 1246.0500000000002 1 3066.1000000000004 2 265.35000000000008 3 4 29799.500000000004 5 24660.000000000004 6 7 8 244.50000000000003 2535.2420395000004 9 5.5000000000000009 2117.2500000000005 69.500000000000014 38152.500000000007 10 11 28448.500000000004 12 38.500000000000007 13 26957.500000000004 14 15 16 138.50000000000003 17 18 37841.500000000007 29238.500000000004 19 20 2.2969050000000002 1277.2553430000005 1.5000000000000002 344.45000000000005 21 1.9660550000000001 2.1797850000000003 36744.500000000007 240.082596 22 15735.000000000002 2.2791250000000001 23 24 2.5000000000000004 1526.9166480000001 142.50000000000003 4.5000000000000009 2.0969250000000001
decision_type=2 2 2 2 2 9 2 9 2 9 2 9 9 2 9 2 9 9 9 2 2 9 2 2 2 2 9 9 2 9 2 9 2 9 9 9 2 9 9 2 2 9 9 2 2 2 2 9 2 2 2 2 9 2 2 9 9 2 2 2 2 2
left_child=1 3 6 7 11 29 25 51 13 12 50 37 -6 16 -15 35 33 27 19 20 -19 22 -18 -24 -11 26 41 28 -17 45 -31 59 -26 -4 -28 36 -8 -3 53 -13 -40 -2 43 44 -34 -5 -47 48 -36 -50 -7 -1 54 -12 -27 56 57 58 -14 61 -59 -16
right_child=2 4 8 5 9 10 15 -9 -10 24 38 39 55 14 31 17 21 18 -20 -21 -22 -23 23 -25 32 52 34 -29 -30 30 -32 -33 42 -35 47 -37 -38 -39 40 -41 -42 -43 -44 -45 -46 46 -48 -49 49 -51 -52 -53 -54 -55 -56 -57 -58 60 -60 -61 -62 -63
leaf_value=-0.0091396490750768819 -0.001740217018741326 -0.0011593378475129481 -0.00015604552823283979 -0.002964204004092608 -0.00025539011386859492 -0.0054220034101063611 0.00060868974855002853 -0.0040055641374528456 0.005213479998236268 -0.00099598657650514758 -0.0069446402588201799 -0.0013464452786714973 -0.017239442894606327 0.0040041761591382901 0.0012317803762853146 -0.0060403228365034107 0.0027623409882611329 0.0084448346600402152 0.0016756216392398626 0.010201942325393494 0.0026886366997277301 0.0022187824818563108 0.012844663959726492 0.0048181695508065859 -0.00070659413982346059 0.0023381554048099397 -4.8956922608462241e-05 0.0013374837101063693 -9.9022280185295783e-05 -0.0044343952407948995 -0.001974032971289643 0.0028077938053276078 0.0064486899791518226 0.0018269192911272722 0.0060845791300511865 0.00076052844267648391 -0.0064558597816729308 -0.0026973755289976978 -0.005025103651589446 -2.1233155354776522e-06 -0.0031501548414121284 9.4661522712143792e-06 0.00045884575698634865 0.0055809791554458895 0.00071524780975978572 0.0053190395627170806 -0.0011654819905137024 0.00089352987868016953 0.00011231802181023094 0.0052596047493391378 -0.0029950573238045068 -0.0063683957917104366 0.00096904178148713045 -0.0021080636767015349 0.0072290630139377754 -0.0011986495273755453 -0.00079754908335594079 -0.0044615108584467739 -0.0035482155424822986 0.0024958369903423719 0.00028402322486726917 -0.0022803387026958449
leaf_weight=198 342 658 393 39 1618 602 66 518 270 757 33 2188 31 1067 149 38 137 49 1941 36 564 1361 36 73 572 186 1034 1371 178 233 1500 2505 40 852 82 935 48 1339 402 632 690 1552 1205 67 258 49 35 1246 128 46 187 256 909 797 37 1335 206 62 53 187 63 92
leaf_count=198 342 658 393 39 1618 602 66 518 270 757 33 2188 31 1067 149 38 137 49 1941 36 564 1361 36 73 572 186 1034 1371 178 233 1500 2505 40 852 82 935 48 1339 402 632 690 1552 1205 67 258 49 35 1246 128 46 187 256 909 797 37 1335 206 62 53 187 63 92
internal_value=-8.45063e-06 -0.00179076 0.00164579 -0.00350585 -0.000933436 -0.00303153 0.000970553 -0.0057291 0.00266832 -0.00047565 -0.00365642 -0.0015288 -0.000949584 0.00256728 0.00295497 0.00145946 0.0020227 0.00171965 0.00214902 0.00351332 0.00316176 0.00263113 0.00471985 0.00756179 7.81004e-05 0.000510997 0.00027967 0.000998188 -0.00111585 -0.00208637 -0.00229396 0.0025497 0.000458343 0.00120509 0.000721915 0.000422767 -0.00220444 -0.00219973 -0.00318265 -0.00104158 -0.0038095 -0.000314699 0.000882946 0.00220519 0.00150383 0.000786765 0.00263523 0.00124909 0.00287157 0.00149537 -0.00485131 -0.00743111 0.00141523 -0.00228104 0.00304248 -0.00158581 -0.00276815 -0.00457347 -0.0087443 0.00100664 -0.00208649 -0.000112828
internal_weight=34533 16623 17910 5539 11084 4567 10788 972 7122 6267 2711 4817 3368 6852 4000 5226 2852 4177 2590 649 613 1607 246 109 2899 5562 4430 1587 216 1856 1733 2933 2142 1245 2536 1049 114 1997 1922 2820 1092 1894 1570 365 298 123 84 1502 256 174 789 454 1132 830 223 1750 415 209 84 428 125 241
internal_count=34533 16623 17910 5539 11084 4567 10788 972 7122 6267 2711 4817 3368 6852 4000 5226 2852 4177 2590 649 613 1607 246 109 2899 5562 4430 1587 216 1856 1733 2933 2142 1245 2536 1049 114 1997 1922 2820 1092 1894 1570 365 298 123 84 1502 256 174 789 454 1132 830 223 1750 415 209 84 428 125 241
cat_boundaries=0 2 4 6 8 10 12 14 16 18 20 22 24 26 28 30 32 34 36 38 40 42 44 46 48 50
cat_threshold=2818873526 459485012 357838912 268488860 1164868705 2651779204 379345507 345970806 405372748 1215131202 606604800 92497472 2429986232 3173393505 92702235 1590988617 134774854 3758105088 555745280 8421632 1763120577 2323771812 1073742976 402722816 135266560 134217760 3498848256 33562913 549453856 1349248 638981218 1065599825 411107328 67272704 805325196 1269925678 289436616 538617282 281019011 671088768 4199560 2701156419 4210688 84411392 1746534416 12416 17437696 2181046272 1077969024 131384
is_linear=0
shrinkage=0.05


Tree=55
num_leaves=63
num_cat=28
split_feature=11 11 11 2 11 6 0 6 9 4 2 1 1 2 6 1 2 2 0 1 2 11 2 11 1 1 1 6 2 1 2 4 11 8 4 4 2 9 2 11 11 2 2 6 1 6 9 9 7 11 9 2 11 2 4 1 9 9 4 1 11 11
split_gain=37.4768 6.55597 5.24993 1.83085 1.46444 0.950391 0.886783 0.836948 0.750039 0.717751 0.679277 1.28173 0.674426 0.711073 0.662798 0.616109 0.766042 0.67665 0.588762 0.58433 0.645429 0.663582 0.563628 0.54809 0.532758 0.528878 0.510757 0.486481 0.480927 0.467983 0.558983 0.550349 0.467655 0.46598 0.750996 0.816468 0.455568 0.991251 0.414423 0.411397 0.920113 0.402429 0.399139 0.560045 0.391691 0.375825 0.372803 0.370832 0.360487 0.350405 0.349207 0.336774 0.335443 0.326264 0.898269 0.322477 0.318223 1.02116 0.319383 0.308564 0.338425 0.306956
threshold=1778.3193825000005 743.24320650000016 3150.9532275000006 0 1145.6569720000002 1.7908100000000002 1 1.9789750000000002 95.500000000000014 34687.500000000007 2 3 4 5 1.9582250000000003 6 7 8 9 10 11 882.97121000000004 12 469.12082850000007 13 14 15 2.1331250000000002 16 17 18 29067.500000000004 2554.8380790000006 3.5000000000000004 36281.500000000007 31278.500000000004 19 209.50000000000003 20 2255.9532045000005 2535.2420395000004 21 22 2.2184450000000004 23 2.3714750000000007 244.50000000000003 51.500000000000007 4.5000000000000009 2841.8058570000007 44.500000000000007 24 1037.3317490000002 25 26691.000000000004 26 163.50000000000003 182.50000000000003 31961.500000000004 27 1895.6155475000003 4233.860603000001
decision_type=2 2 2 9 2 2 1 2 2 2 9 9 9 9 2 9 9 9 1 9 9 2 9 2 9 9 9 2 9 9 9 2 2 2 2 2 9 2 9 2 2 9 9 2 9 2 2 2 2 2 2 9 2 9 2 9 2 2 2 9 2 2
left_child=1 3 9 8 5 -3 25 26 33 15 11 39 42 -14 22 17 59 27 23 36 21 -21 44 -10 -24 28 -5 -2 61 30 31 45 55 -1 35 -35 37 -7 -31 -11 -41 -9 43 -8 -6 -16 -39 -38 -29 -42 -26 -28 -23 54 -27 -12 -15 -58 -59 -17 -61 -4
right_child=2 4 6 7 14 19 12 41 18 10 32 -13 13 56 29 16 -18 -19 -20 20 -22 52 24 -25 50 53 51 48 -30 38 -32 -33 -34 34 -36 -37 47 46 -40 40 49 -43 -44 -45 -46 -47 -48 -49 -50 -51 -52 -53 -54 -55 -56 -57 57 58 -60 60 -62 -63
leaf_value=-0.0057343087798420143 -0.00085435241941148119 -0.00029818999564523306 0.0090539813034127576 -0.003010789702793192 -0.0038353682602943178 -0.0034325398460787258 0.0005529058878892102 -0.0018809950179144029 -0.0078930772057667908 0.0030136203663339504 -0.0019884810254987553 0.0013556136331579992 0.001571138568350123 0.0025051391672884344 -0.0054911129484763316 0.0009406445238807139 0.00021329522661241935 0.00013287828077516696 -0.0029169372608876427 0.0081293450506178273 -0.0018385712819151438 -0.0029551740704240122 0.00224688640005706 -0.0041132894759389922 -0.0025315254789893514 -0.0067683274181035815 -2.5229602748373356e-06 -0.0075650038875704796 0.003324448868891796 -0.0012745455806725187 -0.0010089780708825117 -0.0017420005856163233 0.0018400820362797646 -0.0086527615098300602 -0.0025317652451415217 -0.018552086347593897 -0.0039151111091842274 -0.014097150235423163 -0.00011982351123934748 0.012917855252310926 0.001816204678193158 -0.0043380030704355029 0.0014881376241502955 -0.0073572620608648581 -0.0006113986107271071 0.00022106946665136252 -0.0060912567250911267 -0.002043626077208057 -0.0023434897821609786 0.0081288511987383429 0.00033203022018277179 -0.0020306945676850925 0.0037178274796103999 0.0026857826138778087 0.0027062398925275974 0.00053612729275205292 0.0066430169089642015 0.0018601124841562879 0.0038267147155643987 0.0056085077353128336 0.0021154551053277318 0.0051527395308421445
leaf_weight=192 269 753 76 929 107 249 80 267 174 82 127 799 1722 1848 221 692 2180 2370 332 32 1751 47 345 223 119 35 332 56 795 1530 1081 381 745 77 30 30 353 33 1587 50 54 997 2247 30 538 33 30 1077 82 37 943 551 30 1234 81 1560 218 438 396 78 603 170
leaf_count=192 269 753 76 929 107 249 80 267 174 82 127 799 1722 1848 221 692 2180 2370 332 32 1751 47 345 223 119 35 332 56 795 1530 1081 381 745 77 30 30 353 33 1587 50 54 997 2247 30 538 33 30 1077 82 37 943 551 30 1234 81 1560 218 438 396 78 603 170
internal_value=1.5633e-05 -0.00182297 0.00149141 -0.0035253 -0.0011966 -0.00191413 0.00233723 -0.00287265 -0.00534073 0.000681219 0.00126087 0.0023386 0.00205191 0.00240566 -0.000742521 0.000364777 0.000799498 -0.00019369 -0.00448494 -0.00225177 -0.00160229 0.00201394 1.03818e-05 -0.00578559 0.000570906 0.00316883 -0.00219099 -0.00204878 0.00404732 -0.00106212 -0.00172482 -0.0029055 0.000794329 -0.0073795 -0.00962692 -0.0115744 -0.002918 -0.00472528 -0.000689115 0.00563132 0.0075183 -0.00387006 0.00134161 -0.00151479 -0.00120157 -0.00475102 -0.0104396 -0.00249062 -0.00450155 0.00444334 8.99671e-06 -0.00127753 -0.000340971 0.00244089 -0.000171245 0.000336401 0.00289338 0.00359983 0.00279736 0.00172116 0.00248672 0.00614115
internal_weight=34528 15374 19154 4134 11240 4355 9370 3076 1058 9784 3454 1022 6979 4622 6885 6330 3553 2777 729 3602 1860 109 2052 397 1407 2391 1812 407 1041 4833 1716 635 2432 329 137 107 1742 312 3117 223 141 1264 2357 110 645 254 63 1430 138 91 1062 883 77 1350 116 1687 2900 1052 834 1373 681 246
internal_count=34528 15374 19154 4134 11240 4355 9370 3076 1058 9784 3454 1022 6979 4622 6885 6330 3553 2777 729 3602 1860 109 2052 397 1407 2391 1812 407 1041 4833 1716 635 2432 329 137 107 1742 312 3117 223 141 1264 2357 110 645 254 63 1430 138 91 1062 883 77 1350 116 1687 2900 1052 834 1373 681 246
cat_boundaries=0 2 3 5 7 9 11 13 15 17 18 20 22 24 26 28 30 32 34 36 38 40 42 44 46 48 50 52 54
cat_threshold=114166784 2452279300 4 706220164 538026278 1015022210 536872193 1537094674 1505102955 1507285394 914385131 4266919241 2846167937 677768418 94994572 313408 34195456 1 1697412139 2366133792 134217986 142610432 566395459 2446118928 1115717636 1074398080 254286413 1696004 367161768 1920995521 3146304 67153924 399907329 2752651376 1800409220 3490073376 1610614945 524300 370818306 2550018190 136413192 1073750080 545259532 8388864 526336 268976640 553648352 75498706 541589506 4096 32768 973144064 16783892 303211604
is_linear=0
shrinkage=0.05


Tree=56
num_leaves=63
num_cat=23
split_feature=3 3 3 1 0 3 3 4 0 1 9 1 1 5 9 1 5 1 4 0 1 3 3 1 5 4 1 1 1 9 1 9 7 6 0 0 5 1 9 4 4 4 1 1 5 5 1 4 6 9 7 5 0 4 1 9 6 6 6 5 9 5
split_gain=33.879 7.17432 4.55645 1.58904 1.44734 1.08044 1.03764 0.881493 0.822715 0.700132 0.622773 0.619603 0.601506 0.546544 0.518879 0.502296 0.495715 0.49908 0.491159 0.477888 0.475949 0.435027 0.426475 0.433832 0.402211 0.401045 0.40025 0.396406 0.388193 0.662024 0.369034 0.428499 0.367885 0.358101 0.344384 0.343942 0.333327 0.312191 0.303031 0.288326 0.326964 0.280394 0.272067 0.270546 0.445219 0.38028 0.267816 0.419412 0.267523 0.263296 0.25974 0.372337 0.319422 0.251303 0.307346 0.274746 0.249954 0.584142 0.318347 0.247099 0.241041 0.240508
threshold=873.6500000000002 350.55000000000007 1678.0500000000002 0 1 606.05000000000007 185.55000000000004 32595.500000000004 2 3 106.50000000000001 4 5 1.2013750000000003 118.50000000000001 6 1.3021850000000001 7 33670.500000000007 8 9 458.55000000000007 1116.6000000000001 10 1.2756350000000003 29882.500000000004 11 12 13 142.50000000000003 14 148.50000000000003 8.5000000000000018 2.1402250000000005 15 16 1.3619150000000002 17 73.500000000000014 28184.500000000004 30388.500000000004 37841.500000000007 18 19 0.96509500000000015 0.89548000000000016 20 29882.500000000004 1.8311250000000003 38.500000000000007 4.5000000000000009 1.0290000000000001 21 31557.500000000004 22 79.500000000000014 2.2214150000000008 2.2702850000000008 1.8311250000000003 1.2223850000000003 27.500000000000004 1.1270350000000002
decision_type=2 2 2 9 1 2 2 2 1 9 2 9 9 2 2 9 2 9 2 1 9 2 2 9 2 2 9 9 9 2 9 2 2 2 1 1 2 9 2 2 2 2 9 9 2 2 9 2 2 2 2 2 1 2 9 2 2 2 2 2 2 2
left_child=1 3 7 18 10 16 50 22 26 53 11 21 48 15 43 -10 17 25 34 -8 -12 -3 27 -24 46 32 39 56 29 -15 31 -18 -6 -30 -1 -16 -11 38 -20 -4 -41 60 -43 44 45 -14 -21 -48 -9 -28 51 -5 -52 -7 55 -55 58 -58 -2 -25 -19 -53
right_child=2 4 8 6 5 9 19 12 13 36 20 -13 14 28 35 -17 30 41 37 24 -22 -23 23 59 -26 -27 49 -29 33 -31 -32 -33 -34 -35 -36 -37 -38 -39 -40 40 -42 42 -44 -45 -46 -47 47 -49 -50 -51 52 61 -54 54 -56 -57 57 -59 -60 -61 -62 -63
leaf_value=-0.0015616744428820983 -0.0043835166829491136 -0.0071621522066098722 0.0027667340737242453 -0.0055234052404432143 -0.0038099255410987791 -0.0020377984864384312 -0.0046572448429266257 0.0026520720424899912 0.0023550755700143238 -0.00042068071147907519 0.0017504420693193292 -0.00037175207995102506 0.0022040050860108215 -0.0053853488953236814 0.0036285248424937941 0.0012116037499286143 0.0050686194604038191 -0.0035109315337464812 0.0034904206937286433 -0.0019533562872282579 -5.1284993792776748e-05 -0.0021410163688937393 3.7309489271862593e-05 0.00084344940086343513 -0.00061109819700457641 -0.0022928285093484048 0.00096684435511590534 0.00022219655417319049 0.0035548421745387666 0.0027531381154403791 -0.0012443082130448278 -0.00093018486204528023 -0.0091848211668963935 0.0022196708507373651 -0.0035692004272775274 0.0019070521008246544 0.0017970822409947491 -0.0021087003758228635 -0.00083759409325276672 0.0078976184780446771 0.0043344497938894409 -0.0020971803455482525 0.00013894178745867765 0.00061142512989936261 0.0010907313531578649 0.0092620595527573898 -0.0067978104755501119 -0.0030536894903914463 0.00035936188839614039 0.0029058827922187622 -0.0067131448945218931 -0.011923606154608128 -0.0032808469858568502 -0.0067931446924922069 -0.00060057945760324952 -0.001865999941561741 -0.0090885494420945186 -0.00049233184380562242 -0.00043786364920852069 0.0020924487548884133 -0.0018453821334955751 -0.0072509456192192652
leaf_weight=284 56 54 242 115 444 1091 845 137 1721 2140 513 970 40 40 387 2392 55 250 51 241 1226 208 1382 1368 153 646 210 1876 949 63 548 63 34 1085 891 1179 183 510 181 77 439 220 335 1056 168 37 131 180 1639 1092 177 60 115 39 932 101 31 52 499 558 1702 65
leaf_count=284 56 54 242 115 444 1091 845 137 1721 2140 513 970 40 40 387 2392 55 250 51 241 1226 208 1382 1368 153 646 210 1876 949 63 548 63 34 1085 891 1179 183 510 181 77 439 220 335 1056 168 37 131 180 1639 1092 177 60 115 39 932 101 31 52 499 558 1702 65
internal_value=1.46781e-05 -0.00169511 0.00144928 -0.00352423 -0.00107256 -0.00139522 -0.00449047 0.000755062 0.00232333 -0.000852172 -0.000118535 -0.000978167 0.00126886 0.00203704 0.00171551 0.00169919 -0.00196182 -0.00219181 -0.00243692 -0.00385326 0.000490685 -0.00308202 0.000345165 0.000718142 -0.0028844 -0.003084 0.0031905 -0.0001457 0.00268619 -0.000391215 -0.000706533 0.00173884 -0.00421062 0.00283015 -0.00308572 0.00233452 -0.000244222 -0.00143953 0.000119587 0.00415538 0.00488041 -0.00177137 -0.000784847 0.000982371 0.00244788 0.0056708 -0.00351225 -0.00450319 0.000534605 0.00257436 -0.00642052 -0.00766231 -0.00537719 -0.00149663 -0.000958438 -0.00305999 -0.00121066 -0.00377294 -0.000843152 0.00119998 -0.00206038 -0.00957065
internal_weight=34528 15753 18775 3999 11754 8783 2082 10465 8310 4486 2971 1232 4643 6250 2867 4113 4297 3631 1917 1550 1739 262 5822 3308 705 1124 2060 2514 2137 103 666 118 478 2034 1175 1566 2323 742 232 758 516 2507 555 1301 245 77 552 311 1776 1302 532 240 292 2163 1072 140 638 83 555 1926 1952 125
internal_count=34528 15753 18775 3999 11754 8783 2082 10465 8310 4486 2971 1232 4643 6250 2867 4113 4297 3631 1917 1550 1739 262 5822 3308 705 1124 2060 2514 2137 103 666 118 478 2034 1175 1566 2323 742 232 758 516 2507 555 1301 245 77 552 311 1776 1302 532 240 292 2163 1072 140 638 83 555 1926 1952 125
cat_boundaries=0 2 3 4 6 8 10 12 14 15 17 19 21 23 25 27 28 29 31 33 35 37 38 40
cat_threshold=3893138864 3643879235 4 4 90053723 3019961192 335564929 2483044448 3250770265 511920361 69239503 541700097 18898435 2358915600 1 138419332 1275077202 1809736712 490226057 86513736 1175556 876612165 537198850 1074003968 1048577 16798860 16 4 4 32896 2550139202 1179648032 270533761 34603520 1794 29515840 570441728 1 791552 2147483648
is_linear=0
shrinkage=0.05


Tree=57
num_leaves=63
num_cat=29
split_feature=11 11 11 2 11 9 0 9 1 0 2 1 1 2 2 2 0 6 1 1 1 5 5 1 1 2 2 6 9 1 11 5 2 9 2 2 5 4 6 9 4 1 11 4 8 4 1 2 1 6 9 6 2 2 6 9 11 9 0 9 9 11
split_gain=30.683 5.97328 4.06174 1.63714 1.10874 0.977566 0.887062 0.769939 0.74466 0.725842 0.702089 0.681562 0.679363 0.627719 0.625058 0.592149 0.588658 0.58714 0.585405 0.578356 0.563738 0.534745 0.498777 0.772497 0.541566 0.496016 0.488931 0.55733 0.470562 0.47011 0.462664 0.460896 0.450019 0.447233 0.446275 0.444377 1.18009 0.4411 0.436795 1.03336 0.430638 0.422025 0.422017 0.396579 0.585807 0.69813 0.394133 0.392787 0.38547 0.385342 0.486744 0.422654 0.379283 0.373894 0.649115 0.360105 0.444121 0.341705 0.459961 0.480449 0.488592 0.474751
threshold=1562.6194880000003 2666.1939210000005 743.24320650000016 0 3900.9954250000005 70.500000000000014 1 95.500000000000014 2 3 4 5 6 7 8 9 10 1.8672950000000001 11 12 13 0.98565500000000006 1.1723750000000002 14 15 16 17 2.4436050000000002 220.50000000000003 18 401.36682250000007 1.0554550000000003 19 208.50000000000003 20 21 1.3619150000000002 28273.500000000004 1.9764400000000004 165.50000000000003 29238.500000000004 22 869.86961650000012 35997.500000000007 3.5000000000000004 31278.500000000004 23 24 25 2.3485300000000007 227.50000000000003 2.0565350000000007 26 27 2.1071350000000004 155.50000000000003 1303.8253995000002 187.50000000000003 28 58.500000000000007 73.500000000000014 1728.1485110000003
decision_type=2 2 2 9 2 2 1 2 9 1 9 9 9 9 9 9 1 2 9 9 9 2 2 9 9 9 9 2 2 9 2 2 9 2 9 9 2 2 2 2 2 9 2 2 2 2 9 9 9 2 2 2 9 9 2 2 2 2 1 2 2 2
left_child=2 12 3 7 22 18 20 43 14 46 19 21 15 17 -8 40 30 -14 32 52 -7 -12 24 38 25 28 27 -20 37 57 -9 -11 -4 48 -35 36 42 -3 39 -24 47 -33 -10 44 -1 -46 -5 -2 55 50 51 -36 -6 54 -25 56 -16 58 -19 -60 -61 -62
right_child=1 4 5 9 10 6 8 16 35 31 11 -13 13 -15 33 -17 -18 29 26 -21 -22 -23 23 53 -26 -27 -28 -29 -30 -31 -32 41 -34 34 49 -37 -38 -39 -40 -41 -42 -43 -44 -45 45 -47 -48 -49 -50 -51 -52 -53 -54 -55 -56 -57 -58 -59 59 60 61 -63
leaf_value=-0.0058312773607928862 -0.0036329684382051561 -0.0039535706257273848 -0.0043982404953803291 -0.0031150046668267043 -0.002466499888431849 0.0012215848722428844 -0.00097097089125844208 -0.0077007872941325939 0.004497722820783763 -0.0040143195540105238 0.0020298407633169068 0.0017843765689808764 0.0041336931756978832 0.00028037388740878604 -0.0036317419886690294 0.00038944347561459285 -0.0024009008163099741 0.0071274666339884224 -0.00052099825975237516 0.0020312617960242824 -0.00069300242709321482 0.0036371740748118025 0.003272835048119305 0.0019221086475137454 0.0014455100903147736 0.0006917634354041991 -0.0018822683251880235 0.0050539263882147115 -0.006200171023766206 0.00035581368402646683 -0.0040140925397903022 -0.00083402561201060665 -0.0022202251978868008 -0.0010492776883283357 -0.0098740034431349325 -0.00094240486971519069 0.010002939543108259 0.0012120736161873706 0.0031768362441707779 0.01438148303423077 -0.00033696943437793049 -0.0029668140529335342 -0.00067918918518973829 -0.0039446312271701617 -0.0080916024517807134 -0.017287759149386999 -0.00061588398240224247 -0.001018708128785681 -0.0014167736310146709 -0.0098879460759301926 -0.0026067107339838038 -0.0024803818083338203 0.00084089150253819343 0.0017356815220580337 -0.0060506033758759847 -0.0014743053652055097 -0.0095036403754974064 9.8933049250958207e-05 -0.00084941660043756108 0.0093208499873981051 0.0081956181971866993 0.0013679360360862231
leaf_weight=140 220 66 359 212 112 626 1043 136 45 815 691 1294 180 4841 116 1551 306 60 290 1460 959 2116 63 60 2783 736 935 52 51 833 239 324 1020 112 58 1946 32 107 332 31 1099 1173 272 83 75 30 601 459 719 40 134 30 283 1578 43 99 45 122 84 31 30 146
leaf_count=140 220 66 359 212 112 626 1043 136 45 815 691 1294 180 4841 116 1551 306 60 290 1460 959 2116 63 60 2783 736 935 52 51 833 239 324 1020 112 58 1946 32 107 332 31 1099 1173 272 83 75 30 601 459 719 40 134 30 283 1578 43 99 45 122 84 31 30 146
internal_value=1.383e-05 0.00117679 -0.00189637 -0.00319208 0.00193111 -0.00129638 -0.000955833 -0.00496069 -0.0013013 -0.00259546 0.00241145 0.00278044 0.000254393 0.000558069 -0.00191649 -0.000323462 -0.00404027 0.00145402 -0.00210041 0.00157118 6.67952e-05 0.00323085 0.00144175 0.0020572 0.00109485 6.21556e-05 -0.00129222 0.000329313 -0.0019421 0.00109294 -0.00536806 -0.00305568 -0.00281755 -0.00263166 -0.00412222 -0.000647317 0.000976593 -0.00077003 0.00395322 0.00704915 -0.000943921 -0.00253145 6.75365e-05 -0.00700438 -0.0080207 -0.0108574 -0.00131642 -0.00193825 -0.00208547 -0.00518963 -0.00453526 -0.00740964 -0.000138319 0.00154197 -0.00130682 -0.00372514 -0.00532149 0.00233091 0.00317043 0.00233294 0.0036222 0.00257147
internal_weight=34528 21462 13066 4134 11806 8932 6276 1009 4691 3125 5956 4101 9656 6327 2396 3329 681 1486 2656 1855 1585 2807 5850 2107 3743 960 1277 342 224 1306 375 2312 1379 1353 374 2295 349 173 426 94 1778 1497 317 328 245 105 813 679 979 262 222 88 395 1681 103 260 161 473 351 291 207 176
internal_count=34528 21462 13066 4134 11806 8932 6276 1009 4691 3125 5956 4101 9656 6327 2396 3329 681 1486 2656 1855 1585 2807 5850 2107 3743 960 1277 342 224 1306 375 2312 1379 1353 374 2295 349 173 426 94 1778 1497 317 328 245 105 813 679 979 262 222 88 395 1681 103 260 161 473 351 291 207 176
cat_boundaries=0 2 3 5 6 8 10 12 14 16 18 19 21 23 25 27 29 31 33 35 37 39 41 43 45 47 49 51 53 54
cat_threshold=114035776 2452279300 4 66993195 337293916 4 1909723540 849629369 656956139 550359428 391383361 3011985572 979404932 1627390030 136870223 3402737291 1691541697 1401744416 1 1967676961 2407622433 13131776 14041088 138599812 1243752018 2214594691 2181570560 2709783683 2485649444 4784266 1073782784 1124073610 25691520 545842688 140510016 184680457 201853194 281149440 17301568 8536322 150999056 1744863396 1090521344 939655304 129 537936065 18432 4985857 528384 558104576 262144 268698112 272 2
is_linear=0
shrinkage=0.05


Tree=58
num_leaves=63
num_cat=28
split_feature=11 3 3 2 3 5 1 1 4 2 2 5 3 2 1 1 2 11 2 4 1 4 2 2 1 2 4 2 1 9 2 1 1 3 2 1 4 8 2 1 4 4 1 4 5 11 4 1 11 3 11 5 4 4 1 11 8 4 1 5 3 5
split_gain=27.8232 5.72382 3.99972 1.58394 1.10834 0.998579 0.745803 0.691178 0.668298 0.80305 0.653438 0.717252 0.641884 0.633665 0.570793 0.557232 0.546566 1.13304 0.543818 0.829163 0.542565 0.511748 0.576462 0.572203 0.52683 0.485931 0.484435 0.482721 0.536935 0.618231 0.459192 0.446445 0.430312 0.518002 0.422114 0.416865 0.398246 0.396437 0.390001 0.382119 0.467794 0.556503 0.379871 0.377031 0.370818 0.365898 0.356226 0.34605 0.343769 0.3422 0.395528 0.337908 0.304127 0.312697 0.294329 0.293522 0.293235 0.29126 0.322421 0.369863 0.506258 0.289418
threshold=1778.3193825000005 350.55000000000007 1377.4500000000003 0 564.75000000000011 1.2013750000000003 1 2 28719.500000000004 3 4 1.3337450000000002 177.85000000000005 5 6 7 8 3398.6525210000004 9 26123.500000000004 10 32132.500000000004 11 12 13 14 35811.500000000007 15 16 32.500000000000007 17 18 19 904.45000000000016 20 21 22856.500000000004 5.5000000000000009 22 23 24544.500000000004 26209.500000000004 24 33670.500000000007 1.3824250000000002 2398.8040635000002 28093.500000000004 25 1939.4269815000005 1935.7000000000003 4267.0737870000003 1.2098750000000003 28448.500000000004 24660.000000000004 26 552.27200600000003 3.5000000000000004 29238.500000000004 27 1.0202700000000002 678.40000000000009 1.3021850000000001
decision_type=2 2 2 9 2 2 9 9 2 9 9 2 2 9 9 9 9 2 9 2 9 2 9 9 9 9 2 9 9 2 9 9 9 2 9 9 2 2 9 9 2 2 9 2 2 2 2 9 2 2 2 2 2 2 9 2 2 2 9 2 2 2
left_child=1 3 21 12 13 7 16 25 9 39 11 -8 56 47 18 36 17 -7 19 -11 38 22 31 24 26 -4 -23 28 29 -9 57 52 33 -25 54 -24 55 -14 61 40 -6 -42 -15 -36 -44 48 -39 -3 -28 -19 -51 -37 53 -2 -17 -5 -1 -22 59 -59 -61 -10
right_child=2 4 5 15 8 6 10 27 20 14 -12 -13 37 42 -16 34 -18 49 -20 -21 30 23 35 32 -26 -27 45 -29 -30 -31 -32 -33 -34 -35 43 51 -38 46 -40 -41 41 -43 44 -45 -46 -47 -48 -49 -50 50 -52 -53 -54 -55 -56 -57 -58 58 -60 60 -62 -63
leaf_value=-0.0057501549922480168 0.003537303904513232 -0.0012779646331402231 0.0013171032074494327 -0.0043247416603013076 -0.00015392735910990592 0.011913118921918795 0.00066275496661546648 -0.0065145256088932381 0.001312607196475963 -0.0033949296823532395 0.0020310158572252332 -0.0079281857190653688 -0.0037371028004281729 -0.0016708182283074293 -0.0011581777447413958 0.0011700873967811277 0.0026599889114528597 0.00093447789955070797 -0.001700788344696224 -0.010188920382689315 -0.0059512011015820983 0.00092033680264177282 -0.0020709186893317424 -0.0075717084844351733 0.0010620305127013235 0.0026877180368669166 0.0069597859125100185 0.0014934086109741054 0.00086261286824900092 -0.00048816508792321801 -9.1710075572077324e-05 0.0008160028761623906 0.00055578049901320009 -0.00078717417555595874 -0.0032002457633731082 -0.0003693448665189431 -0.003495593614409806 -0.0034552386357972866 5.3567901779092972e-05 -0.00059810390107011349 0.010021756584530757 0.0019182551813927214 -0.00069373933603862137 -0.0017499200788941953 0.0038165968150504805 0.0074833814706063914 -0.010176078738877551 -0.0028116873760796798 0.0016851153863643522 0.0083807790834433005 0.0039341929600891076 0.00070033553647072186 0.00083148016950444271 0.01045255186937509 -0.0015864893688623334 -0.0098537130122806176 -0.0092483625351451344 -0.00036509864566585006 -0.00075809469140762089 -0.0082924316271633051 -0.0020220546236286484 0.0047739337961315437
leaf_weight=153 38 618 1131 55 123 49 79 52 359 163 1605 34 528 1552 1097 117 1432 78 319 62 34 134 258 32 1327 1791 43 3141 1002 217 1703 494 1957 193 1164 2296 570 35 944 525 30 69 1514 736 46 78 49 1210 107 58 378 1087 33 30 437 46 109 77 726 56 76 72
leaf_count=153 38 618 1131 55 123 49 79 52 359 163 1605 34 528 1552 1097 117 1432 78 319 62 34 134 258 32 1327 1791 43 3141 1002 217 1703 494 1957 193 1164 2296 570 35 944 525 30 69 1514 736 46 78 49 1210 107 58 378 1087 33 30 437 46 109 77 726 56 76 72
internal_value=1.28144e-05 -0.00157138 0.00128439 -0.0031983 -0.000999191 0.00190331 0.00257163 0.00156466 -0.000566619 -0.00122977 0.00176845 -0.00181021 -0.00509939 -0.00156244 -0.00184213 -0.00264039 0.00323697 0.00462544 -0.00317105 -0.00507911 -0.000175111 0.000440884 6.109e-05 0.000856366 0.00154391 0.00216413 0.00322696 0.0011597 0.00032928 -0.00161318 -0.000589282 0.001489 0.000315184 -0.00170584 -0.00226327 -0.000176204 -0.00396084 -0.00425794 0.000629288 0.000138894 0.00182775 0.00444952 -0.00111531 -0.00262584 -0.000554828 0.00471358 -0.00744932 -0.00230392 0.00323327 0.00399874 0.00454354 -2.54626e-05 0.00437727 0.00669542 -0.000992878 -0.0069148 -0.00723515 -0.00145291 -0.00129868 -0.00298566 -0.00472456 0.00185755
internal_weight=34528 15374 19154 3999 11375 11047 3713 7334 6435 2388 1718 113 874 4940 1641 3125 1995 563 544 225 4047 8107 4236 3871 1689 2922 362 4412 1271 269 2672 595 2182 225 2454 3641 671 612 1375 747 222 99 3112 1900 1560 228 84 1828 150 514 436 3383 101 68 554 101 262 969 935 209 132 431
internal_count=34528 15374 19154 3999 11375 11047 3713 7334 6435 2388 1718 113 874 4940 1641 3125 1995 563 544 225 4047 8107 4236 3871 1689 2922 362 4412 1271 269 2672 595 2182 225 2454 3641 671 612 1375 747 222 99 3112 1900 1560 228 84 1828 150 514 436 3383 101 68 554 101 262 969 935 209 132 431
cat_boundaries=0 2 4 6 8 10 12 14 16 18 20 22 24 26 28 30 32 34 36 38 40 42 44 46 48 50 52 54 55
cat_threshold=1187908608 302174212 2233487083 2248929668 1981846093 1614922505 1074103048 1311515770 834666496 256 649399913 2651734028 121773068 411705424 100812808 570462232 2097760 1102996 550649984 285215488 1107346052 3765109361 805340160 2166358028 710545590 570997543 873496706 536872323 1490490772 1929924090 1489354890 53753065 2148025346 268566528 1216479235 3299479930 8913922 67125760 0 3120627841 134283456 1285562432 272891904 2751725570 1209014273 1770143875 1107330056 143139840 3666770083 277655072 339880360 583372556 128 526593 809894921
is_linear=0
shrinkage=0.05


Tree=59
num_leaves=63
num_cat=19
split_feature=3 3 3 3 2 0 2 0 5 2 2 2 4 2 0 2 2 6 4 4 9 5 9 3 5 4 5 6 3 0 2 4 2 3 6 7 2 4 9 2 11 2 2 4 4 9 6 5 5 5 3 3 2 8 6 6 4 6 9 9 4 6
split_gain=25.1776 5.70141 3.12324 1.40249 1.21475 1.06354 0.841624 0.749837 0.740129 0.585106 0.541789 0.534849 0.514383 0.512259 0.494169 0.483318 0.471454 0.463015 0.418564 0.439263 0.417497 0.406639 0.414104 0.948752 1.39096 0.40313 0.779197 0.3858 0.377806 0.370696 0.370153 0.367638 0.5007 0.366242 0.363734 0.363542 0.359092 0.358642 0.343197 0.337829 0.326745 0.312382 0.310127 0.302775 0.295636 0.29337 0.292593 0.286062 0.281937 0.276976 0.30559 0.271637 0.259484 0.259472 0.313807 0.364272 0.373451 0.403726 0.258808 0.282064 0.254081 0.280673
threshold=904.45000000000016 437.45000000000005 1735.45 239.45000000000002 0 1 2 3 1.2013750000000003 4 5 6 27033.500000000004 7 8 9 10 2.0009550000000007 27648.500000000004 24544.500000000004 34.500000000000007 0.9689350000000001 206.50000000000003 1950.8500000000001 1.0308100000000002 29458.500000000004 0.97063500000000014 1.8311250000000003 2793.0000000000005 11 12 37527.500000000007 13 2032.3500000000001 2.2151800000000006 5.5000000000000009 14 38900.000000000007 70.500000000000014 15 269.05373500000002 16 17 22439.500000000004 34687.500000000007 27.500000000000004 1.8121550000000002 1.3739000000000001 1.3137050000000003 0.99970500000000018 1516.6500000000003 265.35000000000008 18 1.5000000000000002 1.9960950000000002 1.96357 36845.000000000007 1.9118950000000001 141.50000000000003 160.50000000000003 29458.500000000004 2.5717900000000005
decision_type=2 2 2 2 9 1 9 1 2 9 9 9 2 9 1 9 9 2 2 2 2 2 2 2 2 2 2 2 2 1 9 2 9 2 2 2 9 2 2 9 2 9 9 2 2 2 2 2 2 2 2 2 9 2 2 2 2 2 2 2 2 2
left_child=1 3 7 4 18 12 51 9 10 34 21 -7 16 27 36 53 -3 -10 19 -1 25 -4 -23 24 -24 26 -15 46 30 52 33 49 37 -19 45 41 40 -33 -17 58 -6 47 -16 -44 -45 -2 -9 -32 -39 -11 -51 -5 -8 54 55 56 57 -14 -31 -60 61 -13
right_child=2 5 8 6 14 11 29 13 17 31 -12 60 15 20 42 38 -18 28 -20 -21 -22 22 23 -25 -26 -27 -28 -29 -30 39 35 32 -34 -35 -36 -37 -38 48 -40 -41 -42 -43 43 44 -46 -47 -48 -49 -50 50 -52 -53 -54 -55 -56 -57 -58 -59 59 -61 -62 -63
leaf_value=-0.0063816509182964059 -0.0015003294840463979 -0.0025930903625179546 0.0013443946144426388 -0.0046039857221610598 0.0028593791795881573 -0.00070712210276662889 0.0010142350990118476 0.0031535755060955323 0.0038908480656764778 -0.00029339394670234139 0.0012563540371005157 -0.00044779269203191666 -0.0086518882206665024 3.7060954001741392e-06 -0.0035055608481128469 -0.0013663686542882275 -0.00089915435418810212 0.0087054451376427609 -0.0053984277844376103 -0.01267309429195638 0.0010557182341128482 0.0023476889217967319 0.017470671602002826 0.0030237809338254976 0.002730081761837937 0.00056554282899727983 -0.007321230455285363 0.0016708608418748987 0.0042069083095877917 -0.0016081305606510594 0.00026408825989909183 0.0076336612016704129 0.00075670289427828082 0.0026730292434437837 -0.0019817362625378057 0.0027310450350662703 -0.0043526360376159165 0.0020336719279144652 -8.9389132120878414e-05 -0.0021756606231919167 -0.0027641437307465823 0.0016977129295543604 0.0029418481263990808 -0.0028469241309103561 7.415070250126041e-05 0.00019845155270699507 0.0084203805298205796 -0.0048761695259599948 0.007194456395753209 0.00049917577975011726 0.0020832013135205722 -0.0026861835840939737 -0.0011991817977550748 -0.0011595783504667672 -0.0016379213571270932 -0.0091615649132467235 0.0011373892767652352 -0.0014139038394205272 0.0054537470291008156 9.3530752659900544e-05 0.00078805477602912274 0.0039971483318367975
leaf_weight=69 286 983 704 207 35 2134 221 147 650 734 3045 886 38 100 226 724 766 46 219 51 2517 1090 30 260 34 254 56 1381 240 179 175 45 487 57 253 702 709 194 1919 1233 91 719 40 202 151 2219 32 31 30 1311 396 1841 299 1041 277 32 35 39 30 118 1472 36
leaf_count=69 286 983 704 207 35 2134 221 147 650 734 3045 886 38 100 226 724 766 46 219 51 2517 1090 30 260 34 254 56 1381 240 179 175 45 487 57 253 702 709 194 1919 1233 91 719 40 202 151 2219 32 31 30 1311 396 1841 299 1041 277 32 35 39 30 118 1472 36
internal_value=1.21467e-05 -0.00141536 0.00128911 -0.00265338 -0.00382134 -0.000709109 -0.00214527 0.000723911 0.00204722 0.000356026 0.00169924 -0.000133643 -0.00115413 0.00121197 -0.00311407 -0.00084784 -0.0018721 0.00273205 -0.00655249 -0.00913815 0.000811973 0.00231821 0.00281815 0.00438877 0.00980221 -0.000663558 -0.00265564 0.00194381 0.00234792 -0.00141188 0.00208775 0.000814802 0.00178016 0.00494905 -0.000178185 0.00186184 -0.00392974 0.00346694 -0.000437922 -0.00180384 -0.00110484 0.00122006 -0.00205945 -0.00110406 -0.00160072 3.97761e-06 0.00413668 -0.000504875 0.00275375 0.000518552 0.000867652 -0.00286818 -0.000261888 -0.00157433 -0.00263201 -0.00451976 -0.00312419 -0.00505102 -0.000323276 0.00120937 0.000379005 -0.000270095
internal_weight=34528 16303 18225 5921 1793 10382 4128 10442 7783 5955 5163 4528 5854 4487 1454 4105 1749 2620 339 120 2927 2118 1414 324 64 410 156 1560 1970 2080 1730 3197 756 103 2758 1627 835 269 2643 1560 126 925 619 393 353 2505 179 206 224 2441 1707 2048 520 1462 421 144 112 77 327 148 2394 922
internal_count=34528 16303 18225 5921 1793 10382 4128 10442 7783 5955 5163 4528 5854 4487 1454 4105 1749 2620 339 120 2927 2118 1414 324 64 410 156 1560 1970 2080 1730 3197 756 103 2758 1627 835 269 2643 1560 126 925 619 393 353 2505 179 206 224 2441 1707 2048 520 1462 421 144 112 77 327 148 2394 922
cat_boundaries=0 2 3 5 6 8 10 12 14 15 17 19 20 22 24 26 28 30 32 34
cat_threshold=79955008 302043140 1 1660571169 3057341196 1 366115609 3129561056 623414091 2374738688 598150217 126875785 712057396 1695567876 1 1246799394 2484705334 385236109 2550813569 4 149504 1088 1242038276 1056786 98464 2097280 134218050 134258768 1631584256 40980 1358981504 2099336 419438720 16778368
is_linear=0
shrinkage=0.05


Tree=60
num_leaves=63
num_cat=32
split_feature=3 3 3 2 0 4 1 3 0 2 0 1 9 2 1 2 2 1 1 1 5 2 1 4 2 5 8 0 1 2 1 1 3 5 2 9 9 2 1 3 4 4 4 11 2 1 5 9 1 9 2 1 4 4 4 5 4 11 5 2 9 2
split_gain=22.0629 4.47904 3.63976 1.38443 1.2133 0.778665 0.760094 0.685641 0.685637 0.713047 0.653167 0.637493 0.645767 0.626058 0.610834 0.687125 0.58847 0.543914 0.530949 0.502302 0.526772 0.51738 0.493834 0.886597 0.485414 0.542985 0.577785 0.480519 0.483189 0.473056 0.629351 0.51074 0.445783 0.422678 0.410052 0.407177 0.402575 0.401852 0.437815 0.391144 0.38753 0.459925 0.366388 0.359602 0.353506 0.43796 0.661462 0.345823 0.352984 0.409269 0.342126 0.325268 0.303211 0.300987 0.285515 0.422222 0.283058 0.309598 0.28219 0.273926 0.798809 0.263961
threshold=739.25000000000011 1845.5000000000002 350.55000000000007 0 1 28448.500000000004 2 177.85000000000005 3 4 5 6 207.50000000000003 7 8 9 10 11 12 13 1.0308100000000002 14 15 27033.500000000004 16 1.3619150000000002 5.5000000000000009 17 18 19 20 21 229.95000000000002 1.1601100000000002 22 242.50000000000003 132.50000000000003 23 24 546.75000000000011 27482.500000000004 23108.500000000004 29314.500000000004 1330.2338970000001 25 26 0.98190500000000014 168.50000000000003 27 221.50000000000003 28 29 31717.500000000004 36952.500000000007 27121.500000000004 0.91129000000000004 27205.500000000004 3069.2667360000009 0.97821500000000017 30 89.500000000000014 31
decision_type=2 2 2 9 1 2 9 2 1 9 1 9 2 9 9 9 9 9 9 9 2 9 9 2 9 2 2 1 9 9 9 9 2 2 9 2 2 9 9 2 2 2 2 2 9 9 2 2 9 2 9 9 2 2 2 2 2 2 2 9 2 9
left_child=2 4 3 7 14 6 13 36 18 11 34 12 -10 56 15 22 35 24 40 20 21 -7 23 -2 -11 26 -26 32 59 31 58 33 42 -12 -3 -16 -1 -8 -39 -13 41 -4 -5 -14 45 46 53 -20 49 -49 -22 -46 -36 -21 55 -32 57 -6 -31 60 -29 -34
right_child=1 10 8 27 5 19 37 -9 9 17 29 39 43 -15 16 -17 -18 -19 47 44 50 -23 -24 -25 25 -27 -28 28 -30 30 54 -33 61 -35 52 -37 -38 38 -40 -41 -42 -43 -44 -45 51 -47 -48 48 -50 -51 -52 -53 -54 -55 -56 -57 -58 -59 -60 -61 -62 -63
leaf_value=-0.0082823691431338411 -0.011413409369772361 0.00086719075286340237 -0.00079247344561566907 -0.0053577575368838571 -0.0023252489584108696 -0.0037797413705246644 -0.00062419376175466184 -0.0037230363487050209 -0.0024260186054663804 -0.001171016051605222 -0.0028050549506588142 -0.0020874059564671824 -0.0046336328321558541 -0.00083849179572169071 0.0027921121802355117 0.001096825153807158 0.0012209614323372574 -0.0011414191810480579 -0.00055170509238568861 0.0045160689217428789 -0.00038994301216400468 -0.00043480304831128194 -0.0001444830186084222 -0.0014644568598778716 0.00020275757504464311 0.0081210948350358639 0.0060818877635756517 0.0086252621786115924 -0.0023414080886752821 0.0015876531843569668 -0.0049051074983297097 0.0013877491517914175 -0.0030253675562633064 0.0014286907912464814 0.002454985625458398 0.0077572347338880528 -0.0046026203812204848 0.0020345294213038197 9.5590665044498175e-05 -0.00081219290388557424 -0.0010869342008812634 -0.0076352744544965394 -0.0029431103325312244 -0.010423249650297554 -0.00045970823363972131 0.0010600854372195335 0.0020715638900010878 0.0060675209638342935 0.00030763412144911481 5.3735086461529139e-05 0.00095111539572259997 0.00084626413256184063 0.0039188079828004485 0.011609191753743817 0.0015971196944883561 0.0005053950905121561 -0.0079904369842355473 -0.0077912601012353521 0.0029483699161246338 -0.00094764148369457218 -0.00080136765274418345 -0.0012790780137179026
leaf_weight=158 30 257 42 264 170 120 1340 802 740 230 143 1221 135 748 567 1355 1394 2605 1198 33 711 1068 341 82 255 30 49 31 786 509 41 1831 504 99 719 44 150 367 1287 1188 219 59 401 34 594 794 177 66 578 49 1408 2334 713 30 689 254 36 30 1565 351 75 474
leaf_count=158 30 257 42 264 170 120 1340 802 740 230 143 1221 135 748 567 1355 1394 2605 1198 33 711 1068 341 82 255 30 49 31 786 509 41 1831 504 99 719 44 150 367 1287 1188 219 59 401 34 594 794 177 66 578 49 1408 2334 713 30 689 254 36 30 1565 351 75 474
internal_value=-3.9252e-05 0.000922798 -0.00169743 -0.00294643 0.000441327 0.000179973 -0.000382349 -0.00446163 -0.00112335 -0.00138249 0.00198577 -0.00189522 -0.00303551 -0.0015791 0.00121198 0.000534381 0.00181074 -0.000836608 -0.000362751 0.000487717 3.12825e-05 -0.000811016 -0.0011341 -0.00386476 0.000566155 0.00176161 0.00116721 -0.00233876 -0.00160293 0.00170438 0.00210222 0.00110133 -0.00290837 -0.00103185 0.00283907 0.00311092 -0.00651098 1.65867e-05 0.000536414 -0.0014531 -0.00220942 -0.00482542 -0.00390831 -0.00585287 0.000866324 0.0016608 0.00351462 -3.7375e-05 0.000850731 0.0032477 0.000503818 0.000580594 0.00316398 0.00802236 0.00103002 -0.000260604 -0.00378459 -0.00317983 0.00260281 -0.00027338 0.0018385 -0.00222515
internal_weight=34574 21880 12694 3996 15060 11247 3978 1110 8698 6487 6820 3318 909 984 3813 1808 2005 3169 2211 7269 3307 1188 453 112 564 334 304 2886 1243 5131 3058 2073 1643 242 1689 611 308 2994 1654 2409 320 101 665 169 3962 1034 240 1891 693 115 2119 2928 1432 63 984 295 236 200 2074 457 106 978
internal_count=34574 21880 12694 3996 15060 11247 3978 1110 8698 6487 6820 3318 909 984 3813 1808 2005 3169 2211 7269 3307 1188 453 112 564 334 304 2886 1243 5131 3058 2073 1643 242 1689 611 308 2994 1654 2409 320 101 665 169 3962 1034 240 1891 693 115 2119 2928 1432 63 984 295 236 200 2074 457 106 978
cat_boundaries=0 2 3 5 6 8 9 11 13 15 17 19 21 23 25 27 29 31 32 34 36 38 40 42 44 46 48 50 52 54 56 58 60
cat_threshold=1187909184 2416693260 4 1900325889 868384 4 643231333 311314727 4 560333315 612530198 545341952 77654016 1364653993 2994754040 603980994 1459716228 275775684 3841994758 612417540 2688559117 344997953 2147500066 4108207480 2392543369 525312 524992 4227072 268439696 1344802816 1074799232 1 692074656 671097410 1372876944 906261693 3861400169 2764952324 3222814720 8409216 1355808772 134484160 176306732 784921771 2190082106 8388618 671650025 1075871848 33595904 1610613280 4197376 1207960064 1414819137 336266537 50340354 536871456 151007488 320 823157024 605028800
is_linear=0
shrinkage=0.05


Tree=61
num_leaves=63
num_cat=22
split_feature=11 11 11 2 11 11 5 0 2 2 0 9 2 5 11 0 6 2 4 4 4 5 2 2 4 11 2 9 5 2 9 4 9 6 6 5 6 9 2 2 9 4 9 0 5 2 9 0 0 5 4 2 4 2 6 2 9 6 6 9 5 2
split_gain=19.5563 3.9203 2.94372 1.33077 0.929954 0.748748 0.714581 0.695258 0.618034 0.571641 0.531725 0.496929 0.478683 0.484626 0.493074 0.467132 0.511898 0.472886 0.446891 0.417564 0.439186 0.404442 0.453872 0.396973 0.382472 0.379733 0.376079 0.35344 0.335929 0.338494 0.544585 0.332031 0.33005 0.465926 0.327956 0.38517 0.320899 0.319408 0.308455 0.306871 0.305894 0.506644 0.300557 0.299827 0.286303 0.275561 0.274895 0.265232 0.262958 0.251827 0.337638 0.24324 0.415851 0.241273 0.239647 0.230479 0.31858 0.259164 0.273997 0.563605 0.228663 0.226468
threshold=1562.6194880000003 2977.7966100000008 830.35675900000012 0 4608.2850500000004 422.67920450000003 1.2938500000000002 1 2 3 4 132.50000000000003 5 1.2674350000000001 378.27117800000008 6 2.1940450000000005 7 28273.500000000004 33088.500000000007 33271.500000000007 1.2991100000000002 8 9 35188.000000000007 1303.8253995000002 10 140.50000000000003 0.98363500000000015 11 217.50000000000003 28007.500000000004 36.500000000000007 1.8910950000000002 1.8311250000000003 1.3766550000000002 1.7908100000000002 184.50000000000003 12 13 132.50000000000003 40200.500000000007 62.500000000000007 14 1.0399600000000002 15 200.50000000000003 16 17 1.3715950000000003 33907.500000000007 18 28184.500000000004 19 2.2744050000000002 20 207.50000000000003 2.3485300000000007 1.8880650000000003 223.50000000000003 1.1601100000000002 21
decision_type=2 2 2 9 2 2 2 1 9 9 1 2 9 2 2 1 2 9 2 2 2 2 9 9 2 2 9 2 2 9 2 2 2 2 2 2 2 2 9 9 2 2 2 1 2 9 2 1 1 2 2 9 2 9 2 9 2 2 2 2 2 9
left_child=2 7 3 5 15 11 9 8 44 42 12 24 -5 14 -14 16 28 32 26 39 -21 38 37 40 -1 47 31 -10 -3 30 -30 -9 33 -17 36 61 -29 54 -20 -6 41 -12 -4 49 -2 -8 -18 -11 -44 50 -7 52 -46 -22 -23 -50 -57 58 59 -58 -19 -36
right_child=1 4 6 10 19 43 45 18 27 25 23 -13 13 -15 -16 17 46 60 21 20 53 22 -24 -25 -26 -27 -28 34 29 -31 -32 -33 -34 -35 35 -37 -38 -39 -40 -41 -42 -43 48 -45 51 -47 -48 -49 55 -51 -52 -53 -54 -55 -56 56 57 -59 -60 -61 -62 -63
leaf_value=-0.0092918348286160826 -0.00067799082651302876 0.00043051368755903682 -0.0023608793143562352 0.00063023861224351671 0.0031807780552406844 -0.0046244703356497219 -0.0014703600060449826 -0.0011073756838717633 0.0009275804917573369 -0.0015673824469231918 -0.0024618032764998515 -0.0040252879012566863 -0.0050451167459639873 -0.0013097268264745427 -0.002714507376460262 -0.0066877048730737331 -0.0009207546443569328 0.0017543013881550652 0.00056058474070886874 0.0086260064737871296 0.00069050917213971368 0.0017204535938828221 0.00057877692603458368 -0.00052033774396922808 -0.0042462007112759638 -1.9273353079963111e-05 -6.9234049490825414e-05 0.0028444494364298499 0.0022814465766020742 0.0011792368008091639 0.0088512024599100084 -0.0061411416705916917 0.0011632243955697445 0.000114650835557683 0.00022010444541202355 0.0073131784071231408 0.0077977418570834055 0.0080099166692009262 -0.00026948758874934306 0.0014670514953819525 -0.0012159574929887004 -0.0079879900982632538 -0.00039233984684716467 -0.0020730768741899384 -0.0063833312394337791 0.00041514692122687649 0.0012714577891892987 -0.00047904489458573251 -0.00076755674665621762 -0.0081833091222286002 -0.0019470523010871451 0.0011012561796795962 0.00043328928956646977 0.0030770704602855951 0.0064754067179819685 -0.0014588916114269333 -0.010099417018770641 -0.0070027125471304845 -0.0020066606089216067 -0.0013711189269088209 0.0028124645029147608 0.0024214245966396263
leaf_weight=122 585 1006 1036 117 343 316 223 948 792 1323 323 197 277 480 1290 32 501 1384 1967 33 142 163 720 818 58 1234 1922 97 471 1776 33 33 717 106 208 30 50 30 2568 1444 427 47 562 387 30 1118 199 972 549 32 191 710 80 1158 31 687 34 41 255 40 818 291
leaf_count=122 585 1006 1036 117 343 316 223 948 792 1323 323 197 277 480 1290 32 501 1384 1967 33 142 163 720 818 58 1234 1922 97 471 1776 33 33 717 106 208 30 50 30 2568 1444 427 47 562 387 30 1118 199 972 549 32 191 710 80 1158 31 687 34 41 255 40 818 291
internal_value=-3.74286e-05 0.000894548 -0.00155464 -0.00249729 0.00160637 -0.0038848 -0.000961074 0.000251703 0.000922794 -0.00117097 -0.00200241 -0.00579478 -0.00252022 -0.00269045 -0.00312945 0.0012877 0.000930695 0.00175274 2.15986e-05 0.00232508 0.00299552 0.000287334 0.00122832 -0.00131983 -0.00769846 -0.000724612 -0.000479865 0.00163502 0.00119215 0.00152787 0.00267531 -0.00126986 0.000723751 -0.00149947 0.00248541 0.00189846 0.00457055 0.00313904 9.1232e-05 0.00182358 -0.00210579 -0.00318342 -0.0016548 -0.00314368 0.000165195 9.28738e-05 -0.000296615 -0.00110685 -0.00132409 -0.00390711 -0.00362164 0.000768841 -0.00134535 0.00284607 0.00250958 -0.0016497 -0.00207981 -0.00328171 -0.00279818 -0.00546261 0.00213878 0.00155895
internal_weight=34574 21418 13156 5082 10163 1303 8074 11255 2873 6733 3779 377 2164 2047 1567 7043 3986 3057 8382 3120 1333 5479 944 1615 180 3529 2903 1468 3286 2280 504 981 855 138 676 529 147 224 4535 1787 797 370 3204 926 1405 1341 700 2295 2168 539 507 820 110 1300 194 1606 1057 370 329 74 2202 499
internal_count=34574 21418 13156 5082 10163 1303 8074 11255 2873 6733 3779 377 2164 2047 1567 7043 3986 3057 8382 3120 1333 5479 944 1615 180 3529 2903 1468 3286 2280 504 981 855 138 676 529 147 224 4535 1787 797 370 3204 926 1405 1341 700 2295 2168 539 507 820 110 1300 194 1606 1057 370 329 74 2202 499
cat_boundaries=0 2 3 5 7 8 10 11 13 15 17 19 21 23 25 26 28 29 30 32 34 36 38
cat_threshold=114167393 2449723396 4 1720729033 453874925 920870501 471746830 1 134283264 134217744 1 1925981186 3493068944 9469961 2170898 1343250450 556802793 713093928 604167328 18908032 153423872 774461750 1778833773 67240524 4390912 1 50364425 2216837120 1 4 67108864 32900 83886084 536870912 2314245 202375170 311296 1678926336
is_linear=0
shrinkage=0.05


Tree=62
num_leaves=63
num_cat=31
split_feature=3 3 3 2 3 0 1 0 3 0 2 1 2 1 9 1 1 2 2 2 1 5 6 9 0 1 2 2 1 2 1 5 2 5 5 3 9 9 11 9 1 2 2 3 11 3 2 6 1 9 1 5 9 6 5 2 6 9 11 11 1 9
split_gain=18.0729 3.71638 3.01861 1.1378 1.06453 0.654165 0.640416 0.610432 0.596253 0.580377 0.633447 0.634268 0.610418 0.571784 0.832547 0.50042 0.498359 0.479134 0.474433 0.464265 0.459041 0.422269 0.418489 1.14658 0.410229 0.431307 0.405901 0.399545 0.38288 0.530867 0.453756 0.552176 0.423881 0.384312 0.729975 0.382862 0.38106 0.374938 0.37442 0.373818 0.365775 0.348145 0.338919 0.351955 0.337415 0.34233 0.336972 0.477207 0.323188 0.319226 0.317067 0.313267 0.559626 0.330116 0.313181 0.312217 0.298203 0.288299 0.285503 0.284638 0.272706 0.251377
threshold=739.25000000000011 1318.2 350.55000000000007 0 2132.5000000000005 1 2 3 177.85000000000005 4 5 6 7 8 209.50000000000003 9 10 11 12 13 14 1.0741250000000002 2.4436050000000002 81.500000000000014 15 16 17 18 19 20 21 1.3489050000000002 22 1.0574750000000002 1.0169050000000002 229.95000000000002 246.50000000000003 64.500000000000014 4939.9119950000013 28.500000000000004 23 24 25 164.35000000000005 1343.4614645000004 475.05000000000007 26 1.8572450000000003 27 132.50000000000003 28 0.99617000000000011 73.500000000000014 1.3493750000000002 1.0308100000000002 29 2.2151800000000006 105.50000000000001 869.86961650000012 936.89215550000006 30 109.50000000000001
decision_type=2 2 2 9 2 1 9 1 2 1 9 9 9 9 2 9 9 9 9 9 9 2 2 2 1 9 9 9 9 9 9 2 9 2 2 2 2 2 2 2 9 9 9 2 2 2 9 2 9 2 9 2 2 2 2 9 2 2 2 2 9 2
left_child=2 5 3 8 7 16 18 46 49 12 11 21 13 14 37 26 27 -8 40 38 22 44 -12 -24 35 -26 -6 48 29 30 31 33 36 34 -9 41 61 -4 -17 -20 -7 -5 43 -27 45 -11 47 -3 -2 -1 -14 -45 -53 -54 -28 -18 -56 -19 -39 -23 -48 -30
right_child=1 4 9 24 15 6 17 28 -10 10 20 -13 50 -15 -16 19 55 57 39 -21 -22 59 23 -25 25 42 54 -29 32 -31 -32 -33 -34 -35 -36 -37 -38 58 -40 -41 -42 -43 -44 51 -46 -47 60 -49 -50 -51 -52 52 53 -55 56 -57 -58 -59 -60 -61 -62 -63
leaf_value=-0.0075721121995369544 -0.0035132668867635616 0.008090939934217287 -0.0067764129929451487 -0.0016622494586168244 0.0015772271775564032 -0.002511168560232542 0.00098990651839498821 -0.0012881121597572683 -0.0033727961136908271 -0.0044518051368262002 0.00068006587887770237 -0.00085230371431798844 -0.0014806713438098229 -0.0017720847824403982 -0.011651914696385331 0.00017753264619386756 0.00048432944131360142 -0.00082833131993057516 -0.0018659889157005716 0.0016022888320608025 -0.0003234991873046794 -0.0048665741658549784 0.012185824830521597 0.00052306627739675431 -0.0024748026866055635 0.0049887693856726402 0.0021217100181737075 0.00064967787248096853 0.00098438434691560804 0.0009810818607854739 0.00025808282323571172 -0.0082986362930833214 0.00085930268262083436 0.0003938465981967062 -0.009817325162657653 -0.0019908549264688676 0.0077421687411955535 -0.0058240689855489523 -0.0061389383660363298 -2.2978206265942278e-06 -0.00058439348882353352 -0.0043426007485353867 -0.0016129446836913076 -0.0025512184059047031 -0.0014801339469774958 -0.011225589448325704 -0.00016400764210489939 0.0026023182056285048 -0.0002653626951326969 -0.0042289858717321572 -0.00047514212133864758 0.0066124556037106532 0.0031718043700003857 -0.0015859624878341164 0.0040732017558080241 0.002035419847434018 0.0021963486455035953 0.0003382625195134882 -0.0002244790388828534 -8.0827034726944685e-05 0.0017656970872959828 0.0028461625075680095
leaf_weight=155 106 43 53 225 822 457 1706 118 832 41 305 1494 1524 1479 36 71 544 876 301 1409 1684 48 31 62 545 39 609 865 313 1879 847 30 1816 162 31 945 30 30 34 2467 566 457 363 85 30 37 223 430 243 142 1673 36 51 121 767 886 298 1336 86 85 1160 435
leaf_count=155 106 43 53 225 822 457 1706 118 832 41 305 1494 1524 1479 36 71 544 876 301 1409 1684 48 31 62 545 39 609 865 313 1879 847 30 1816 162 31 945 30 30 34 2467 566 457 363 85 30 37 223 430 243 142 1673 36 51 121 767 886 298 1336 86 85 1160 435
internal_value=-3.54188e-05 0.000835304 -0.00153619 -0.00267363 0.00145283 0.000147682 -8.51027e-05 0.00110162 -0.00403117 -0.00101338 -0.000551308 -0.0012529 -0.00137454 -0.00214603 -0.00461631 0.00211074 0.000826177 0.00036281 -0.000547507 0.00135946 3.94977e-05 -0.00359066 0.00154279 0.00449893 -0.00211638 -0.00143673 0.00255006 7.4011e-05 0.000843369 0.000459772 -0.000366193 -0.00187642 0.00128982 -0.00129244 -0.00311627 -0.00264618 0.00226873 -0.00332942 -0.00174207 -0.000204822 -0.00146269 -0.00354997 -0.00057647 0.000572167 -0.00604984 -0.00776643 0.00188845 0.00305289 -0.00132904 -0.00599327 -0.000957908 -1.12161e-05 0.00103401 -0.00016505 0.00301434 0.00145356 0.00355059 -0.000123342 -0.00171005 -0.00183144 0.00145571 0.00206946
internal_weight=34574 21880 12694 3996 11527 10353 7709 7517 1129 8698 3817 1735 4881 1684 205 4010 2644 3918 3791 1514 2082 241 398 93 2867 1240 2496 1214 5661 3067 1188 341 2594 311 149 1627 778 169 105 2768 1023 682 695 332 108 78 1856 473 349 297 3197 293 208 172 1674 1430 1065 2212 116 133 1383 748
internal_count=34574 21880 12694 3996 11527 10353 7709 7517 1129 8698 3817 1735 4881 1684 205 4010 2644 3918 3791 1514 2082 241 398 93 2867 1240 2496 1214 5661 3067 1188 341 2594 311 149 1627 778 169 105 2768 1023 682 695 332 108 78 1856 473 349 297 3197 293 208 172 1674 1430 1065 2212 116 133 1383 748
cat_boundaries=0 2 3 5 6 7 9 11 13 15 17 19 21 23 25 27 28 30 32 34 36 38 40 42 44 46 48 50 52 54 56 58
cat_threshold=1187909184 2953564164 4 4124839235 2383368865 4 1 1659309065 2256959565 16925184 9453602 68210277 403589414 543293442 16789524 2770340459 541708801 1405404873 2994754014 1846992219 1350795852 1518628352 2492041216 545275904 262144 16914432 675414029 1 1342324744 1375735193 64356358 3087553809 603980997 1160315008 3688797368 926449889 1154392324 1144152421 1082688512 84934656 336199776 1092817250 1615072258 2282569857 672210944 1075847312 154153224 75507009 678429260 159748 4194312 268435840 1343501665 1018070748 797079306 436916392 1048712 304091153
is_linear=0
shrinkage=0.05


Tree=63
num_leaves=63
num_cat=24
split_feature=3 3 3 2 3 2 5 0 2 9 3 2 5 2 0 9 2 6 2 9 2 6 2 6 8 9 5 9 9 5 3 2 6 2 11 2 9 2 9 6 2 5 6 2 2 9 5 2 0 0 2 2 8 5 6 5 5 11 9 5 6 2
split_gain=16.3272 4.12656 2.26144 1.02081 0.962207 0.765316 0.700118 0.531949 0.498203 0.465757 0.419457 0.408562 0.405864 0.452559 0.396897 0.424756 0.364767 0.349629 0.336744 0.335185 0.42507 0.320322 0.319482 0.485274 0.302663 0.289664 0.287643 0.304549 0.28225 0.279405 0.271164 0.404149 0.786526 0.257182 0.492613 0.253899 0.365627 0.24866 0.242968 0.249954 0.306161 0.25752 0.356916 0.245844 0.241984 0.240269 0.234774 0.232536 0.230925 0.229402 0.213488 0.211027 0.243565 0.447522 0.293259 0.232741 0.206502 0.300067 0.294956 0.34973 0.204638 0.31835
threshold=659.05000000000007 1318.2 256.85000000000008 0 2117.2500000000005 1 1.1028350000000002 2 3 132.50000000000003 525.6500000000002 4 1.1270350000000002 5 6 88.500000000000014 7 2.3156850000000007 8 27.500000000000004 9 2.5226750000000004 10 1.8910950000000002 4.5000000000000009 253.50000000000003 0.94643500000000003 238.50000000000003 127.50000000000001 1.2369850000000002 767.85000000000002 11 2.0330750000000006 12 1441.2121425000003 13 83.500000000000014 14 153.50000000000003 2.0448250000000008 15 1.1921950000000001 1.8043250000000002 16 17 157.50000000000003 1.3928125510204084 18 19 20 21 22 3.5000000000000004 1.0950950000000002 2.2487100000000004 1.3796150000000003 1.3137050000000003 401.36682250000007 95.500000000000014 1.2114250000000002 2.196895 23
decision_type=2 2 2 9 2 9 2 1 9 2 2 9 2 9 1 2 9 2 9 2 9 2 9 2 2 2 2 2 2 2 2 9 2 9 2 9 2 9 2 2 9 2 2 9 9 2 2 9 1 1 9 9 2 2 2 2 2 2 2 2 2 9
left_child=2 6 3 9 7 14 11 22 28 21 29 19 13 26 15 -4 60 47 24 20 -2 56 23 -3 -5 -18 -6 -28 -8 -7 31 32 -21 34 -16 36 -24 -31 39 40 41 -10 -43 -41 45 -40 -35 -14 -49 -13 -51 55 -53 54 -54 -12 57 58 -1 -60 -9 -62
right_child=1 4 5 18 12 10 8 16 38 -11 51 49 17 -15 33 -17 25 -19 -20 30 -22 -23 35 -25 -26 -27 27 -29 -30 37 -32 -33 -34 46 -36 -37 -38 -39 44 43 -42 42 -44 -45 -46 -47 -48 48 -50 50 -52 52 53 -55 -56 -57 -58 -59 59 -61 61 -63
leaf_value=-0.01293590941466391 -0.0044432562854939813 0.0094837565220997587 -0.0021351983217965755 0.0024813731207551674 0.0012560138614222452 -0.0022976928576782965 -0.00069782639687074668 0.00059557193637376545 0.0055540004381327765 -0.0033217508758178792 -0.00061370793214653423 -0.00029875268366018473 0.00030926434510861173 0.0010999357175380583 0.00048771290954502952 -0.00067777071069252627 0.0011330213693218549 0.00069275287426427993 -0.0024329509778394762 -0.0095132487717571428 -0.0010610706410347623 -0.0041284717963949924 -0.0051174044056097046 0.0027501660908250038 -0.0033155752384724717 0.0054223004647064961 0.0031081220993915588 0.0077626377701744791 0.00033267205137379238 -0.00017353955570981498 -0.00018734445062543203 -0.00062172083136288313 -0.0012596514382060612 -0.0003277854998213767 0.0072763267334002811 0.0016605190998921959 0.0010876962799434172 -0.001910977505101963 0.0057370704047137967 0.0017275241675872932 0.00051289814107985745 0.0057962176506407559 0.00047895483306570151 -0.00054833404608903801 0.00068603097527548723 0.0018182373279208722 -0.0047272097770004505 0.0039343241901133716 0.0025657476982631484 -5.1379002112966551e-05 0.0012102344606069321 -0.00085828688996525664 -0.003166827347558865 -0.00072122921754582921 -0.0079555812600962637 0.0035604401722749961 -0.0033095718329099731 -0.0053587926776854549 -0.0040142639860987848 -0.011133612903491172 -0.0023727005533689849 0.00026718541169886903
leaf_weight=39 112 30 777 70 200 2458 1053 2164 57 376 732 1672 105 1684 195 1403 2808 228 1157 43 486 178 34 211 32 39 335 39 1797 345 1883 416 85 1411 30 1473 73 543 41 132 825 40 138 690 720 633 30 433 1120 678 659 499 161 180 40 34 35 90 40 32 148 403
leaf_count=39 112 30 777 70 200 2458 1053 2164 57 376 732 1672 105 1684 195 1403 2808 228 1157 43 486 178 34 211 32 39 335 39 1797 345 1883 416 85 1411 30 1473 73 543 41 132 825 40 138 690 720 633 30 433 1120 678 659 499 161 180 40 34 35 90 40 32 148 403
internal_value=-3.38728e-05 0.000702757 -0.00163649 -0.0031329 0.00138054 -0.00128924 6.01972e-05 0.00103805 0.000436695 -0.00455371 -0.0016979 -0.00032205 0.00199033 0.00153682 -0.000752137 -0.00119797 0.000794952 0.00253218 -0.00218498 -0.000730968 -0.00179278 -0.00577162 0.0017797 0.00348028 0.000590828 0.00118949 0.00274751 0.00361289 -4.80128e-05 -0.00202285 -0.000471724 -0.00145392 -0.00379074 -0.000172897 0.00136084 0.00148686 -0.00083576 -0.00126036 0.000855794 0.000487407 0.000994472 0.00254615 0.00169955 -0.000166885 0.00135857 0.00203463 -0.000419681 0.00278455 0.00293075 9.12728e-05 0.000579564 -0.00104683 -0.00157002 -0.00253861 -0.00415448 -0.000418575 -0.00698829 -0.00760931 -0.00936991 -0.00728759 0.00037519 -0.000483052
internal_weight=34574 23687 10887 2049 11527 8838 12160 7383 6126 790 4992 6034 4144 2258 3846 2180 5562 1886 1259 3025 598 414 1821 241 102 2847 574 374 2850 3346 2427 544 128 1666 225 1580 107 888 3276 1882 1060 235 178 822 1394 674 1441 1658 1553 3009 1337 1646 880 381 201 766 236 201 111 72 2715 551
internal_count=34574 23687 10887 2049 11527 8838 12160 7383 6126 790 4992 6034 4144 2258 3846 2180 5562 1886 1259 3025 598 414 1821 241 102 2847 574 374 2850 3346 2427 544 128 1666 225 1580 107 888 3276 1882 1060 235 178 822 1394 674 1441 1658 1553 3009 1337 1646 880 381 201 766 236 201 111 72 2715 551
cat_boundaries=0 2 4 5 7 9 11 12 14 16 18 20 22 24 26 28 30 31 33 35 36 37 39 41 43
cat_threshold=1170624064 2450184197 419484570 1226868115 4 2141279488 2513034420 294019663 127890858 538970696 71369216 1 1121331100 1951821101 134283296 67108864 16908288 100728960 1049156 28672 16384 8913160 134218242 134217746 2050 1342177408 1613768708 33557004 4194883 1073872898 32908 1835093 2105673 22151168 134217728 4 1 104924544 1478492241 547037217 2248151656 8396808 67379232
is_linear=0
shrinkage=0.05


Tree=64
num_leaves=63
num_cat=21
split_feature=3 3 3 1 0 4 3 4 1 0 1 1 1 0 9 11 1 1 4 0 4 9 1 3 1 11 9 3 1 11 4 1 9 8 4 6 6 6 3 9 11 4 3 4 4 1 9 9 1 3 0 9 1 11 9 6 9 3 1 3 1 9
split_gain=14.7773 3.07763 2.51416 1.08121 0.919296 0.712443 0.619404 0.614833 0.580831 0.555327 0.53093 0.514886 0.489287 0.483475 0.475936 0.482298 0.475859 0.372622 0.369733 0.332637 0.328947 0.328355 0.379352 0.396715 0.327571 0.326088 0.319741 0.287546 0.326879 0.270336 0.2631 0.267898 0.289491 0.256676 0.251191 0.299059 0.52904 0.304341 0.23915 0.23862 0.376993 0.237722 0.237442 0.234456 0.229911 0.277418 0.33936 0.2298 0.226447 0.239454 0.223393 0.397112 0.255343 0.38252 0.217611 0.282478 0.207288 0.321033 0.258511 0.308279 0.203817 0.277012
threshold=739.25000000000011 1921.8500000000001 306.75000000000006 0 1 31199.500000000004 1099.3500000000001 29882.500000000004 2 3 4 5 6 7 73.500000000000014 240.082596 8 9 28184.500000000004 10 38365.500000000007 132.50000000000003 11 1735.45 12 1405.1039950000002 28.500000000000004 88.15000000000002 13 5137.623195000001 34247.500000000007 14 21.500000000000004 5.5000000000000009 29238.500000000004 2.2122250000000006 2.2419300000000004 1.8161500000000002 2117.2500000000005 155.50000000000003 3991.7598750000006 22113.500000000004 2229.4000000000005 17019.500000000004 31485.500000000004 15 78.500000000000014 228.50000000000003 16 201.55000000000004 17 106.50000000000001 18 1239.8225265000003 77.500000000000014 1.9611150000000002 189.50000000000003 1798.0500000000002 19 1623.8500000000001 20 141.50000000000003
decision_type=2 2 2 9 1 2 2 2 9 1 9 9 9 1 2 2 9 9 2 1 2 2 9 2 9 2 2 2 9 2 2 9 2 2 2 2 2 2 2 2 2 2 2 2 2 9 2 2 9 2 1 2 9 2 2 2 2 2 9 2 9 2
left_child=2 4 3 14 12 11 16 10 -7 48 33 25 44 29 18 -16 34 39 26 60 -17 -14 23 -23 42 -4 -1 -11 -29 54 -19 -32 -33 38 35 37 -37 -6 -3 40 41 -8 -15 -24 45 46 -2 -45 49 -5 51 -10 53 -53 -9 -56 -41 58 59 -58 61 -13
right_child=1 7 5 9 6 8 17 13 50 27 -12 19 21 24 15 20 -18 30 -20 -21 -22 22 43 -25 -26 -27 -28 28 -30 -31 31 32 -34 -35 -36 36 -38 -39 -40 56 -42 -43 -44 47 -46 -47 -48 -49 -50 -51 -52 52 -54 -55 55 -57 57 -59 -60 -61 -62 -63
leaf_value=-0.0047129443270109948 -0.0071644098540174688 -0.001923722573649554 -0.0022698805891757717 0.0041638299784794146 -0.0043466778077085374 -0.0013337698232970885 -0.0024250172452390307 0.0012001374549702696 -0.00084901140976904172 -0.0063462233778251251 0.0014139980832246265 -0.001543402810573518 0.00089277505117995096 0.0015776440088594648 -0.0057962016488818345 -0.0032200969018001697 0.0002316853726182222 0.00045987961830015766 -0.0043913469843491013 -0.00030893937251132142 -3.9199065485254232e-05 0.0026868533323913049 -0.0028645599633984439 0.0077301698379478485 0.0013404431150773977 -0.0004418657468942442 -0.010657590386749766 -0.0011584224171044192 -0.0028414049082807814 0.0044567335040906486 0.0024010273991650895 -0.0017468067923603944 0.0011026417768950378 -0.0035805688186316778 -0.00031649472521618052 -0.0087168286412229977 -0.0015440592704395895 -0.00074397413189045819 0.0009211648890036716 0.0018851047876193084 -0.0055290370525137803 -0.00012027380169132185 0.0031739836573637008 0.0019144589466530135 0.00085921020264624831 0.0001136395537397707 -0.0012005909627018428 -0.00014630206331441348 -0.0010440304194007867 -0.00067424115334654717 -0.00042919348350671586 0.0017742275451180631 0.00074589389198853866 0.0083945219310408003 0.0051705118854442848 0.0023079424058897019 -0.00095462866258767863 0.0032313877518580698 0.00037127657043761704 -0.0065319049192647293 -0.0016124740481521732 0.0034885006921118776
leaf_weight=41 30 111 1834 48 62 1672 126 201 323 45 2219 61 1433 385 159 476 2776 2893 175 1128 98 466 32 42 1678 282 58 480 974 274 385 96 1113 60 1642 35 92 858 216 219 36 941 603 593 652 458 106 175 413 53 2467 71 404 31 127 275 93 66 278 33 1353 48
leaf_count=41 30 111 1834 48 62 1672 126 201 323 45 2219 61 1433 385 159 476 2776 2893 175 1128 98 466 32 42 1678 282 58 480 974 274 385 96 1113 60 1642 35 92 858 216 219 36 941 603 593 652 458 106 175 413 53 2467 71 404 31 127 275 93 66 278 33 1353 48
internal_value=-3.22982e-05 0.000755043 -0.00138935 -0.0026486 0.000384246 -0.000996009 0.000161502 0.00170344 -0.000578215 -0.00194395 0.00111977 -0.00143685 0.00104015 0.00213231 -0.00399497 -0.00336139 -0.000227701 0.000500232 -0.00581679 -0.000950773 -0.00267803 0.00141145 0.00198936 0.00305811 0.00179605 -0.00201706 -0.00826741 -0.00243966 -0.00231448 0.00315131 0.000742686 0.00126001 0.000867953 -0.000587887 -0.000700118 -0.00130756 -0.00357346 -0.000991221 -4.74517e-05 -0.000110452 -0.000566893 -0.000394452 0.00252859 0.0012539 0.000209866 -0.000499602 -0.00238476 0.0014453 -0.000534078 0.0014966 -0.000190025 0.000519079 0.00139234 0.00350769 0.00255173 0.00322287 0.000618413 2.54396e-05 -0.00050499 -0.00227606 -0.00145193 0.000627046
internal_weight=34574 21880 12694 3020 15731 9674 11744 6149 4968 2013 2606 4706 3987 3543 1007 733 5465 6279 274 2590 574 2741 1308 508 2666 2116 99 1499 1454 877 4487 1594 1209 387 2689 1047 127 920 327 1792 1103 1067 988 800 1246 594 136 768 514 101 3296 829 506 102 603 402 689 470 404 126 1462 109
internal_count=34574 21880 12694 3020 15731 9674 11744 6149 4968 2013 2606 4706 3987 3543 1007 733 5465 6279 274 2590 574 2741 1308 508 2666 2116 99 1499 1454 877 4487 1594 1209 387 2689 1047 127 920 327 1792 1103 1067 988 800 1246 594 136 768 514 101 3296 829 506 102 603 402 689 470 404 126 1462 109
cat_boundaries=0 2 3 5 6 8 10 12 13 15 17 18 20 22 24 26 28 30 31 33 35 37
cat_threshold=1473265728 2491977908 4 605955683 68967429 4 2148549640 2350907393 3610656809 2760405622 289850152 2994753776 4 1976315744 2920239780 1507771393 202899457 1 747110464 69739264 6309481 738918912 2818867376 1226852416 69216770 536871680 16777224 2415919120 13312 16777728 4 16777216 1073873472 8912897 67108864 536903684 2048
is_linear=0
shrinkage=0.05


Tree=65
num_leaves=63
num_cat=35
split_feature=3 3 3 3 2 4 7 1 2 2 1 4 1 1 2 4 2 1 8 5 1 2 4 1 1 2 2 1 4 2 0 1 1 0 1 7 5 1 2 1 8 1 2 4 2 2 4 5 1 4 3 7 2 4 11 1 5 4 5 0 1 8
split_gain=13.6217 3.3676 1.90237 1.22642 0.962442 0.703377 0.652413 0.662639 0.714699 0.649023 0.648405 0.955772 0.612961 0.59276 0.635781 0.590274 0.480572 0.553793 0.532851 0.460644 0.555219 0.529921 0.461469 0.460928 0.459858 0.571518 0.459848 0.446327 0.434074 0.43314 0.522324 0.409918 0.409644 0.411289 0.407001 0.466949 0.847682 0.405061 0.392443 0.37748 0.856076 0.376108 0.367375 0.527424 0.347497 0.345264 0.341392 0.334431 0.312592 0.304003 0.301277 0.296778 0.293872 0.29083 0.289364 0.28849 0.282153 0.279242 0.346691 0.516565 0.279137 0.260695
threshold=948.35000000000002 458.55000000000007 1921.8500000000001 229.95000000000002 0 31875.500000000004 4.5000000000000009 1 2 3 4 38900.000000000007 5 6 7 24986.500000000004 8 9 4.5000000000000009 1.2888900000000001 10 11 24878.500000000004 12 13 14 15 16 37232.500000000007 17 18 19 20 21 22 4.5000000000000009 1.0290000000000001 23 24 25 1.5000000000000002 26 27 29618.500000000004 28 29 36653.500000000007 1.3311650000000002 30 31647.500000000004 640.25000000000011 7.5000000000000009 31 23243.000000000004 4532.4828560000014 32 1.3554650000000004 33984.000000000007 1.3532150000000003 33 34 1.0000000180025095e-35
decision_type=2 2 2 2 9 2 2 9 9 9 9 2 9 9 9 2 9 9 2 2 9 9 2 9 9 9 9 9 2 9 1 9 9 1 9 2 2 9 9 9 2 9 9 2 9 9 2 2 9 2 2 2 9 2 2 9 2 2 2 1 9 2
left_child=1 3 6 4 -1 19 24 38 12 10 11 47 -9 16 39 32 17 -7 -19 21 22 37 -21 44 25 48 -26 45 34 31 55 54 33 -4 35 36 -6 -3 -8 40 -15 46 43 -22 -23 -11 -32 -5 -2 -10 -24 61 -39 -50 -17 -31 -28 58 60 -60 -40 -46
right_child=2 5 15 9 28 13 7 8 49 27 -12 -13 -14 14 -16 29 -18 18 -20 20 42 23 50 -25 26 -27 56 -29 -30 30 41 -33 -34 -35 -36 -37 -38 52 57 -41 -42 -43 -44 -45 51 -47 -48 -49 53 -51 -52 -53 -54 -55 -56 -57 -58 -59 59 -61 -62 -63
leaf_value=-0.0014429455761820966 0.00013670367082919586 -0.0011730160631461739 -0.0048313903057646719 -0.00049072174544901009 -0.0045434206944297657 -0.00027175064258093092 0.00090351300116492557 0.0010956223550205582 0.00025779624321542845 -0.0014871205324303929 -0.0011343379871178601 0.0080828022525605298 0.0034128680517443409 -0.0086010351965782206 -1.8108548119771576e-05 0.00025686249160431683 0.00011903528939409704 0.0039494877487435054 -0.00024870146888347603 -0.0005868643833223143 -0.0011639903065969986 -0.0012376973105269965 0.0072355584709439431 -0.0010839640994535367 -0.00013367510309350897 2.1585782872070946e-05 0.00090647755484795322 -0.0014998015808634453 -0.0022296858636678962 0.0024098993865230753 0.0020517722924289828 0.001370772359637574 0.0010217172505958894 0.0014222994065170901 -0.0036383445834508167 -0.0045189318776776731 -0.013340133546370129 0.0016564915421598408 -0.0018332547787515551 -0.00099699746342733135 -0.0016774046284836618 0.0031041545173615221 -5.7313158199250105e-05 -0.0088512907482518437 -0.0056901059258962052 -0.0036072597979155993 -0.0036936079168964813 0.0049154129870602808 -0.0068920685548154231 0.0014510070911452498 0.0023603661591471833 -0.0064706520631557102 -0.00024385327572010071 -0.0024578595738623536 -0.0049383673751119371 0.0011868566383075559 0.0047872669290275859 0.00066977310011338115 -0.0073670164276033283 0.00031881209082401749 0.00029366338829646155 -0.0022833212313410995
leaf_weight=634 110 978 63 214 54 229 1455 549 1049 358 1449 45 672 61 1725 64 1904 298 101 83 81 319 49 1803 1600 1242 2050 2133 255 875 69 1006 1243 44 559 110 58 260 238 578 162 1474 713 30 71 597 40 32 44 1087 91 76 810 224 45 1263 47 438 47 40 403 271
leaf_count=634 110 978 63 214 54 229 1455 549 1049 358 1449 45 672 61 1725 64 1904 298 101 83 81 319 49 1803 1600 1242 2050 2133 255 875 69 1006 1243 44 559 110 58 260 238 578 162 1474 713 30 71 597 40 32 44 1087 91 76 810 224 45 1263 47 438 47 40 403 271
internal_value=4.52262e-06 -0.000994823 0.000987291 -0.00189246 -0.00306039 -0.000449218 0.000601195 0.000959533 0.00142337 -0.00148792 -0.000701097 0.00141892 0.00239005 -2.11677e-05 -0.000561825 0.00169205 0.000518388 0.00170627 0.00281836 -0.000833365 0.000112885 -0.00104928 0.0022634 -0.00153028 0.000198204 -0.000502497 0.000505292 -0.00192241 -0.00399543 0.00195011 0.00221036 0.00105116 0.00076686 -0.00207801 -0.00461946 -0.00660325 -0.0091766 -0.000442646 0.000358333 -0.00171664 -0.00344736 0.00290521 -0.000492613 -0.00303145 -0.00259015 -0.00283847 -6.51155e-05 0.000229569 -0.0021764 0.000861379 0.0041059 -0.00356408 0.00023007 -0.00309377 -0.00175391 0.00170511 0.000990975 -0.00032406 -0.000926542 -0.00386984 -0.000521657 -0.0030051
internal_weight=34672 17191 17481 6498 1670 10693 11295 5978 3357 4828 1740 291 1221 5058 2526 6186 2532 628 399 5635 1047 4588 223 2540 5317 1620 3697 3088 1036 4836 3721 1115 1350 107 781 222 112 2048 2621 801 223 1583 824 111 737 955 109 246 378 2136 140 418 1070 268 109 2138 2097 1166 728 87 641 342
internal_count=34672 17191 17481 6498 1670 10693 11295 5978 3357 4828 1740 291 1221 5058 2526 6186 2532 628 399 5635 1047 4588 223 2540 5317 1620 3697 3088 1036 4836 3721 1115 1350 107 781 222 112 2048 2621 801 223 1583 824 111 737 955 109 246 378 2136 140 418 1070 268 109 2138 2097 1166 728 87 641 342
cat_boundaries=0 2 4 6 8 10 12 14 16 18 20 22 24 26 28 30 32 34 36 37 39 41 42 44 46 48 50 52 54 56 58 60 62 64 65 67
cat_threshold=1748210336 1151346002 3335967267 1008093890 1700798528 1101476881 151032278 1073786864 8392708 805971968 807411968 1096909077 755034756 3782092634 1489023523 84803736 1241518089 3833725074 671097344 19013696 25216000 134222465 1213065534 57083508 118621184 2551078930 2969730056 2030113200 8651778 1344913732 1196833150 780309676 279203969 604672130 1355956240 704914353 1 2147500033 8519680 1048576 2490368 1 1146118144 8388612 514592229 1275253533 544256222 731971424 269095939 301991968 277096448 1048576 138412040 2228288 612500545 403177603 880806920 294666241 143360 1610612864 368642 33555520 69225000 541807232 1 9732130 201327104
is_linear=0
shrinkage=0.05


Tree=66
num_leaves=63
num_cat=28
split_feature=3 3 3 3 2 4 9 1 2 1 4 1 2 2 1 4 4 2 1 6 6 1 2 1 5 1 2 4 5 1 5 1 1 3 4 1 2 9 5 5 9 1 2 4 5 2 5 1 0 4 5 1 5 5 2 2 5 7 10 3 4 4
split_gain=12.3063 3.04327 1.72108 1.10931 0.869926 0.635673 0.602475 0.622832 0.58659 0.620227 0.827522 0.534871 0.553989 0.53066 0.604682 1.06751 0.524471 0.515314 0.635839 0.438722 1.1804 0.426249 0.420274 0.418567 0.414904 0.511967 0.4848 0.438448 0.480983 0.414771 0.411949 0.409414 0.405482 0.399134 0.396486 0.381036 0.610447 1.00194 0.369552 0.405238 0.385542 0.365466 0.338662 0.465089 0.33018 0.32926 0.322653 0.308139 0.306729 0.761159 0.305783 0.300485 0.492422 0.969469 0.2982 0.289343 0.27218 0.257886 0.255876 0.277385 0.394117 0.280477
threshold=948.35000000000002 458.55000000000007 1935.7000000000003 229.95000000000002 0 31798.500000000004 142.50000000000003 1 2 3 38900.000000000007 4 5 6 7 22985.000000000004 24986.500000000004 8 9 2.2248350000000001 2.2969050000000002 10 11 12 1.2863050000000003 13 14 26691.000000000004 1.3619150000000002 15 1.2464850000000001 16 17 2762.8000000000006 38043.000000000007 18 19 47.500000000000007 1.2299700000000002 1.2600850000000003 190.50000000000003 20 21 28982.500000000004 1.3188950000000002 22 0.93773000000000006 23 24 26123.500000000004 1.3216450000000004 25 1.2488900000000001 0.98911500000000008 26 27 1.3382450000000004 7.5000000000000009 1.0000000180025095e-35 744.85000000000002 34507.500000000007 37527.500000000007
decision_type=2 2 2 2 9 2 2 9 9 9 2 9 9 9 9 2 2 9 9 2 2 9 9 9 2 9 9 2 2 9 2 9 9 2 2 9 9 2 2 2 2 9 9 2 2 9 2 9 1 2 2 9 2 2 9 9 2 2 2 2 2 2
left_child=1 3 6 4 -1 24 13 54 9 10 44 22 51 14 15 -2 23 18 -9 38 -21 -15 29 46 26 27 47 -26 50 58 33 45 -28 35 41 36 37 -18 -20 -40 -41 48 43 -27 -5 -10 -4 -3 49 -6 -29 52 53 -13 -8 -32 -17 -22 59 -7 -61 -62
right_child=2 5 16 8 34 11 7 17 31 -11 -12 12 -14 21 -16 56 30 -19 19 20 57 -23 -24 -25 25 42 32 28 -30 -31 55 -33 -34 -35 -36 -37 -38 -39 39 40 -42 -43 -44 -45 -46 -47 -48 -49 -50 -51 -52 -53 -54 -55 -56 -57 -58 -59 -60 60 61 -63
leaf_value=-0.0013720286931200025 -0.008382779580291785 -0.0011005222152439625 -0.0064508679377468072 -0.00056073925066240401 -0.012564087200444191 0.0020620191008377579 -0.0005508186151937834 0.00072725056728567159 -0.0015632371508592152 -0.0010589853956418712 0.0077086785310909725 -9.6173067962104872e-05 -4.8642318716768336e-05 0.0012798346837616691 5.3928147864280976e-05 -0.0006243166781238214 -0.010571706924970533 0.00091428997821125157 0.0016514026919703215 0.013130297525547063 0.0045976425903618444 0.00016813325521624516 -1.690170726112267e-05 0.0010165498913340023 9.0012552429566547e-05 -0.001173685268787015 -0.0021533830489933047 0.0059837356597199692 0.0094793004474280785 0.00032414255954776855 0.00082872649365055154 -0.0013584907190923351 -0.0008848096694690586 0.0027472666176355078 -0.0019334624373401642 0.0018368501621243893 0.0010310773501438022 -6.9895153865218168e-05 0.0082337603657506413 0.0015402410550522444 0.0069930272381235328 -0.0031701806260929378 -6.355939634010099e-05 -0.0083816524741480193 0.005038124744615128 -0.0033777359128694799 -0.00058014460842928254 0.00018569588529616278 -0.004200338400551118 -0.0052509384541361429 -0.0004309239838039503 -0.0012380586185041611 0.00065585510210439688 -0.011989774444227805 0.00079600483316025433 0.0030554670678521832 -0.0055197635334127797 -0.0010069120149637457 0.00055417825210462288 0.0098996013333817259 -5.3182188767587417e-05 0.005709590470217461
leaf_weight=634 56 821 31 174 49 201 759 461 519 1549 45 30 1648 1546 2395 343 30 2300 367 38 58 1959 1710 1199 113 82 1141 31 33 541 205 1868 1517 627 219 1726 1123 85 49 119 44 474 730 30 30 643 88 1056 159 135 44 650 31 39 872 940 30 31 128 31 36 50
leaf_count=634 56 821 31 174 49 201 759 461 519 1549 45 30 1648 1546 2395 343 30 2300 367 38 58 1959 1710 1199 113 82 1141 31 33 541 205 1868 1517 627 219 1726 1123 85 49 119 44 474 730 30 30 643 88 1056 159 135 44 650 31 39 872 940 30 31 128 31 36 50
internal_value=4.17161e-06 -0.000945697 0.000938283 -0.00179901 -0.00290978 -0.00042703 0.000577087 0.000981559 -0.00141427 -0.000685111 0.00158712 -2.2915e-05 -0.000564815 0.000251182 -0.000258887 -0.00196295 0.00161984 0.00135889 0.00221842 0.00316603 0.00586814 0.000660957 0.00045933 0.000736895 -0.000794764 9.42678e-05 -0.00100313 0.0021752 0.00453563 0.0012755 0.00186535 -0.00183826 -0.001436 0.00160117 -0.00379874 0.00135788 0.000668941 -0.00264868 0.00261883 0.00427795 0.00304582 -0.00434221 -0.000474027 -0.00290445 0.000283183 -0.00258956 -0.00198508 -0.00038003 -0.00569036 -0.00725585 0.00226432 -0.00168192 -0.00415842 -0.00689389 0.000169758 0.00269176 -0.00103176 0.002656 0.00239393 0.00320544 0.00513567 0.00332438
internal_weight=34672 17191 17481 6498 1670 10693 11427 5098 4828 1798 249 5095 2398 6329 2824 429 6054 3467 1167 706 127 3505 2697 1318 5598 1063 4535 221 108 987 4736 3030 2658 3591 1036 2964 1238 115 579 212 163 817 842 112 204 1162 119 1877 343 184 75 750 100 69 1631 1145 373 89 446 318 117 86
internal_count=34672 17191 17481 6498 1670 10693 11427 5098 4828 1798 249 5095 2398 6329 2824 429 6054 3467 1167 706 127 3505 2697 1318 5598 1063 4535 221 108 987 4736 3030 2658 3591 1036 2964 1238 115 579 212 163 817 842 112 204 1162 119 1877 343 184 75 750 100 69 1631 1145 373 89 446 318 117 86
cat_boundaries=0 2 4 6 8 10 12 14 16 18 20 22 24 26 28 30 32 34 36 38 40 42 44 46 48 49 51 53 55
cat_threshold=1748210336 1151346002 2262192163 470158018 151032278 1073786866 25169924 805963776 757131908 4050528090 432058979 68026520 1170487631 69388268 1879098882 269484160 1684021313 1101214736 1073742864 1666302229 2263385958 91245762 1242607688 3833757910 1048576 2149974016 25216000 134218385 1213065502 40240756 16826372 2152335128 279205505 2752156034 395451392 2576244762 3515638800 815162693 79691776 266240 1162899456 8929292 138413064 2097216 914361864 428883969 78384613 1543688981 1 655363 33556512 1275666601 1092165786 34604040 939786240
is_linear=0
shrinkage=0.05


Tree=67
num_leaves=63
num_cat=29
split_feature=3 3 3 3 0 2 1 0 1 2 2 1 1 2 6 2 1 5 1 2 5 1 2 3 6 1 4 2 1 1 9 0 1 1 2 8 3 6 9 7 5 6 5 2 1 4 9 1 8 4 9 9 9 2 6 5 6 2 5 4 9 6
split_gain=11.1194 2.88765 1.44628 1.03659 0.616643 0.583847 0.724057 0.572135 0.562703 0.590389 0.536793 0.687149 0.5155 0.643515 0.576505 0.503965 0.538377 1.83741 0.475039 0.561391 0.473917 0.527409 0.467134 0.586317 0.463169 0.455938 0.447895 0.45799 0.67011 0.439077 0.431865 0.499087 0.55945 0.45174 0.430764 0.425271 0.42353 0.417457 0.416831 0.395258 0.388816 0.532587 0.384903 0.377735 0.367537 0.364179 0.361615 0.359025 0.351992 0.563799 0.344109 0.335573 0.330079 0.341779 0.32452 0.320205 0.316838 0.311634 0.409207 0.307577 0.305999 0.355251
threshold=974.35000000000002 458.55000000000007 1935.7000000000003 129.15000000000001 0 1 2 3 4 5 6 7 8 9 2.2836000000000003 10 11 1.3107450000000003 12 13 0.97821500000000017 14 15 1186.1000000000001 1.9118950000000001 16 23480.500000000004 17 18 19 35.500000000000007 20 21 22 23 1.5000000000000002 164.35000000000005 2.0895750000000004 171.50000000000003 1.5000000000000002 0.92109500000000011 2.1503050000000008 1.3216450000000004 24 25 28365.000000000004 217.50000000000003 26 2.5000000000000004 28806.500000000004 148.50000000000003 136.50000000000003 81.500000000000014 27 1.9150000000000003 1.2369850000000002 2.1452650000000006 28 1.0030650000000001 21135.500000000004 122.50000000000001 2.1528450000000006
decision_type=2 2 2 2 1 9 9 1 9 9 9 9 9 9 2 9 9 2 9 9 2 9 9 2 2 9 2 9 9 9 2 1 9 9 9 2 2 2 2 2 2 2 2 9 9 2 2 9 2 2 2 2 2 9 2 2 2 9 2 2 2 2
left_child=1 3 7 55 18 6 35 15 9 40 11 22 13 14 37 16 17 -2 19 54 21 24 23 -9 45 -22 57 28 -28 38 36 32 -32 59 56 -5 -7 48 -17 -24 41 -6 -31 44 -10 -4 -40 -42 49 -12 -37 -50 53 -29 -3 -1 -27 58 -20 -33 61 -49
right_child=2 4 20 5 8 30 -8 10 43 -11 12 -13 -14 -15 -16 29 -18 -19 26 -21 25 -23 39 -25 -26 34 27 52 -30 42 31 33 -34 -35 -36 50 -38 -39 46 -41 47 -43 -44 -45 -46 -47 -48 60 51 -51 -52 -53 -54 -55 -56 -57 -58 -59 -60 -61 -62 -63
leaf_value=-0.0050235913895770633 -0.00092222137993794328 -0.0078702710779400033 -0.0089103894038998991 -0.0018570020563749819 -0.010454440560762682 -0.0089569293151726022 -0.0011651878021683344 -1.4214993849315721e-05 0.0026261766718426831 -2.6920989554793511e-05 0.0020936930424581722 0.00095289858488034759 0.00096885343401711716 0.0012202117508692707 0.009199171249230859 0.00089961523664705491 -9.2221470912423365e-05 -0.01406653060262362 -0.0091612141008226896 -0.0010297524992501654 0.0007394269815534575 0.0010598348056431648 -0.0042743151162938919 -0.0075645698958032893 0.00110494510911943 0.0033043203101391309 -0.00055437290656022166 -0.003844534455442695 0.0019593893865979184 0.00016748869505347518 -0.0036756993171050134 0.0048303207218949058 -0.0016261368555326569 -0.0015896278417423006 0.0015806569351732493 0.0074600599219556904 -0.0029740061390733461 0.0010230730732603531 0.0055538234337734098 0.00016898480054912206 6.290194621175508e-06 -0.0020259622640442106 0.0016880058915112765 8.4001894706664222e-05 0.00047642057721361449 -0.0018775024821756549 0.0012348202259555936 -0.0073472254302149875 0.00044517639427564098 0.010558013017354968 0.0010167852588819114 0.0058995248263482396 -0.00025928033293634518 -0.00097650704108888549 -0.0030354983971225542 -0.0019169002749855404 0.0017512187153515065 -0.0011474438838680121 -0.0022856704381513443 1.1225642508260178e-05 -0.0012096110338899238 -0.0018603644693384769
leaf_weight=293 188 42 31 33 30 31 2604 45 318 1014 33 1448 1779 481 49 379 1836 30 31 895 878 1369 56 59 57 923 571 112 480 3134 536 36 1045 948 2235 49 454 118 114 410 219 49 479 2508 543 45 85 61 62 50 36 51 2268 902 198 118 516 733 70 315 132 58
leaf_count=293 188 42 31 33 30 31 2604 45 318 1014 33 1448 1779 481 49 379 1836 30 31 895 878 1369 56 59 57 923 571 112 480 3134 536 36 1045 948 2235 49 454 118 114 410 219 49 479 2508 543 45 85 61 62 50 36 51 2268 902 198 118 516 733 70 315 132 58
internal_value=3.88097e-06 -0.000871278 0.000919953 -0.00171016 -0.000385942 -0.00154554 -0.000987735 0.000575337 3.28095e-05 -0.000748222 0.000995762 0.000375341 0.00146574 0.00248715 0.00408067 0.000262786 -0.000378061 -0.00266534 -0.000713613 -0.00163651 0.00153943 0.00076857 -0.00108212 -0.00395242 -0.0021348 0.00179356 -0.000506462 -0.000303027 0.000602086 0.000576406 -0.0019875 -0.0017598 -0.00235639 -0.00103245 0.00203765 0.00269369 -0.00337406 0.0033848 0.00184506 -0.000365164 -0.00205376 -0.00531732 0.000368466 0.000396317 0.00129352 -0.00482464 0.00372442 -0.00153869 0.00479424 0.00725767 0.0047747 0.00293703 -0.000592996 -0.00134426 -0.00375492 -0.00413846 0.00273005 -0.00156783 -0.00406644 0.000503506 -0.00277163 -0.00471075
internal_weight=34672 17732 16940 6498 11234 6087 2722 10886 4932 1563 4641 2018 2623 844 363 6245 2054 218 6302 1135 6054 1502 570 104 133 4552 5167 4333 1051 4191 3365 2880 1581 1299 3674 118 485 314 578 466 549 79 3613 3369 861 76 199 470 196 83 85 113 3282 1014 240 411 1439 834 101 351 251 119
internal_count=34672 17732 16940 6498 11234 6087 2722 10886 4932 1563 4641 2018 2623 844 363 6245 2054 218 6302 1135 6054 1502 570 104 133 4552 5167 4333 1051 4191 3365 2880 1581 1299 3674 118 485 314 578 466 549 79 3613 3369 861 76 199 470 196 83 85 113 3282 1014 240 411 1439 834 101 351 251 119
cat_boundaries=0 1 3 5 6 8 10 12 14 16 18 20 22 24 26 28 30 32 34 36 38 39 41 43 45 47 49 51 53 55
cat_threshold=1 152162710 1080078322 262148 536872960 1 916458601 2425914406 562306242 2167158856 1359928591 2519828111 290457256 404750736 223872714 549120 605102656 1090543664 513090344 201867628 3498573824 1048576 1970275 772081664 139505824 33168 2149056512 134348800 279552 268468352 277095425 2459181153 114776 77603536 1480607112 25301923 805832720 2182091010 1 27552832 880807941 1610640416 805863428 606601828 75732288 1241591938 2734694418 21004308 134218633 301991976 8389636 805306368 524290 12582912 411042304
is_linear=0
shrinkage=0.05


Tree=68
num_leaves=63
num_cat=25
split_feature=3 3 3 3 1 2 1 9 1 2 5 1 2 1 8 2 2 1 4 2 1 5 4 1 2 4 2 1 4 11 9 5 9 9 5 2 1 9 5 1 4 1 4 4 8 5 2 4 2 9 1 4 5 9 8 1 11 11 11 5 3 11
split_gain=10.0623 2.51202 1.40231 1.02098 0.720695 0.628521 0.577121 0.527581 0.557819 0.554099 0.516391 0.660354 0.521049 0.590554 0.842846 0.516888 0.4904 0.482519 0.479166 0.471402 0.56941 1.1321 0.514741 0.462373 0.547304 0.474313 0.450696 0.422289 0.445213 0.408967 0.405194 0.688688 0.398538 0.382958 0.429664 0.380234 0.401057 0.375672 0.373267 0.371423 0.36939 0.365387 0.363961 0.773076 0.363729 0.359148 0.559628 0.398342 0.355328 0.349425 0.378969 0.346974 0.310401 0.372817 0.316026 0.304476 0.303555 0.303106 0.286051 0.28197 0.280459 0.362786
threshold=948.35000000000002 248.40000000000003 1921.8500000000001 514.85000000000002 0 1 2 142.50000000000003 3 4 1.2991100000000002 5 6 7 3.5000000000000004 8 9 10 24986.500000000004 11 12 1.3532150000000003 22113.500000000004 13 14 35454.500000000007 15 16 44257.000000000007 3362.8615350000005 171.50000000000003 0.99439500000000014 186.50000000000003 96.500000000000014 1.0290000000000001 17 18 68.500000000000014 1.0475850000000002 19 27033.500000000004 20 27033.500000000004 35366.500000000007 2.5000000000000004 0.95295500000000011 21 22439.500000000004 22 10.500000000000002 23 25801.500000000004 1.1902850000000003 195.50000000000003 4.5000000000000009 24 1526.9166480000001 422.67920450000003 1925.8907140000003 0.93773000000000006 475.05000000000007 629.67235850000009
decision_type=2 2 2 2 9 9 9 2 9 9 2 9 9 9 2 9 9 9 2 9 9 2 2 9 9 2 9 9 2 2 2 2 2 2 2 9 9 2 2 9 2 9 2 2 2 2 9 2 9 2 9 2 2 2 2 9 2 2 2 2 2 2
left_child=1 4 7 5 33 6 48 19 26 17 11 16 55 14 42 -13 27 -10 41 20 21 22 -2 24 25 40 32 28 -5 52 -31 -32 -9 34 -1 49 -37 -8 -38 58 -7 59 -14 44 -44 47 -47 -6 -3 -20 -51 -18 -19 54 -54 56 -12 -36 -21 -4 61 -50
right_child=2 3 18 10 45 23 37 8 9 -11 12 15 13 -15 -16 -17 51 29 35 39 -22 -23 -24 -25 -26 -27 -28 -29 -30 30 31 -33 -34 -35 57 36 38 -39 -40 -41 -42 -43 43 -45 -46 46 -48 -49 60 50 -52 -53 53 -55 -56 -57 -58 -59 -60 -61 -62 -63
leaf_value=-0.0037689707381893343 -0.0054963102161694893 -0.0014962262163136181 -0.0060964097670876075 -0.0025711626403753826 -0.0088534295187151484 0.0050501455740931522 -0.0024419813394910002 -0.0066656137350946665 0.00083971181146872418 0.0008537098067507011 -0.0055148856333058363 -0.00070141515273485378 0.0012789667959992044 0.00055938986687377814 -0.0014086840353888092 0.00041779140965707512 -0.0016069476936006095 0.001318259591250259 -0.0032644355839389996 0.0051147509000577926 8.8483914259824653e-05 -0.010407050194750939 -0.00052699370692425873 -0.00098880141374713712 -0.0002095061906765153 0.0084476435062242668 0.00047594825577548788 -0.00099296149103209573 -0.0086894363240162427 0.0011072607003905647 0.0015341379275923828 0.01079452177983836 -0.00052440981846302748 -0.00312407414590553 -0.010708359396500913 0.0010495824055022399 0.0015650311410027981 -0.00074175865541026872 0.0027877719655304135 0.00012114777033278275 -0.0017163435146877811 0.00087657951436942308 0.0066053246591059912 0.0025900061021510972 0.014676542582628828 0.00075083605253986065 -0.0020285121661858755 -0.0027938655588028876 -0.0061276261846005672 -0.0017277488381569933 0.0013479659985701012 -0.00020931852937252195 0.0017772675207023449 0.0089538380048850286 0.0061358605645364149 -6.542813307532925e-05 -2.7016149575097696e-05 -0.0045633009609850382 0.001104640622139625 -0.00061540377694958197 -0.0084694000452263055 -0.0027354983840943148
leaf_weight=119 58 347 31 471 30 38 447 42 355 1827 58 1784 36 684 57 2415 589 231 47 45 2646 34 449 2688 508 36 2156 748 31 33 31 58 69 392 55 970 1058 1188 1540 1604 41 1230 30 53 31 227 857 239 102 102 1119 1797 140 31 59 629 44 35 1427 89 30 355
leaf_count=119 58 347 31 471 30 38 447 42 355 1827 58 1784 36 684 57 2415 589 231 47 45 2646 34 449 2688 508 36 2156 748 31 33 31 58 69 392 55 970 1058 1188 1540 1604 41 1230 30 53 31 227 857 239 102 102 1119 1797 140 31 59 629 44 35 1427 89 30 355
internal_value=3.55706e-06 -0.000855356 0.000848222 -0.000638815 -0.00254272 -0.00116229 -0.00176578 0.000516732 0.000897919 0.0013729 -0.000318782 -0.000486886 0.000493038 0.00129564 0.00357749 -5.83084e-05 -0.000978822 0.00236255 0.00145331 0.000210374 -0.000215939 -0.00167695 -0.00110518 -0.000704418 0.000518452 0.00347168 0.000310821 -0.00178058 -0.0029077 0.00325711 0.00588306 0.00762188 -0.00265025 -0.00399344 -0.00579154 0.0016858 0.00195109 -0.00120046 0.00228184 0.000650586 0.00156087 0.00061981 0.00570594 0.00708065 0.0108777 -0.00185266 -0.00145811 -0.00349994 -0.002844 0.000915773 0.00108672 -0.000552546 0.00262144 0.00391891 0.00309373 -0.000496588 -0.00289021 -0.00839502 0.00122232 -0.001912 -0.00375007 -0.00350433
internal_weight=34672 17191 17481 15237 1954 5780 2469 11295 5032 2765 9457 7835 1622 891 207 4199 3636 938 6186 6263 3187 541 507 3311 623 115 2267 1250 502 583 122 89 111 601 209 4836 3568 1635 2598 3076 79 1350 150 114 61 1353 1084 269 834 1268 1221 2386 461 230 199 731 102 90 1472 120 487 457
internal_count=34672 17191 17481 15237 1954 5780 2469 11295 5032 2765 9457 7835 1622 891 207 4199 3636 938 6186 6263 3187 541 507 3311 623 115 2267 1250 502 583 122 89 111 601 209 4836 3568 1635 2598 3076 79 1350 150 114 61 1353 1084 269 834 1268 1221 2386 461 230 199 731 102 90 1472 120 487 457
cat_boundaries=0 2 4 6 8 10 12 14 16 18 20 22 24 26 28 30 32 34 36 38 40 42 44 46 48 50
cat_threshold=97536000 2156445725 1155477025 3197857804 279203968 604674246 2799064483 478563030 1684021312 1101182480 362679403 2383770789 659818595 3332789352 813728772 2147501697 1007306601 422869178 1082169568 2166260153 270573584 1632731393 1170619215 740476908 1887487490 269484160 135172 1611147294 194 32912 263168 557184 9307147 2316574720 1355956240 973353905 1926636818 2517640297 3333981799 91244738 1048576 2149974016 135463072 2097153 75763200 948981760 16385 8536064 12587016 1
is_linear=0
shrinkage=0.05


Tree=69
num_leaves=63
num_cat=14
split_feature=11 3 3 3 4 2 0 0 2 2 4 6 2 2 5 4 0 2 5 3 9 6 5 2 3 9 5 6 3 4 2 3 5 11 2 4 5 4 9 6 6 6 5 9 4 2 3 5 4 9 4 0 5 11 5 5 11 9 4 5 5 6
split_gain=9.09167 2.33876 1.19513 0.872319 0.617823 0.514563 0.514129 0.468469 0.465679 0.464962 0.43751 0.428186 0.39666 0.365784 0.363943 0.361872 0.361025 0.355177 0.352846 0.339725 0.334338 0.328091 0.307742 0.302874 0.298794 0.287783 0.285556 0.414101 0.281469 0.377714 0.279311 0.278445 0.278158 0.275406 0.265783 0.262604 0.25779 0.253514 0.246804 0.239284 0.237099 0.303407 0.591204 0.224538 0.217998 0.213896 0.21167 0.386313 0.453488 0.210513 0.205066 0.20383 0.200426 0.192317 0.307024 0.248751 0.520256 0.192207 0.214185 0.19053 0.186037 0.185747
threshold=1992.3869480000001 458.55000000000007 1921.8500000000001 129.15000000000001 31798.500000000004 0 1 2 3 4 29882.500000000004 2.2836000000000003 5 6 1.2164050000000002 46988.000000000007 7 8 0.93773000000000006 229.95000000000002 35.500000000000007 2.3779400000000006 1.1106950000000002 9 1423.8500000000001 167.50000000000003 0.98363500000000015 2.0155250000000007 265.35000000000008 27573.500000000004 10 2762.8000000000006 1.2369850000000002 207.67896000000005 11 26584.500000000004 1.0364250000000002 25499.500000000004 169.50000000000003 1.5340900000000002 1.8240550000000002 1.853245 1.1883700000000001 81.500000000000014 38246.500000000007 12 1000.6500000000002 1.0030650000000001 26007.500000000004 27.500000000000004 39150.500000000007 13 1.2443800000000003 1145.6569720000002 0.92813000000000001 1.1807350000000001 1612.7985980000001 174.50000000000003 34247.500000000007 1.3242150000000004 1.3855100000000002 2.5717900000000005
decision_type=2 2 2 2 2 9 1 1 9 9 2 2 9 9 2 2 1 9 2 2 2 2 2 9 2 2 2 2 2 2 9 2 2 2 9 2 2 2 2 2 2 2 2 2 2 9 2 2 2 2 2 1 2 2 2 2 2 2 2 2 2 2
left_child=1 3 6 32 12 15 11 19 35 40 13 17 46 21 45 60 31 -2 -19 37 28 -4 -10 25 59 -18 -27 -28 29 -9 -21 52 33 -1 44 43 -15 -7 -26 -11 -6 42 -42 -8 -22 53 61 -48 -49 -41 -46 -47 -12 54 -14 -55 -57 -40 -59 -20 -5 -3
right_child=2 4 10 5 9 7 8 20 22 39 16 -13 14 36 -16 -17 23 18 24 30 34 -23 -24 -25 38 26 27 -29 -30 -31 -32 -33 -34 -35 -36 -37 -38 -39 57 49 41 -43 -44 -45 50 51 47 48 -50 -51 -52 -53 -54 55 -56 56 -58 58 -60 -61 -62 -63
leaf_value=-0.0065951346862129865 -0.00021096882829754206 -0.00042128565029260706 -0.00011215045778347607 -0.00079754472126713322 0.00061886671161073912 -0.0052162156473579153 -0.001986496432311012 -0.0095262634489993239 0.00083217924233806829 0.0033343154931967352 0.0017626716061222619 -0.0016461892591575055 -0.0066782221407405669 0.00044140842765752778 -0.00024674700194209456 0.0040667666817969855 0.0018110887788762655 -0.00052746453895801304 0.00018465720711543078 -0.0011475019176894882 -0.0018853180757746895 -0.0054738201751118355 0.0019115808004589304 0.0012047493973552008 0.00092230528421313653 0.0012315013303628398 0.010701194170167473 0.0037017172898721092 -0.001642051372264507 -0.0025072342543690294 -0.0023595874780357154 0.0046495349970043631 -0.0017051329451296165 -0.003387870374151405 -0.00023694698038856612 0.00068591285263397579 0.0015565387219099685 -0.0026133557848832837 0.0061609596861671896 -0.00081557084071541086 -0.0091417796825314125 -0.00065458815370096526 0.00033102924838506929 0.00010962355058161326 0.0036654596896066021 0.00051372345914587204 -0.0014586383546188967 0.0087386128464488379 0.00036575178748794968 0.00050112857328148261 -0.00072834546177439144 -0.0012629914103589269 0.0036928959515484003 -0.0013812739869313571 -0.0021499832137343343 -0.00027271530270809311 -0.0076058011178392927 0.0010972724182555884 0.0035386345362353705 0.001590379582398941 0.0026221357507449465 0.0028914200907524373
leaf_weight=109 2142 2706 359 1374 362 125 186 30 1397 68 572 296 51 832 868 40 274 582 1536 960 678 30 1256 2283 847 44 32 64 192 53 1118 141 118 184 923 1541 1378 387 31 340 30 1647 35 403 32 204 50 30 34 2770 135 764 177 876 140 47 49 221 152 285 40 42
leaf_count=109 2142 2706 359 1374 362 125 186 30 1397 68 572 296 51 832 868 40 274 582 1536 960 678 30 1256 2283 847 44 32 64 192 53 1118 141 118 184 923 1541 1378 387 31 340 30 1647 35 403 32 204 50 30 34 2770 135 764 177 876 140 47 49 221 152 285 40 42
internal_value=3.32448e-06 -0.00079357 0.000825907 -0.00154702 -0.000352911 -0.00139602 0.000510208 -0.00165301 0.000898147 4.0928e-05 0.00138073 0.00020553 -0.000705775 0.000886191 -0.00110647 -0.000561351 0.00173871 0.000300364 0.000599025 -0.00210321 -0.00108961 -0.000525156 0.00133868 0.00144956 0.000814493 0.00269934 0.00460403 0.00612114 -0.00270877 -0.00512744 -0.00181732 0.00261232 -0.00377459 -0.00459939 -0.000836368 0.000341191 0.00113199 -0.00325775 0.00140916 0.000420378 -0.000539852 -0.000788231 -0.0041133 -0.000554554 -0.00146989 -0.00146156 -0.000280815 0.00182007 0.00436459 0.000356965 0.000130388 -0.000879341 0.00222313 -0.00192093 -0.00338758 -0.00164929 -0.00405547 0.00242508 0.00209895 0.000405415 -0.000699022 -0.000369621
internal_weight=34672 17611 17061 6498 11113 6087 10875 4633 4783 5252 6186 6092 5861 2599 2999 1454 3587 5796 3654 2590 2043 389 2653 2697 3072 414 140 96 275 83 2078 890 411 293 1768 2130 2210 512 1251 3178 2074 1712 65 589 845 2131 2862 114 64 3110 167 968 749 1163 191 972 96 404 373 1821 1414 2748
internal_count=34672 17611 17061 6498 11113 6087 10875 4633 4783 5252 6186 6092 5861 2599 2999 1454 3587 5796 3654 2590 2043 389 2653 2697 3072 414 140 96 275 83 2078 890 411 293 1768 2130 2210 512 1251 3178 2074 1712 65 589 845 2131 2862 114 64 3110 167 968 749 1163 191 972 96 404 373 1821 1414 2748
cat_boundaries=0 2 3 4 6 8 10 12 13 15 17 19 21 23 24
cat_threshold=135368854 44112 1 1 1364122895 305235663 365701667 504300600 1611525946 1126631031 550502400 75768896 4 1007757112 747127148 2097664 209912896 805454088 1735524907 1720076041 2199982752 26345665 134805768 4
is_linear=0
shrinkage=0.05


Tree=70
num_leaves=63
num_cat=28
split_feature=3 3 3 1 2 0 1 2 9 2 1 1 3 1 9 4 2 1 2 2 2 2 9 1 6 2 2 1 2 8 9 9 1 5 1 8 4 2 9 6 9 9 4 5 5 4 8 6 5 9 1 5 0 3 2 1 5 4 1 5 8 5
split_gain=9.21942 1.90382 1.30471 0.699617 0.666499 0.584023 0.636861 0.664965 0.572333 0.539513 0.538028 0.521273 0.77565 0.518037 0.468473 1.54355 0.459239 0.430488 0.440394 0.427378 0.423708 0.422237 1.18711 0.400736 0.484292 0.387531 0.363316 0.35543 0.444498 0.473151 0.418078 0.68026 0.34958 0.418198 0.350361 0.444197 0.344851 0.321457 0.313125 0.482847 0.30512 0.395789 0.304893 0.296771 0.532962 0.42987 0.294274 0.283811 0.659307 0.391964 0.325844 0.277664 0.408208 0.270139 0.265954 0.26572 0.399655 0.300641 0.263811 0.262543 0.273072 0.277604
threshold=739.25000000000011 1333.3500000000001 248.40000000000003 0 1 2 3 4 125.50000000000001 5 6 7 265.35000000000008 8 110.50000000000001 31647.500000000004 9 10 11 12 13 14 36.500000000000007 15 1.9285300000000001 16 17 18 19 3.5000000000000004 76.500000000000014 42.500000000000007 20 1.3107450000000003 21 3.5000000000000004 36564.500000000007 22 200.50000000000003 2.0895750000000004 109.50000000000001 114.50000000000001 39526.000000000007 1.1324350000000003 1.0656050000000004 35811.500000000007 3.5000000000000004 2.1020650000000001 1.1653450000000003 176.50000000000003 23 1.3444750000000003 24 88.15000000000002 25 26 1.3382450000000004 20550.500000000004 27 1.2344600000000001 3.5000000000000004 1.0901500000000002
decision_type=2 2 2 9 9 1 9 9 2 9 9 9 2 9 2 2 9 9 9 9 9 9 2 9 2 9 9 9 9 2 2 2 9 2 9 2 2 9 2 2 2 2 2 2 2 2 2 2 2 2 9 2 1 2 9 9 2 2 9 2 2 2
left_child=2 8 3 53 32 17 7 40 9 10 14 12 -6 25 20 -16 23 18 47 -14 46 22 -8 -15 -25 -10 -19 28 29 30 31 -11 -4 37 -35 36 51 -34 -24 -40 58 -42 -13 44 -21 -46 -2 48 50 -50 -3 -36 -53 -1 59 56 57 -28 -7 60 -5 -62
right_child=1 5 4 54 11 6 21 -9 13 27 -12 42 19 16 15 -17 -18 26 -20 43 -22 -23 38 24 -26 -27 55 -29 -30 -31 -32 -33 33 34 35 -37 -38 -39 39 -41 41 -43 -44 -45 45 -47 -48 -49 49 -51 -52 52 -54 -55 -56 -57 -58 -59 -60 -61 61 -63
leaf_value=-0.0044010037422219563 -0.0069237596489607513 0.0038955054020451858 -0.00093173738166357268 -0.0038043155186517422 -0.0079277415184648963 0.00049870678441088652 -0.0085162538651440464 0.001242931022788138 -0.00054542946365390233 0.0033980343418079429 -0.00024231317951287469 -0.0010956031981534946 -0.00099187079259409794 0.00055825667881784799 -0.01129476793599315 0.00063587553731243439 0.00065789137788258131 0.0012361767066924967 0.00071407173958121077 -0.0026179208038736483 -0.00080469397709138695 0.0010957323583295961 0.0012150998145787871 0.0074543822278232827 0.0025540051779004854 0.00063024208491286779 -0.0037326848158076155 -9.0159990820610646e-05 0.00028896048476062015 0.00057313584423994781 0.001928918601357333 0.013227217517992213 0.0002993908304361553 -0.00032167465171066095 0.0084150716231940967 -0.00045457783747625269 0.00012802554280212034 -0.00081295704964984793 0.0011619701106937077 -0.0071482178181781824 0.0087720221706309963 0.0032172629668053947 0.00032024620585640652 -0.0015831110214261361 -0.0043128864327539517 -0.01167772331325743 -0.0015583741358568661 0.0010217262201857248 0.0042097368106748089 0.010404096848833434 0.00077559480966122533 0.00047415651464483368 0.0069881246914155794 -0.0010064525793543849 -0.0023185992414723323 0.00040307332438013006 -0.0045507783513335934 2.0407541772642854e-05 0.0027966007200770299 -0.00224527346398381 -0.0052675595081227398 -0.010598770222471406
leaf_weight=62 57 113 2674 203 52 226 43 1609 1466 43 1871 2409 930 208 49 59 2090 1031 1469 415 666 1669 221 64 235 1323 58 1705 448 107 61 30 1027 229 42 92 48 1744 38 31 33 715 451 418 61 30 47 367 146 31 314 52 44 868 578 2357 61 558 325 123 93 35
leaf_count=62 57 113 2674 203 52 226 43 1609 1466 43 1871 2409 930 208 49 59 2090 1031 1469 415 666 1669 221 64 235 1323 58 1705 448 107 61 30 1027 229 42 92 48 1744 38 31 33 715 451 418 61 30 47 367 146 31 314 52 44 868 578 2357 61 558 325 123 93 35
internal_value=-7.8002e-06 0.000612397 -0.00108108 -0.00226629 -0.000863925 0.00105965 0.00147132 0.00194355 0.000127455 -0.000249769 -0.000726006 -0.00130437 -0.00194852 0.000487639 -0.00174099 -0.00483106 0.000993776 0.00074874 0.00127283 -0.00178714 -0.00132446 0.000771208 -0.000838341 0.00233502 0.00350736 1.25513e-05 0.000429736 0.000298947 0.00124812 0.00294067 0.00503074 0.00756158 -0.000508041 -0.000160454 0.00115795 0.00230257 0.00378458 -0.000402587 0.000296653 -0.00262037 0.00279363 0.00347371 -0.000869262 -0.00254737 -0.00338947 -0.0068414 -0.00414243 0.00210068 0.00278822 0.00534698 0.00171755 0.00504636 0.00350099 -0.00122409 -0.00316094 0.00015222 -0.000713618 -0.000338445 0.0019164 -0.00415312 -0.00497827 -0.00679617
internal_weight=34624 21944 12680 1962 10718 11415 4910 2908 10529 5143 2749 4766 1906 5386 878 108 2597 6505 2440 1854 770 2002 333 507 299 2789 4065 2394 689 241 134 73 5952 3278 507 278 186 2771 290 69 1299 748 2860 924 506 91 104 971 604 177 427 138 96 930 1032 3034 677 616 551 454 331 128
internal_count=34624 21944 12680 1962 10718 11415 4910 2908 10529 5143 2749 4766 1906 5386 878 108 2597 6505 2440 1854 770 2002 333 507 299 2789 4065 2394 689 241 134 73 5952 3278 507 278 186 2771 290 69 1299 748 2860 924 506 91 104 971 604 177 427 138 96 930 1032 3034 677 616 551 454 331 128
cat_boundaries=0 2 4 5 7 9 11 13 15 17 19 21 23 25 27 29 31 33 35 37 39 41 43 45 47 48 50 52 54
cat_threshold=3760501400 2200055410 2030072830 3420488915 1 2141753935 811983628 604072673 5633732 1439966413 2737950966 827509256 3087859728 371459713 874033271 3351540047 235364807 4497476 2703229952 102779752 2227806720 606602860 686067730 74615809 538001920 268697668 192 542146560 1344548928 1607728 1612711952 1322533512 4121549825 1107350209 2166055426 1119912468 533506 671109890 1141374984 2228941177 2528120482 1745092608 16916808 1224736930 192970818 72 98816 1 217328832 268472325 1216905345 2081 1762132032 2367748
is_linear=0
shrinkage=0.05


Tree=71
num_leaves=63
num_cat=14
split_feature=3 3 3 1 1 4 0 1 1 5 3 1 9 4 1 9 6 9 9 9 5 1 9 6 9 9 3 0 1 7 5 1 4 5 9 1 4 3 1 4 4 5 5 6 4 1 6 7 9 4 5 5 3 5 6 3 4 6 6 5 6 9
split_gain=8.32824 1.72039 1.17952 0.638901 0.536256 0.534594 0.52703 0.58659 0.504971 0.433127 0.585018 0.396232 0.384162 0.323515 0.427939 0.348194 0.313447 0.28636 0.335293 0.28575 0.283639 0.323703 0.669107 0.762567 0.269454 0.507821 0.494078 0.266129 0.260788 0.315119 0.332359 0.26031 0.258212 0.255812 0.229254 0.22747 0.320897 0.226258 0.258494 0.220099 0.213448 0.260448 0.212857 0.460489 0.211061 0.209784 0.45577 0.430792 0.208804 0.278987 0.224791 0.206564 0.206101 0.201733 0.198887 0.24362 0.198797 0.19875 0.195486 0.295632 0.195174 0.4264
threshold=739.25000000000011 1333.3500000000001 248.40000000000003 0 1 31557.500000000004 2 3 4 1.2369850000000002 265.35000000000008 5 135.50000000000003 34687.500000000007 6 241.50000000000003 1.8201400000000001 109.50000000000001 112.50000000000001 74.500000000000014 1.105685 7 47.500000000000007 1.9710850000000002 125.50000000000001 110.50000000000001 887.95000000000016 8 9 5.5000000000000009 0.9689350000000001 10 29458.500000000004 1.0290000000000001 119.50000000000001 11 37527.500000000007 475.05000000000007 12 13020.500000000002 29238.500000000004 0.86579500000000009 1.3824250000000002 2.0895750000000004 31030.500000000004 13 1.9710850000000002 4.5000000000000009 253.50000000000003 32198.500000000004 1.0062850000000003 1.0574750000000002 209.20000000000002 1.0554550000000003 2.6361550000000005 129.15000000000001 20348.500000000004 1.8572450000000003 2.2555150000000004 1.2065350000000004 2.0775050000000008 42.500000000000007
decision_type=2 2 2 9 9 2 1 9 9 2 2 9 2 2 9 2 2 2 2 2 2 9 2 2 2 2 2 1 9 2 2 9 2 2 2 9 2 2 9 2 2 2 2 2 2 9 2 2 2 2 2 2 2 2 2 2 2 2 2 2 2 2
left_child=2 5 3 19 9 8 11 17 24 10 44 42 37 14 -14 -16 -7 56 -19 33 21 22 23 -9 25 39 -27 -5 29 -15 -31 -18 45 -1 -28 36 52 -6 -39 -2 41 -17 -3 -44 -4 46 47 -12 50 -50 -13 -24 -29 -26 55 -21 -8 -20 -33 -60 61 -10
right_child=1 6 4 27 12 16 7 20 60 -11 32 48 13 28 15 40 31 18 57 54 -22 -23 51 -25 53 26 34 35 -30 30 -32 58 -34 -35 -36 -37 -38 38 -40 -41 -42 -43 43 -45 -46 -47 -48 -49 49 -51 -52 -53 -54 -55 -56 -57 -58 -59 59 -61 -62 -63
leaf_value=-0.0040273041620821461 -0.0050694128648647429 0.00030430342211363302 -0.0088317201971741654 -0.00037181933626752707 -0.0013575040796660045 0.0016459474858184179 -0.00092607341062598322 -0.010648497479269282 -0.0010091418597081611 -0.00042235636716326711 -0.0023030149055557557 0.00039724891211011769 0.00012198335804338968 0.0066825588106439685 -0.00094229354818240244 -0.0013856146828175042 -4.6139650575220608e-05 0.0068955459696157144 0.0040388354207580189 -0.0057035984679762479 0.0013478091740631449 0.00065104271183558137 0.0010171911808760747 -0.00020086900314449202 -0.0011688577968302773 -0.0082353478224831637 -0.00024902715168606776 -0.0022847933948995842 0.00012917957427354673 0.0051667427509197623 0.00024803357867117314 0.0004831646164467893 -0.0010972682794818597 -0.0084521916266530762 -0.0054364127208827995 -0.0023513561058338597 0.0032777983891881177 -0.0010406653634322319 0.00011400667368268621 -0.00078972608330096696 -0.00062231549974081321 -0.0071334422850397238 0.0020981018538460939 -0.0052145059528321824 -0.0033723202645466323 -0.001644427521926865 -0.0021266349652533196 -0.010167722950323619 0.00077620387089916989 0.0072715719583474336 0.0012228459950096677 -0.0034241688830661588 0.0015422666536482133 0.00018324292766457156 -0.001099757714273601 -0.0026130657887790953 0.0014709440963998428 0.002017231934330455 0.00080698165031774325 0.0035199147730272159 -0.00024531722068971032 0.0010144572570257744
leaf_weight=107 30 2422 34 357 1562 517 93 35 328 1062 31 1179 1166 31 805 31 2217 38 133 94 1000 812 143 34 405 47 64 151 895 43 157 2033 1700 49 31 799 44 1132 845 1022 38 56 36 51 40 876 173 41 36 30 2751 31 45 860 110 206 1130 1461 346 141 1240 1248
leaf_count=107 30 2422 34 357 1562 517 93 35 328 1062 31 1179 1166 31 805 31 2217 38 133 94 1000 812 143 34 405 47 64 151 895 43 157 2033 1700 49 31 799 44 1132 845 1022 38 56 36 51 40 876 173 41 36 30 2751 31 45 860 110 206 1130 1461 346 141 1240 1248
internal_value=-7.3181e-06 0.000582142 -0.0010274 -0.00215432 -0.000820932 0.000121153 0.0010073 0.00139837 -0.000234394 -0.00128331 -0.00160332 0.000711953 -0.000547459 -0.000153188 -0.000520329 -0.00131212 0.000478099 0.0018618 0.0023021 -0.00357431 0.000741283 0.000172665 -0.00139163 -0.0055768 -0.000755982 -0.00129748 -0.00409405 -0.00153984 0.000530084 0.00198499 0.001326 0.000350318 -0.00148683 -0.00546216 -0.00198075 -0.00195523 -0.00051332 -0.000907816 -0.000552018 -0.000916469 -0.00377156 -0.00512439 0.000215795 -0.00219914 -0.005965 -0.0020761 -0.00340147 -0.00685946 0.00102026 0.00379311 0.000975331 0.000210869 -0.00140276 -0.000250224 -0.00293143 -0.00359716 0.00128806 0.00218834 0.000696407 0.00159805 0.000223067 0.000592929
internal_weight=34624 21944 12680 1962 10718 10529 11415 4910 5275 3957 2895 6505 6761 3222 2096 930 5254 2855 1632 566 2055 1055 243 69 2459 1194 142 1396 1126 231 200 4737 2821 156 95 1039 240 3539 1977 1052 125 87 2509 87 74 1121 245 72 3996 66 3930 174 196 1265 410 300 1223 1594 2520 487 2816 1576
internal_count=34624 21944 12680 1962 10718 10529 11415 4910 5275 3957 2895 6505 6761 3222 2096 930 5254 2855 1632 566 2055 1055 243 69 2459 1194 142 1396 1126 231 200 4737 2821 156 95 1039 240 3539 1977 1052 125 87 2509 87 74 1121 245 72 3996 66 3930 174 196 1265 410 300 1223 1594 2520 487 2816 1576
cat_boundaries=0 2 4 5 7 9 11 13 15 16 18 20 22 24 26
cat_threshold=231754784 277397516 2487096937 345894950 1 2141753931 811985676 353790027 4161619351 3655250962 1377192433 708847876 1761609025 2147501056 2290225168 4 553648260 2684485632 1129243987 2357416673 1879310464 2164262992 1648420864 2818703809 69206024 12290
is_linear=0
shrinkage=0.05


Tree=72
num_leaves=63
num_cat=22
split_feature=3 3 3 2 2 0 0 2 2 3 4 2 9 2 5 9 4 2 0 4 3 6 9 2 4 9 6 6 4 5 9 6 2 2 4 4 8 0 6 9 2 4 3 2 8 2 2 4 3 6 5 9 0 4 2 6 2 6 2 5 5 4
split_gain=7.52008 1.55317 1.06605 0.586995 0.493732 0.48904 0.47999 0.469823 0.45753 0.346408 0.337861 0.563513 0.395069 0.330711 0.447914 0.327287 0.318374 0.345 0.418918 0.313647 0.242578 0.370882 0.296336 0.23854 0.23754 0.223732 0.229072 0.220115 0.218976 0.240752 0.21693 0.208655 0.286351 0.208619 0.320017 0.389675 0.205553 0.347627 0.218321 0.204101 0.201092 0.196374 0.290105 0.190601 0.459969 0.183155 0.180819 0.294585 0.179943 0.179482 0.278082 0.175796 0.175204 0.293665 0.266995 0.174703 0.205773 0.17402 0.172352 0.253336 0.169248 0.164472
threshold=739.25000000000011 1333.3500000000001 248.40000000000003 0 1 2 3 4 5 431.85000000000008 36653.500000000007 6 26.500000000000004 7 1.1549950000000002 77.500000000000014 29882.500000000004 8 9 33748.500000000007 113.00000000000001 2.6849100000000004 104.50000000000001 10 20760.500000000004 253.50000000000003 1.9285300000000001 2.1825350000000001 26957.500000000004 1.3466350000000002 62.500000000000007 2.4436050000000002 11 12 28806.500000000004 29882.500000000004 2.5000000000000004 13 2.1100100000000004 47.500000000000007 14 43262.000000000007 1531.5500000000002 15 1.5000000000000002 16 17 27033.500000000004 265.35000000000008 2.2151800000000006 1.0720000000000003 155.50000000000003 18 26498.500000000004 19 1.8161500000000002 20 1.6150700000000002 21 0.86579500000000009 0.88194500000000009 31485.500000000004
decision_type=2 2 2 9 9 1 1 9 9 2 2 9 2 9 2 2 2 9 1 2 2 2 2 9 2 2 2 2 2 2 2 2 9 9 2 2 2 1 2 2 9 2 2 9 2 9 9 2 2 2 2 2 1 2 9 2 9 2 9 2 2 2
left_child=2 5 4 15 24 7 10 19 39 16 11 12 -3 -8 25 31 17 18 -5 27 21 22 -6 -18 -1 40 -27 55 43 58 -10 -4 -33 34 -13 -36 -20 38 -38 -7 49 45 -43 44 -9 -16 -14 -48 -25 -15 -51 -31 53 -26 -54 -2 -57 -32 59 -30 -21 -22
right_child=1 6 3 9 20 8 13 28 30 -11 -12 33 46 14 41 -17 23 -19 36 60 61 -23 -24 48 52 26 -28 -29 29 51 57 32 -34 -35 35 -37 37 -39 -40 -41 -42 42 -44 -45 -46 -47 47 -49 -50 50 -52 -53 54 -55 -56 56 -58 -59 -60 -61 -62 -63
leaf_value=-0.003981885005798956 -0.003243442698825478 -0.0060477002459211858 -0.0012962930029795851 -0.0080772191094833287 -0.010179801346930618 -0.0012325542648831975 0.00045771293813657676 0.0046513397191042943 0.00013502060947981773 -0.00087002913408352849 0.0024307859257344062 0.0012976293017019113 0.0010839807872091317 0.0010200648918244578 0.00069701376890768244 -0.00017461945803560336 -0.00033310543533958712 -0.0016632950754184883 -0.001195267600278163 -0.0022636982161202469 -0.00292048828610042 -0.0019520876000222584 -0.0044529878198403287 -0.0052372967100765035 0.0052222536086886859 0.00089709720710610475 0.0066499504730135441 -0.0025595343401054248 0.0044682609390447594 0.00092462475160346 0.0046308650083826961 0.0020091270186510103 -0.00090842527212731984 0.0012116440773161537 0.0092846119980094961 0.0030716866725799805 -0.0095955813079578525 -0.00037347309150979581 -0.0037454509612871337 0.00014270626433853306 0.00030619001418464041 0.0078132948273700858 0.0022081233517233208 -0.00082229017033690467 -0.00046267772930865366 0.0018955143040623565 -0.005489423463263342 3.6902852770180215e-05 -0.0016561018933840058 0.0056561182768465109 -9.3330110539682214e-05 0.0036792403680484982 0.0010397178080461731 -0.00021275186909550694 -0.0017771296479666535 -0.0016640825163730692 -0.00031006919272684241 0.0011177044464666516 -3.8904711441030442e-05 0.00067484430600296458 0.00017080928650288192 -0.0016870186334399741
leaf_weight=55 73 33 1327 55 31 326 4312 58 657 3343 750 194 115 509 499 3924 488 498 81 76 542 109 90 37 30 40 30 226 46 159 35 115 242 1479 31 130 32 33 35 1541 1832 30 96 716 172 1139 35 73 508 54 34 91 107 125 322 406 908 1993 1361 706 979 551
leaf_count=55 73 33 1327 55 31 326 4312 58 657 3343 750 194 115 509 499 3924 488 498 81 76 542 109 90 37 30 40 30 226 46 159 35 115 242 1479 31 130 32 33 35 1541 1832 30 96 716 172 1139 35 73 508 54 34 91 107 125 322 406 908 1993 1361 706 979 551
internal_value=-7.09405e-06 0.000553036 -0.000976423 -0.000780134 -0.00204777 0.000115024 0.000957006 -0.000182345 0.000505439 -0.00116749 0.00152041 0.00119271 -0.000988497 0.000770254 0.00108259 -0.000424193 -0.00173605 -0.00253217 -0.00410739 -0.000674437 -0.00259578 -0.00409396 -0.0059916 -0.00116846 -0.000856923 0.000654116 0.00342154 -0.00111518 0.000215891 0.000473848 0.00092146 -0.00100781 6.51352e-05 0.00149479 0.00260256 0.00431789 -0.00308901 -0.00459593 -0.00663956 -9.74399e-05 0.000572988 0.00169502 0.0035937 -0.000425997 0.00080658 0.00154687 -0.000260298 -0.00163772 -0.00187405 0.00136193 0.00345865 0.00193797 -0.000570965 0.000865917 -0.00109092 -0.000878163 -0.000744392 0.00118059 0.000299785 0.000900555 -6.54513e-06 -0.00230079
internal_weight=34624 21944 12680 10718 1962 10529 11415 5977 4552 5110 2840 2090 256 8575 4263 5608 1767 734 236 2668 1323 230 121 1033 639 2499 70 1613 3309 2363 2685 1684 357 1834 355 161 181 100 67 1867 2429 1764 126 946 230 1638 223 108 545 597 88 250 584 155 429 1387 1314 2028 2113 752 1055 1093
internal_count=34624 21944 12680 10718 1962 10529 11415 5977 4552 5110 2840 2090 256 8575 4263 5608 1767 734 236 2668 1323 230 121 1033 639 2499 70 1613 3309 2363 2685 1684 357 1834 355 161 181 100 67 1867 2429 1764 126 946 230 1638 223 108 545 597 88 250 584 155 429 1387 1314 2028 2113 752 1055 1093
cat_boundaries=0 2 4 5 6 8 10 12 14 16 17 19 21 23 24 26 28 30 32 33 35 37 39
cat_threshold=2030072822 3420488915 134316328 1084235987 1 4 1435514539 2697320562 243533129 371839213 549455876 1476399232 836731162 1986312493 37881856 604111372 4 1280008 805448204 150995072 16777346 3146304 24580 1 705 8471040 541065280 285213697 1107300417 2291679746 545261572 1073741824 4 134283296 10485760 336593536 536938496 134531332 1073742728
is_linear=0
shrinkage=0.05


Tree=73
num_leaves=63
num_cat=23
split_feature=11 11 2 11 4 2 5 9 2 2 0 2 9 2 11 2 4 5 9 4 11 9 2 5 9 6 2 4 2 8 2 0 2 8 4 0 2 5 2 5 11 2 0 2 4 4 4 2 6 5 9 6 4 6 11 4 4 2 5 2 4 4
split_gain=6.83323 1.56072 0.748238 0.64437 0.541265 0.59728 0.480382 0.439816 0.570771 0.541699 0.409984 0.397432 0.4179 0.377782 0.42118 0.352287 0.332017 0.331355 0.318184 0.293516 0.290802 0.265685 0.26462 0.271576 0.326245 0.255676 0.255456 0.620149 0.242702 0.341175 0.239481 0.22993 0.420749 0.400945 0.219325 0.221813 0.269131 0.449206 0.241107 0.251675 0.214357 0.208133 0.207258 0.25044 0.478397 0.669371 0.206968 0.246533 0.206022 0.202416 0.269207 0.834719 0.200138 0.329916 0.199107 0.250717 0.19475 0.392651 0.351244 0.244448 0.190463 0.43103
threshold=2019.2524165000002 1037.3317490000002 0 3785.0404965000002 22276.500000000004 1 1.0328750000000002 119.50000000000001 2 3 4 5 253.50000000000003 6 505.53144750000001 7 31278.500000000004 1.1081900000000002 94.500000000000014 37841.500000000007 269.05373500000002 169.50000000000003 8 1.3855100000000002 119.50000000000001 1.6889700000000001 9 28007.500000000004 10 2.5000000000000004 11 12 13 2.5000000000000004 23108.500000000004 14 15 1.3576650000000001 16 1.3824250000000002 331.51854600000007 17 18 19 26786.500000000004 23842.500000000004 32355.500000000004 20 2.1378000000000004 1.3643600000000002 110.50000000000001 1.9863300000000004 29882.500000000004 2.0519750000000001 2325.4203820000002 38584.500000000007 37427.500000000007 21 0.96317500000000011 22 27648.500000000004 26584.500000000004
decision_type=2 2 9 2 2 9 2 2 9 9 1 9 2 9 2 9 2 2 2 2 2 2 9 2 2 2 9 2 9 2 9 1 9 2 2 1 9 2 9 2 2 9 1 9 2 2 2 9 2 2 2 2 2 2 2 2 2 9 2 9 2 2
left_child=1 2 10 4 5 -2 19 8 49 31 -1 12 -5 -8 -15 -6 26 25 -12 20 -4 34 23 24 -20 -17 27 -11 29 -22 54 32 33 -9 -19 38 37 52 39 -36 -24 -18 43 44 45 -13 -10 -48 -28 50 -3 -52 53 -37 -23 -56 59 58 -58 -27 61 -16
right_child=3 7 6 11 15 -7 13 9 46 16 18 42 -14 14 60 17 41 21 22 -21 28 30 40 -25 -26 56 48 -29 -30 -31 -32 -33 -34 -35 35 36 -38 -39 -40 -41 -42 -43 -44 -45 -46 -47 47 -49 -50 -51 51 -53 -54 -55 55 -57 57 -59 -60 -61 -62 -63
leaf_value=0.00011431253028065683 -0.0020679618309717338 -0.0013027399303874281 -0.0067334230500273404 0.001640977506878606 0.00016839565623050001 0.00023607544426315895 -0.0008217840553933867 0.007611139520247211 -0.00061128185957195613 -0.00092578984642482519 -0.0018128946536204314 0.00073251443224007942 0.0065835499015520329 -0.00398640204960031 -0.0016689782938873023 0.0043136084274941148 -0.00096839116697997702 0.0043190053931143864 0.00236858149780043 -0.001013158269582792 -0.002235101932223807 0.0008567048265282417 -0.0026261618698986333 0.0042051417532209786 -0.00068200924103259386 0.001357636823362318 -0.00030217876634462942 -0.0091655555384050156 -0.0023805925589980032 -0.0079646059600654833 0.0014043753859858891 0.00032159569344787837 0.00067036039125551101 0.0019815318289513289 -0.00014982825688614898 0.0072757260932867678 0.00082235566586887207 0.0084347877157569841 0.0010158441304641704 -0.0043898925390462151 -0.00084040705157137309 0.0003706092475417732 0.00067012803784936381 0.0018111978316076615 0.0012996520063285877 -0.0085049592376248359 0.0016948007601545864 -9.3724400750253131e-05 -0.0015485516048144091 0.0026133560772699815 0.00027507903266763478 -0.0086083776599261905 0.0008024266025054435 0.00046782807805678152 0.0033728384746661262 0.0082139266130148558 0.006737373693409098 0.0005890119987480997 0.001389461761589147 -5.146150335925843e-05 -0.00083707099324639126 -0.0079849103883713156
leaf_weight=970 396 1527 49 1706 2995 909 1338 50 1953 75 969 46 43 241 154 42 355 45 107 232 46 52 195 38 464 358 998 32 798 62 644 1528 443 86 444 38 556 32 600 37 1196 1393 3512 951 231 33 213 1375 496 30 56 49 117 33 129 34 56 733 68 1857 377 32
leaf_count=970 396 1527 49 1706 2995 909 1338 50 1953 75 969 46 43 241 154 42 355 45 107 232 46 52 195 38 464 358 998 32 798 62 644 1528 443 86 444 38 556 32 600 37 1196 1393 3512 951 231 33 213 1375 496 30 56 49 117 33 129 34 56 733 68 1857 377 32
internal_value=-6.73905e-06 -0.000684612 -0.00124954 0.000721067 0.000472311 -0.000478155 -0.0018016 -0.000299327 -0.000628175 1.433e-05 -0.000776084 0.00110902 0.00175615 -0.0013588 -0.00221266 0.000612187 -0.000380484 0.000836649 -0.00106954 -0.00261402 -0.00300145 0.00123681 -0.000708657 0.000165602 -0.000107216 0.000484254 -0.000901579 -0.00315952 -0.00279241 -0.00509933 0.00196654 0.000640522 0.00149122 0.00381334 0.000906377 0.0008214 0.00146586 0.00291209 0.000357848 -0.000474572 -0.00108466 9.48566e-05 0.000866077 0.00141771 0.000145728 -0.00318426 -0.000265966 0.000157164 -0.000711965 -0.00138931 -0.00147295 -0.00391264 0.00208649 0.00416194 0.00341311 0.00442656 0.000430513 0.00107008 0.00355484 0.000182689 -0.00148689 -0.00279248
internal_weight=34624 17927 7268 16697 10175 1305 3329 10659 5203 5456 3939 6522 1749 2142 804 8870 3349 5875 2969 1187 955 2761 2000 609 571 3114 1601 107 906 108 859 2107 579 136 1902 1857 776 220 1081 481 1391 1748 4773 1261 310 79 3541 1588 1494 1662 1632 105 188 71 215 163 3072 857 124 2215 563 186
internal_count=34624 17927 7268 16697 10175 1305 3329 10659 5203 5456 3939 6522 1749 2142 804 8870 3349 5875 2969 1187 955 2761 2000 609 571 3114 1601 107 906 108 859 2107 579 136 1902 1857 776 220 1081 481 1391 1748 4773 1261 310 79 3541 1588 1494 1662 1632 105 188 71 215 163 3072 857 124 2215 563 186
cat_boundaries=0 2 4 6 8 9 11 13 15 17 19 21 23 24 26 27 29 31 33 34 36 38 40 42
cat_threshold=1493422526 3388214483 403177481 874700960 1585906244 2550712472 2015732564 3374392026 4 69913281 25371200 546318401 537551656 1204231177 1216971365 65698 2306867408 0 35072 4196416 131072 1057344 19922960 4 1342177860 2147483650 1 512 16917904 1057440 52696464 100663297 413728 4 13632548 5248 2 1619136514 671612928 8192 271581248 335560712
is_linear=0
shrinkage=0.05


Tree=74
num_leaves=63
num_cat=29
split_feature=3 11 3 1 1 2 2 2 1 1 9 1 2 1 2 2 3 9 4 9 5 1 5 2 5 4 2 1 4 6 2 1 9 1 1 4 2 6 9 2 2 5 6 1 9 1 3 2 9 5 9 9 11 11 5 1 2 4 4 11 9 2
split_gain=6.19061 1.27467 0.888349 0.569015 0.55368 0.525126 0.49732 0.471603 0.55687 0.463323 0.457156 0.52487 0.549223 0.464596 0.462673 0.452517 0.448051 0.414865 0.376163 0.372696 0.352186 0.35974 0.333961 0.593802 1.19618 0.431992 0.328436 0.334626 0.707994 0.321749 0.308634 0.347212 0.302448 0.480494 0.327575 0.298659 0.280557 0.450576 0.283934 0.280365 0.270043 0.277177 0.259756 0.436394 0.41597 0.258643 0.256487 0.249262 0.432957 0.723821 0.233044 0.437027 0.234905 0.443996 0.232393 0.227041 0.345242 0.282364 0.224929 0.304545 0.219015 0.216437
threshold=739.25000000000011 2574.5139400000003 248.40000000000003 0 1 2 3 4 5 6 125.50000000000001 7 8 9 10 11 265.35000000000008 36.500000000000007 29458.500000000004 253.50000000000003 1.1406800000000004 12 1.1351900000000004 13 1.0399600000000002 28890.000000000004 14 15 26209.500000000004 2.1611750000000005 16 17 132.50000000000003 18 19 36564.500000000007 20 1.8572450000000003 55.500000000000007 21 22 1.3619150000000002 1.9285300000000001 23 225.50000000000003 24 2762.8000000000006 25 95.500000000000014 1.0290000000000001 159.50000000000003 150.50000000000003 2238.6444120000001 2379.028307 1.2963850000000001 26 27 42240.000000000007 43262.000000000007 2977.7966100000008 155.50000000000003 28
decision_type=2 2 2 9 9 9 9 9 9 9 2 9 9 9 9 9 2 2 2 2 2 9 2 9 2 2 9 9 2 2 9 9 2 9 9 2 9 2 2 9 9 2 2 9 2 9 2 9 2 2 2 2 2 2 2 9 9 2 2 2 2 9
left_child=2 10 3 39 5 -3 32 8 17 16 11 12 -2 26 -13 42 -8 -6 30 36 61 -22 23 24 25 -18 27 28 -12 -19 -11 -32 34 40 -4 46 37 -7 -39 -1 -34 -42 44 50 -15 -16 -10 48 49 -5 51 -44 -52 -54 -31 56 57 -20 -38 -60 -48 -9
right_child=1 4 6 47 7 19 9 20 35 18 13 14 -14 15 45 -17 22 29 55 -21 21 -23 -24 -25 -26 -27 -28 -29 -30 54 31 -33 33 -35 -36 -37 58 38 -40 -41 41 -43 43 -45 -46 -47 60 -49 -50 -51 52 -53 53 -55 -56 -57 -58 -59 59 -61 -62 -63
leaf_value=-0.0018499098709377161 0.00012209068079868521 0.0005752529956944988 -0.0015767764759971983 -0.0030474477839864751 -0.0056103414316153663 0.0085156943949530953 -0.0054868639165457957 0.00013875826204731397 0.00015507781527106246 0.00042292061240598798 -0.0103266599397513 -0.00049028841116028124 -0.0015612072787582459 0.0022459233592321578 3.7808445674326164e-07 0.00034715923973893887 -0.0063340442766535235 9.1119729687639704e-05 0.0012945555573711334 0.0060406286309007554 -0.0015267249190737285 0.0014452317350691622 -0.00077386699282528141 -0.0015620216788717876 -0.012846118631904786 0.00031915893820134164 0.00020216194332125481 -0.00048555848907125168 -0.0013214524254803301 -0.0016970248563397353 -0.0023853301590336341 -0.00077363562918495799 0.00017559732588768001 -0.00048345174614885107 -0.000300001757055159 0.0012845450664006348 0.001331570356432836 0.0069479656401052782 0.0017545739992449337 4.4626937111202286e-05 0.0015690580469023181 0.0061185127253191099 0.0019665848875312099 -2.4389924824666985e-05 0.0077846316742943601 0.0013845899735712474 -0.00037317521093523527 -0.0021400443228798121 -0.0026246400517009817 -0.012558538787480859 0.00074898905818937512 0.0091367643598433863 0.008502939518689346 0.00028840967412439308 -0.0063315312047456654 -0.00063154871540844733 -0.00031652096877095716 0.0062518203679990782 0.0076025532998755807 0.0022102732637769452 -0.0060814499111485586 0.00099014612066522859
leaf_weight=340 810 1552 732 47 54 36 71 1725 1582 234 30 1332 1207 235 584 1507 41 258 230 49 100 2311 940 980 38 58 1941 358 75 114 654 743 472 1364 1603 659 2081 30 184 448 373 36 56 351 39 808 37 951 141 35 168 34 31 34 35 1560 557 32 31 154 30 1322
leaf_count=340 810 1552 732 47 54 36 71 1725 1582 234 30 1332 1207 235 584 1507 41 258 230 49 100 2311 940 980 38 58 1941 358 75 114 654 743 472 1364 1603 659 2081 30 184 448 373 36 56 351 39 808 37 951 141 35 168 34 31 34 35 1560 557 32 31 154 30 1322
internal_value=-6.33852e-06 0.000501873 -0.00088582 -0.0018638 0.000837914 0.00131163 -0.000706637 0.000598401 6.56549e-05 -0.00100048 6.97382e-05 -0.000279538 -0.000888222 0.000410519 0.000173948 0.000892227 -0.00159861 -0.00150013 -0.000679568 0.00175283 0.000868003 0.00132105 -0.00146957 -0.00205381 -0.00505539 -0.00247199 -8.49308e-05 -0.00126525 -0.00362549 -0.000979149 -0.0012659 -0.00154088 -0.000309838 0.000103865 -0.000708796 0.000384037 0.00167392 0.00327611 0.00251155 -0.000787027 0.00100676 0.00193622 0.00174478 0.00123233 0.00305972 0.000808414 2.59288e-05 -0.0025568 -0.00414993 -0.00720946 0.00251692 0.00474596 0.00174687 0.00427558 -0.00282062 -0.000280082 0.000392251 0.00185111 0.00147484 0.00314986 -0.00298096 0.000512057
internal_weight=34624 21944 12680 1962 12344 4117 10718 8227 2769 6138 9600 4741 2017 4859 2724 2455 2128 461 4010 2565 5458 2411 2057 1117 137 99 2404 463 105 407 1631 1397 4580 2245 2335 2308 2516 250 214 788 881 409 948 674 274 1392 1649 1174 223 82 323 90 233 65 149 2379 819 262 2266 185 67 3047
internal_count=34624 21944 12680 1962 12344 4117 10718 8227 2769 6138 9600 4741 2017 4859 2724 2455 2128 461 4010 2565 5458 2411 2057 1117 137 99 2404 463 105 407 1631 1397 4580 2245 2335 2308 2516 250 214 788 881 409 948 674 274 1392 1649 1174 223 82 323 90 233 65 149 2379 819 262 2266 185 67 3047
cat_boundaries=0 2 4 6 8 10 12 14 16 18 20 22 24 26 28 30 32 34 36 38 40 42 44 46 48 50 52 54 56 58
cat_threshold=3758371480 2166499954 891292248 2152325896 1540510868 4232596648 2030068726 1273005138 831489288 1445237049 9192576 142606337 339084801 874295349 890923112 4161622072 190046488 1485049635 1195659359 103113159 89858169 2864080114 1615110221 3776980352 1073741824 2080 0 526600 176160897 1353287680 17039372 16386 2359296 68028448 58740744 2290303682 541072390 2819131249 550016052 2150631011 536939072 65537 1409310736 1124600856 2030059808 1109394432 805479936 276861472 134485377 128057924 142609600 268472321 16838912 2286028866 9574408 2147483776 1180706870 554699972
is_linear=0
shrinkage=0.05


Tree=75
num_leaves=63
num_cat=30
split_feature=3 3 2 5 1 2 1 1 2 4 2 1 3 4 2 4 4 1 5 2 2 1 5 5 2 1 5 8 6 4 2 1 2 9 2 1 3 2 4 5 5 1 3 5 6 1 0 3 1 3 0 4 0 4 1 4 4 4 1 2 6 6
split_gain=5.59011 1.60686 0.687771 0.658823 0.879947 0.591626 0.546341 0.51137 0.541486 0.589223 0.49021 0.473423 0.462397 0.445942 0.507792 0.471079 0.445512 0.445009 0.443118 0.462955 0.446094 0.423642 0.447573 0.412586 0.39685 0.377073 0.35112 0.347796 0.349588 0.343185 0.341575 0.338066 0.344633 0.337285 0.323126 0.318684 0.705402 0.316422 0.431045 0.311376 0.532196 0.308473 0.425784 0.333456 0.375016 0.289546 0.457693 0.355928 0.281662 0.281455 0.278814 0.278441 0.27569 0.339799 0.278196 0.361964 0.260734 0.248603 0.369637 0.263066 0.42762 0.43492
threshold=994.55000000000007 437.45000000000005 0 1.2223850000000003 1 2 3 4 5 25196.500000000004 6 7 2210.3500000000008 41848.000000000007 8 36564.500000000007 34784.500000000007 9 1.0741250000000002 10 11 12 0.85516500000000006 1.0153550000000002 13 14 1.3137050000000003 2.5000000000000004 1.6561650000000003 34866.500000000007 15 16 17 149.50000000000003 18 19 1549.6000000000001 20 32987.500000000007 1.105685 1.0271750000000002 21 2324.8500000000008 1.0308100000000002 2.1638050000000004 22 23 873.6500000000002 24 2833.4500000000003 25 24431.500000000004 26 22439.500000000004 27 26498.500000000004 22593.000000000004 31798.500000000004 28 29 2.1940450000000005 2.2836000000000003
decision_type=2 2 9 2 9 9 9 9 9 2 9 9 2 2 9 2 2 9 2 9 9 9 2 2 9 9 2 2 2 2 9 9 9 2 9 9 2 9 2 2 2 9 2 2 2 9 1 2 9 2 1 2 1 2 9 2 2 2 9 9 2 2
left_child=1 2 11 12 10 7 30 8 -6 -10 16 13 31 14 -1 26 33 37 20 25 -8 22 -4 51 41 -20 27 -16 -29 -24 -3 34 48 -5 35 36 -2 38 -14 40 -30 -19 -43 -44 49 46 -22 -48 -33 -45 -31 56 54 -54 55 -23 -13 58 -32 60 -59 -62
right_child=3 6 21 4 5 -7 18 -9 9 -11 -12 23 17 -15 15 -17 -18 24 19 -21 45 52 29 -25 -26 -27 -28 28 39 50 57 32 -34 -35 -36 -37 -38 -39 -40 -41 -42 42 43 44 -46 -47 47 -49 -50 -51 -52 -53 53 -55 -56 -57 -58 59 -60 -61 61 -63
leaf_value=-0.001492786387295013 -0.00040676316106691955 -0.00024769549659553963 0.0061424155086569959 -0.0015701425154640511 0.0016942319242387316 0.0008679054339850575 -0.0010248697167884462 0.0016515204278757052 0.00073069667217650399 0.0068535286867400114 0.00030263149211548973 -0.003350551081737649 0.00033343278367677011 0.0010683589078585751 -0.0026406982386141041 -0.0092385353190316388 0.0013540152041241528 0.0011486103336858938 0.00019752590481127136 -3.0320762734676543e-05 0.0055784668986422637 0.0058976460509074973 -0.00077645461842104418 -0.0010123363282478288 0.00095502251018037747 0.0019395147383605479 0.00014673418370962499 -0.011256199320327611 -0.0031255979916419495 0.0058017728961810159 -0.0023325378735024964 -0.00077234799294532541 0.0007407391153577569 -0.0084088005128229951 0.00024332357891203947 -0.0005122465878250683 -0.0082973173740712187 0.00054799257175525346 -0.0058164881423290356 -0.00092206663349784471 -0.011746050504734741 0.0079882948695180513 0.001370771871056761 0.010613144243870921 0.00097379215535844065 -0.00016464995473334536 -0.000318970737955245 0.0046678247737211428 0.00044762774623361866 0.0043842389318477183 0.00087677807212657342 -0.0020317606349695393 -0.0029617619069945093 -0.0011168850726273757 -0.00069003251799979555 0.0001281785744859642 -0.008684528435790732 -0.00059872623345602616 -0.00069534540260701022 -0.00021746153597773985 -0.009318386329516001 -0.0020472749299898915
leaf_weight=218 74 2470 31 32 230 1719 1594 1338 50 187 1089 99 66 55 104 54 34 233 586 2517 57 39 386 1288 973 677 41 30 43 35 702 802 4382 42 1911 970 45 879 49 32 31 51 144 31 40 1338 191 43 1121 48 145 487 289 1819 576 85 30 174 727 1083 33 54
leaf_count=218 74 2470 31 32 230 1719 1594 1338 50 187 1089 99 66 55 104 54 34 233 586 2517 57 39 386 1288 973 677 41 30 43 35 702 802 4382 42 1911 970 45 879 49 32 31 51 144 31 40 1338 191 43 1121 48 145 487 289 1819 576 85 30 174 727 1083 33 54
internal_value=-1.42403e-05 -0.000619803 -0.0012963 0.000650741 0.00115 0.00154552 -0.000292854 0.00218168 0.0036277 0.00534568 -2.74072e-05 -0.00192418 0.000451235 -0.00315674 -0.00363511 -0.00483237 -0.00307565 0.00105279 -3.37575e-06 0.000363834 -0.000434037 -0.000824596 0.00038313 -0.00151471 0.00158624 0.00113996 -0.00412724 -0.00485495 -0.00651657 6.41719e-05 -0.000678131 0.000288613 0.00049602 -0.00551191 -0.000148466 -0.000831543 -0.00317064 0.000218138 -0.00213083 -0.00508251 -0.00684533 0.00266808 0.00371854 0.0030043 0.00495312 0.000149744 0.00154865 0.00061337 -6.26703e-05 0.0069306 0.00186118 -0.00258634 -0.00108186 -0.0013711 -0.000225563 0.00182911 -0.00464827 -0.00105904 -0.00152186 -0.000574056 -0.00196398 -0.00487983
internal_weight=34703 18163 5917 16540 4721 3524 12246 1805 467 237 1197 2512 11819 608 553 335 108 2514 7003 3780 3223 3405 597 1904 1520 1263 281 240 136 566 5243 9305 6305 74 3000 1089 119 994 115 106 74 547 314 263 119 1629 291 234 1923 79 180 616 2808 2108 700 124 129 2773 1429 1344 261 87
internal_count=34703 18163 5917 16540 4721 3524 12246 1805 467 237 1197 2512 11819 608 553 335 108 2514 7003 3780 3223 3405 597 1904 1520 1263 281 240 136 566 5243 9305 6305 74 3000 1089 119 994 115 106 74 547 314 263 119 1629 291 234 1923 79 180 616 2808 2108 700 124 129 2773 1429 1344 261 87
cat_boundaries=0 2 4 6 8 10 12 14 16 18 20 22 24 26 28 30 32 34 36 38 40 42 44 46 47 49 50 51 53 55 57
cat_threshold=1204563553 3005469320 1490321417 403705363 2124533 1081595286 2262570595 2526919718 84411010 2717974564 2122481 4198404 142606336 327680 1145313408 545275950 9729 2969698824 30295044 3029487620 139583570 109193418 80914381 210390225 606343172 2415921222 606079560 67469825 1476413704 1092747393 1678588820 1357448615 2772591649 2668363937 1100352137 605094113 71394434 1097888006 2147491840 268435488 67125248 266240 2721054723 786432 49160 541065352 2 9994760 1080135940 2 4 1073752064 1073742336 105910272 2148347938 176193568 17039384
is_linear=0
shrinkage=0.05


Tree=76
num_leaves=63
num_cat=22
split_feature=3 3 3 1 5 1 4 1 1 1 1 5 5 9 4 1 5 0 9 6 4 6 6 5 11 0 6 9 1 6 4 9 1 4 1 9 0 0 6 9 1 4 1 3 4 4 1 4 1 11 4 5 0 1 6 8 4 1 6 1 4 4
split_gain=5.08823 1.38868 0.630953 0.652116 0.562926 0.658642 0.485388 0.587643 0.465758 0.439675 0.420625 0.392031 0.378925 0.377962 0.358713 0.443059 0.631272 0.333364 0.310273 0.485267 0.344849 0.305837 0.406874 0.305792 0.591089 0.299666 0.290824 0.275253 0.309375 0.467803 0.274527 0.270308 0.264609 0.264291 0.246594 0.244899 0.233156 0.222381 0.208919 0.20362 0.238588 0.20026 0.300631 0.428047 0.199953 0.197587 0.192316 0.219789 0.191069 0.208609 0.22839 0.476682 0.213109 0.195219 0.190433 0.186092 0.183157 0.180936 0.180936 0.17985 0.203355 0.174422
threshold=634.05000000000007 1221.3500000000001 229.95000000000002 0 1.2203000000000002 1 26399.500000000004 2 3 4 5 0.93773000000000006 1.0901500000000002 163.50000000000003 33748.500000000007 6 1.3532150000000003 7 121.50000000000001 2.4955500000000002 25302.500000000004 1.9531700000000003 1.9258950000000004 1.3766550000000002 785.30233600000008 8 1.4753200000000002 127.50000000000001 9 2.1071350000000004 25085.500000000004 163.50000000000003 10 26123.500000000004 11 247.50000000000003 12 13 2.1503050000000008 24.500000000000004 14 29458.500000000004 15 383.25000000000006 22734.500000000004 21135.500000000004 16 42051.500000000007 17 1466.3438145000002 29618.500000000004 1.0741250000000002 18 19 1.9960950000000002 2.5000000000000004 47497.500000000007 20 1.9231750000000003 21 20348.500000000004 40041.500000000007
decision_type=2 2 2 9 2 9 2 9 9 9 9 2 2 2 2 9 2 1 2 2 2 2 2 2 2 1 2 2 9 2 2 2 9 2 9 2 1 1 2 2 9 2 9 2 2 2 9 2 9 2 2 2 1 9 2 2 2 9 2 9 2 2
left_child=2 10 3 18 9 21 8 23 11 -3 12 38 48 33 15 16 44 35 19 20 -1 22 31 26 -25 -9 -8 28 29 -14 -21 -6 55 -13 -19 -11 -5 57 45 -27 56 42 43 -42 -7 -4 47 -28 -2 52 51 53 -50 -51 -47 -29 -41 -12 -37 -39 -61 -20
right_child=1 4 6 36 5 14 7 25 -10 17 37 13 27 -15 -16 -17 -18 34 61 30 -22 -23 -24 24 -26 39 46 32 -30 -31 -32 -33 -34 -35 -36 58 -38 59 -40 40 41 -43 -44 -45 -46 54 -48 -49 49 50 -52 -53 -54 -55 -56 -57 -58 -59 -60 60 -62 -63
leaf_value=-0.010087952419001211 -8.5306994234330823e-05 -6.8575558409889699e-05 -0.0074030954499903602 -0.0016173061601602067 0.001186772659437136 -0.0035712258234965586 -0.0045635046295501528 0.00042746433032962928 -0.00057710674943352292 0.00033744294057407015 -0.00054078726303449646 -0.0020646271900653943 -0.00092411930877780947 -0.00031946857872518583 0.001550576022000347 0.0006605352622420309 -0.0068799429830895473 0.001673938966783679 -0.002406422758586887 0.0013911637862642798 -0.0046458316003289927 0.0019648066924205462 0.0083269320021550491 -0.0096333687411970462 -0.00016065459166254316 -0.0015963549639306939 -0.0004225413497640855 -0.0038494817447887425 -0.00026577555981293965 -0.0080196137639826966 -0.0033124412375607655 0.0057993262689851697 0.00059629732720139442 -0.0066685034936667907 0.00071723555310156616 0.0010569285270626537 -1.7262307301280089e-07 0.00020126740751135036 -0.0021920854733616583 -5.4512994022257207e-06 -0.0083020136961372715 -0.00051707402510605934 -0.0006237516344354358 -0.0017974951679312603 0.0010985041044147114 -0.0063364764707096455 -0.0013957680856924652 0.0038906683863377993 -0.0054279248977804348 -0.0022839231586506397 -0.00034009731030219077 -0.0075940360792071358 -0.0016629265658789222 -0.00043734651003786657 -0.0015060423458075653 -2.0124228000501868e-06 0.003072437567636371 0.00025990932751477226 0.0041039698431581603 -0.0011224297128917119 0.0012523604561330412 0.00067953190314685075
leaf_weight=41 802 2329 55 504 89 30 63 1157 1055 3761 1006 655 70 378 1103 1486 48 1236 360 38 109 784 45 31 34 376 224 59 1018 34 157 49 1757 32 1602 154 399 1215 119 1451 40 1452 204 68 87 34 1075 33 44 246 1037 30 241 362 51 66 49 2293 71 97 1156 52
leaf_count=41 802 2329 55 504 89 30 63 1157 1055 3761 1006 655 70 378 1103 1486 48 1236 360 38 109 784 45 31 34 376 224 59 1018 34 157 49 1757 32 1602 154 399 1215 119 1451 40 1452 204 68 87 34 1075 33 44 246 1037 30 241 362 51 66 49 2293 71 97 1156 52
internal_value=-1.3532e-05 0.000379698 -0.000945644 -0.00183826 0.000736644 0.00125516 -0.000773872 -0.000542584 -0.0013817 0.000525738 -1.87809e-05 -0.00200243 -0.000320444 -0.00159056 0.000849729 0.000385995 -0.00199521 0.000727589 -0.00291217 -0.00405736 -0.0061903 0.00237443 0.00423812 -0.0014171 -0.00475592 -0.000272658 -0.00126838 6.76765e-05 -0.000551898 -0.0030113 -0.00239342 0.0028545 0.000437148 -0.00228845 0.00114276 0.000433602 -0.000893664 0.000282898 -0.00376044 -0.000496002 -0.000368796 -0.000760465 -0.00191219 -0.0039026 -0.00011898 -0.00506854 -0.00110922 0.000138847 -0.000743603 -0.00100721 -0.000798648 -0.00154227 -0.00226114 -0.00123169 -0.00348943 -0.00169929 9.64306e-05 1.48032e-05 0.00203234 0.000642259 0.00105932 -0.00201623
internal_weight=34703 24407 10296 1660 12874 3721 8636 6257 2379 9153 11533 1324 5766 1065 2754 1651 165 6824 757 345 150 967 183 1460 65 4797 1395 3004 1122 104 195 138 1882 687 2838 3986 903 5767 259 3640 3264 1764 312 108 117 140 1332 257 2762 1960 1675 638 285 608 85 125 1500 3299 225 2468 1253 412
internal_count=34703 24407 10296 1660 12874 3721 8636 6257 2379 9153 11533 1324 5766 1065 2754 1651 165 6824 757 345 150 967 183 1460 65 4797 1395 3004 1122 104 195 138 1882 687 2838 3986 903 5767 259 3640 3264 1764 312 108 117 140 1332 257 2762 1960 1675 638 285 608 85 125 1500 3299 225 2468 1253 412
cat_boundaries=0 2 4 6 8 10 12 14 15 16 18 20 22 23 24 26 28 30 32 33 35 37 39
cat_threshold=1465018432 1133035932 2231388802 2190025092 348390083 2752644132 1117145129 4255773251 2178180240 2543976864 358487136 3188585893 1074528256 1048577 1 4 269090816 2147745792 4096 2181038080 237506630 139051521 1 1 536920076 1359571289 16791552 130 128 536870916 68157440 2248413316 2 20971520 536945696 134236930 4325952 3399491595 27263002
is_linear=0
shrinkage=0.05


Tree=77
num_leaves=63
num_cat=30
split_feature=3 3 3 1 5 2 1 2 6 2 1 2 1 0 3 5 1 2 3 5 6 2 1 2 2 2 1 5 9 2 6 5 7 5 9 9 6 1 5 1 0 1 2 8 2 6 1 8 9 1 6 1 5 9 9 2 9 1 2 8 6 3
split_gain=4.59536 1.25478 0.569627 0.595691 0.508121 0.648233 0.590559 0.519425 0.613598 0.464237 0.397157 0.586523 0.396373 0.39435 0.44282 0.380755 0.513055 0.677358 0.505878 0.772418 0.639862 0.450744 0.386139 0.548769 0.411894 0.377506 0.343157 0.398651 0.337151 0.331843 0.317391 0.316115 0.372569 0.654989 0.298322 0.287062 0.400906 0.282737 0.323462 0.25125 0.24579 0.274526 0.351343 0.391 0.241708 0.426034 0.245903 0.587362 0.233017 0.232128 0.230919 0.230427 0.552014 0.22539 0.220156 0.219591 0.242721 0.219175 0.246222 0.372992 0.419453 0.417919
threshold=634.05000000000007 1221.3500000000001 229.95000000000002 0 1.2203000000000002 1 2 3 1.9960950000000002 4 5 6 7 8 2081.0000000000005 1.0927050000000003 9 10 739.25000000000011 0.94863500000000012 2.0330750000000006 11 12 13 14 15 16 1.3107450000000003 135.50000000000003 17 1.8910950000000002 1.3510450000000003 4.5000000000000009 1.1744050000000004 42.500000000000007 121.50000000000001 2.4955500000000002 18 1.3311650000000002 19 20 21 22 4.5000000000000009 23 1.5991900000000003 24 2.5000000000000004 163.50000000000003 25 1.9686300000000003 26 1.3444750000000003 28.500000000000004 27.500000000000004 27 211.50000000000003 28 29 4.5000000000000009 2.0775050000000008 849.25000000000011
decision_type=2 2 2 9 2 9 9 9 2 9 9 9 9 1 2 2 9 9 2 2 2 9 9 9 9 9 9 2 2 9 2 2 2 2 2 2 2 9 2 9 1 9 9 2 9 2 9 2 2 9 2 9 2 2 2 9 2 9 9 2 2 2
left_child=2 15 3 35 10 26 7 8 -7 12 25 40 -4 -10 -15 16 17 18 19 -2 -21 54 23 31 57 30 27 -6 -29 37 -3 32 33 -17 -31 36 -1 -14 53 -11 49 42 43 -42 45 -41 47 -47 -30 -12 -32 52 -8 -39 -18 -55 -57 -24 59 61 -61 -59
right_child=1 4 9 -5 5 6 51 -9 13 39 11 -13 29 14 -16 22 21 -19 -20 20 -22 -23 24 -25 -26 -27 -28 28 48 34 50 -33 -34 -35 -36 -37 -38 38 -40 44 41 -43 -44 -45 -46 46 -48 -49 -50 -51 -52 -53 -54 55 -56 56 -58 58 -60 60 -62 -63
leaf_value=-0.0059504158317802902 0.00073312087697559043 0.00070557655509807837 -0.0010001222662768276 -0.00090802922518079987 0.0002928263366651235 0.0097780682247293263 0.0014870939386505265 0.0018775194402341655 0.0010520430965351849 -0.00061776976791040128 -0.0013034735132328211 0.0011610162609025224 -0.00037701128575067764 0.010570866008515624 0.0029783985626216656 0.00017634999103788491 -0.001709712639863028 -0.00043474612195387524 -0.0016608479691715156 -0.013527838986501043 -0.0043389145092449476 0.00064563917727973716 0.00049601087090245092 1.2190300337179052e-05 7.8093895895295706e-05 0.0001875179929555944 0.00062556762547340923 0.00011719731945049717 -0.0078116727872761561 -0.0016669026711293917 -0.0061677099423170815 -0.0060188612995821485 0.0001616485092512687 -0.0083507321730495378 -4.5035054094925808e-06 -0.0019567348164668025 -0.0023623026235902386 0.0048039876761830002 0.0061503491292990856 -0.0072707992841748005 0.0023470584183299947 0.00012570548395113342 0.00086172553270070216 0.0087828867656311819 -0.0011284623191985352 -0.00028885390316014421 -0.0013114483754980697 -0.0077156774669128935 -0.0021882576869701911 0.00011341444287449857 -0.0019794013634912015 0.0012142319194708511 -0.0052667302534246119 -0.00092546431995738738 -0.00022193062510994291 0.0010384714445410344 0.0054963396077838331 0.0045324612762164583 0.0010517694123216303 0.010508799462038424 0.0023750132169308409 4.8407842386070356e-05
leaf_weight=144 35 84 1436 965 135 51 81 653 83 1866 352 3419 212 31 51 45 319 1903 370 32 48 1724 897 1500 2367 2444 669 39 46 321 43 51 121 44 1667 378 173 42 40 40 76 759 388 34 2196 48 425 59 32 1416 138 1803 47 102 1117 144 38 89 684 30 34 123
leaf_count=144 35 84 1436 965 135 51 81 653 83 1866 352 3419 212 31 51 45 319 1903 370 32 48 1724 897 1500 2367 2444 669 39 46 321 43 51 121 44 1667 378 173 42 40 40 76 759 388 34 2196 48 425 59 32 1416 138 1803 47 102 1117 144 38 89 684 30 34 123
internal_value=-1.30034e-05 0.000360697 -0.000898821 -0.00174695 0.000699998 0.00119262 0.00156827 0.00265528 0.00480165 -0.000735611 0.000499621 0.000712581 -0.000338004 0.00350311 0.0059415 -1.80838e-05 -0.000316445 -0.000867408 -0.00251776 -0.00545373 -0.00813612 0.000102478 0.000258499 -0.000362591 0.000517093 -9.62697e-06 3.27652e-05 -0.00150133 -0.00368367 3.52215e-05 -0.00176283 -0.00242989 -0.00164905 -0.00408523 -0.000272263 -0.00285475 -0.00400582 0.00107813 0.00190741 -0.00107579 0.000203369 0.000738272 0.00163449 0.00403409 -0.00138089 -0.00231044 -0.00196789 -0.00404317 -0.00556153 -0.000175986 -0.00300284 0.00106682 -0.000941449 0.00142792 -0.000549569 0.000913537 0.00189086 0.0010729 0.00160021 0.00286698 0.00629074 0.00194331
internal_weight=34703 24407 10296 1660 12874 3721 2800 869 216 8636 9153 6444 4002 165 82 11533 5548 2388 485 115 80 3160 5985 1761 4224 2709 921 252 117 2566 265 261 210 89 1988 695 317 578 366 4634 3025 1257 498 110 2768 572 532 107 78 1768 181 1931 128 326 1436 284 182 1857 960 276 64 212
internal_count=34703 24407 10296 1660 12874 3721 2800 869 216 8636 9153 6444 4002 165 82 11533 5548 2388 485 115 80 3160 5985 1761 4224 2709 921 252 117 2566 265 261 210 89 1988 695 317 578 366 4634 3025 1257 498 110 2768 572 532 107 78 1768 181 1931 128 326 1436 284 182 1857 960 276 64 212
cat_boundaries=0 2 4 6 8 10 12 14 16 17 19 21 23 25 27 29 31 33 35 37 39 40 42 44 46 48 50 52 54 56 58
cat_threshold=1465018688 42516636 970720512 511975456 2231913099 2148343812 2112 1103248 478266322 1267207543 2580833425 2543976864 1100366989 1917992191 2631696713 2258830882 1 827208802 942269729 406864960 75498248 127853423 2315468978 376721477 2789474438 1111523328 51280 559210575 1091234120 68736 1074020608 819205 542375936 706 42467376 16925216 150999297 2372577537 1395073369 1 1109393478 542196241 129 139360 37879844 69476352 512 1065094 1074266114 1074348544 1073741824 1050625 578 48 1224737034 1227602216 4202570 16777288
is_linear=0
shrinkage=0.05


Tree=78
num_leaves=63
num_cat=21
split_feature=3 3 1 3 0 1 1 5 1 1 9 1 11 8 0 9 1 1 5 5 3 1 6 5 9 1 11 6 1 5 9 3 9 11 5 1 9 3 1 0 6 9 11 5 5 9 1 5 1 5 5 3 1 6 6 8 1 5 8 5 6 1
split_gain=4.17837 1.22937 0.60478 0.542674 0.49915 0.585813 0.410474 0.369586 0.462362 0.386788 0.360094 0.34104 0.473118 0.513821 0.328924 0.312589 0.304332 0.242335 0.377804 0.240706 0.421808 0.231745 0.231723 0.216789 0.216778 0.213835 0.318937 0.212298 0.259216 0.315988 0.220776 0.19596 0.20463 0.259146 0.193997 0.209817 0.3278 0.265516 0.189571 0.187132 0.294565 0.184201 0.403826 0.180997 0.335859 0.180259 0.285988 0.716189 0.183976 0.190453 0.178702 0.176814 0.176573 0.175976 0.218724 0.202505 0.172122 0.434699 0.214018 0.171276 0.211491 0.183329
threshold=994.55000000000007 383.25000000000006 0 1991.9500000000003 1 2 3 1.0030650000000001 4 5 127.50000000000001 6 715.06315000000018 1.5000000000000002 7 41.500000000000007 8 9 0.98190500000000014 0.92813000000000001 327.45000000000005 10 1.5340900000000002 1.3689950000000002 44.500000000000007 11 240.082596 2.0586950000000006 12 1.2488900000000001 42.500000000000007 229.95000000000002 38.500000000000007 422.67920450000003 0.99617000000000011 13 224.50000000000003 143.95000000000002 14 15 2.3111200000000003 69.500000000000014 378.27117800000008 0.97996500000000009 0.97063500000000014 157.50000000000003 16 1.3510450000000003 17 1.2834050000000004 0.87258000000000002 1136.3500000000001 18 2.1719750000000002 2.1331250000000002 1.0000000180025095e-35 19 0.84767000000000003 5.5000000000000009 1.2145700000000004 2.3779400000000006 20
decision_type=2 2 9 2 1 9 9 2 9 9 2 9 2 2 1 2 9 9 2 2 2 9 2 2 2 9 2 2 9 2 2 2 2 2 2 9 2 2 9 1 2 2 2 2 2 2 9 2 9 2 2 2 9 2 2 2 9 2 2 2 2 9
left_child=1 2 10 7 6 -6 -3 9 39 50 11 12 13 -1 -15 21 43 18 -11 20 -12 -8 -7 24 -17 26 -21 30 29 51 -10 32 33 -13 56 36 37 -36 -32 40 45 -34 -43 44 -5 46 47 -9 49 -47 -2 -29 -26 54 -45 -55 57 -4 -59 -18 61 -61
right_child=3 4 34 16 5 22 15 8 27 17 19 31 -14 14 -16 23 59 -19 -20 25 -22 -23 -24 -25 52 -27 -28 28 -30 -31 38 -33 41 -35 35 -37 -38 -39 -40 -41 -42 42 -44 53 -46 48 -48 -49 -50 -51 -52 -53 -54 55 -56 -57 -58 58 -60 60 -62 -63
leaf_value=-0.0016323831198908586 -0.00042676260567101613 -0.0010474027564525046 0.0045542778876168947 0.0010363996277048012 -0.00051019358757285608 0.002598959247197421 -0.0001538206877324549 -0.00093128797573118762 -0.00060175497046397407 -0.0011310276025808634 -0.0014930602482030625 -0.0078771051255100196 -0.0010071821074119195 -0.01189070464897668 -0.0058622269866256309 0.0028560873595364559 0.00043943526734261979 -0.00025672550307200714 -0.0065462596022131808 -0.0050495994270348286 -0.0078526873181949172 -0.0019017831501611554 0.00041202315517422321 0.0012445846209088206 -0.0005898420083361545 -0.00032187796743341889 -0.00122282171367309 0.0044384642889781388 0.00036348114580701617 0.0053029381987814359 0.00083743148714052597 -0.0012706244829464829 -2.6499391498037841e-05 -0.0023901634535999326 -0.004238464307272807 -0.00082589454585851494 0.0044591577485500076 0.00024955878542777044 0.0019234766985296765 0.00056241775871130348 -0.0033621022238799342 -0.001700289525314443 -0.0080746512274345161 0.0018507716804179023 -0.0034323826693846218 0.00013694574522010595 -5.6694675918599313e-05 -0.0091315319491249904 0.00090610351350708235 -0.0039067594702680451 0.0010730278481542027 0.00030780139801419763 9.6297740138615398e-05 -0.0016339936094564936 0.0042855913504504361 0.0013369793073059817 -0.0020378508115381049 -0.00039115911276894623 -0.0037108093680303898 -0.00050434301911010389 -0.0023021238123452884 0.001616160422782259
leaf_weight=56 262 2753 37 491 2579 125 335 191 139 216 97 40 78 31 97 56 2377 2033 37 66 35 458 3165 276 1885 574 297 31 1787 60 772 448 73 48 34 1211 43 563 991 1622 68 115 31 954 45 90 1102 30 643 42 814 137 1855 65 102 443 427 213 62 116 40 840
leaf_count=56 262 2753 37 491 2579 125 335 191 139 216 97 40 78 31 97 56 2377 2033 37 66 35 458 3165 276 1885 574 297 31 1787 60 772 448 73 48 34 1211 43 563 991 1622 68 115 31 954 45 90 1102 30 643 42 814 137 1855 65 102 443 427 213 62 116 40 840
internal_value=-1.23639e-05 -0.000535907 -0.00123444 0.00056255 -0.00029365 5.29017e-05 -0.000560609 0.000361091 0.000551935 -7.63184e-05 -0.00186735 -0.00254989 -0.00413045 -0.00566512 -0.00740311 -0.000282252 0.000969782 -0.000443595 -0.00187194 -0.00123368 -0.00322569 -0.00119038 0.000494376 -0.000105844 -0.000204333 -0.000949918 -0.00187894 0.000931851 0.000576154 0.00212547 0.00131308 -0.00191668 -0.00291449 -0.00494471 -0.000714202 -0.000443108 0.00028972 -1.27008e-05 0.0014643 0.000156066 -0.000147627 -0.00207992 -0.00309947 0.00144325 0.000655529 -4.1888e-05 -0.000396515 -0.00199088 0.000563226 -0.00108761 0.000701269 0.00109176 -0.000250909 0.00172184 0.00208979 0.000954372 -0.00140136 -0.000447141 -0.00115032 0.000668407 0.00122058 0.00137022
internal_weight=34703 18163 4676 16540 13487 5869 7618 11067 7705 3362 2086 1017 262 184 128 4865 5473 2286 253 1069 132 793 3290 4072 3796 937 363 3917 2015 228 1902 755 307 88 2590 1851 640 597 1763 3788 2166 219 146 2100 536 2098 1323 221 775 132 1076 168 3740 1564 1056 508 739 312 275 3373 996 956
internal_count=34703 18163 4676 16540 13487 5869 7618 11067 7705 3362 2086 1017 262 184 128 4865 5473 2286 253 1069 132 793 3290 4072 3796 937 363 3917 2015 228 1902 755 307 88 2590 1851 640 597 1763 3788 2166 219 146 2100 536 2098 1323 221 775 132 1076 168 3740 1564 1056 508 739 312 275 3373 996 956
cat_boundaries=0 2 3 5 7 9 11 13 14 16 18 20 22 24 26 28 29 31 33 35 37 39
cat_threshold=1475504712 646103100 1 2526156521 2425900450 6052978 2923933796 2048311335 2032048779 1241547686 1079116423 269486080 612401184 4 2235042368 134845056 2151678984 402718720 1384251788 1350568194 1153433672 100679688 2164260936 2147483904 2818838656 134810368 2233467224 2157969748 1 1342193664 1074268160 33554432 33283 1518469892 3166081 134250624 3640657090 12582921 257
is_linear=0
shrinkage=0.05


Tree=79
num_leaves=63
num_cat=28
split_feature=3 3 4 1 2 2 11 1 2 2 1 4 1 2 2 1 5 5 3 1 5 5 5 1 2 11 2 1 5 1 9 1 9 8 9 1 2 3 9 5 2 4 1 3 9 9 1 4 2 11 4 4 1 9 1 4 2 5 5 2 5 5
split_gain=3.82046 0.903671 0.588282 0.623267 0.626588 0.54959 0.536674 0.669807 0.499815 0.466 0.45348 0.452475 0.47416 0.577486 0.552917 0.445105 0.575652 0.776859 0.557447 0.418929 0.378307 0.377651 0.391965 0.376079 0.451205 0.355958 0.341174 0.673784 0.400211 0.336364 0.353987 0.323878 0.32236 0.344023 0.303249 0.302218 0.410508 0.290656 0.343114 0.27583 0.362182 0.281032 0.273908 0.358819 0.454023 0.561586 0.273265 0.30361 0.506435 0.602922 0.273028 0.266624 0.279596 0.264386 0.259321 0.259175 0.252108 0.347243 0.368543 0.250264 0.330797 0.383417
threshold=696.6500000000002 1735.45 32355.500000000004 0 1 2 401.36682250000007 3 4 5 6 35188.000000000007 7 8 9 10 1.3554650000000004 1.3739000000000001 927.35000000000002 11 1.3855100000000002 1.0901500000000002 0.93773000000000006 12 13 1716.7337040000004 14 15 1.3466350000000002 16 37.500000000000007 17 88.500000000000014 2.5000000000000004 124.50000000000001 18 19 239.45000000000002 76.500000000000014 0.88973500000000005 20 39647.000000000007 21 314.05000000000007 73.500000000000014 28.500000000000004 22 34334.000000000007 23 856.60704000000021 17748.500000000004 17385.500000000004 24 135.50000000000003 25 20348.500000000004 26 1.3425450000000001 0.91404500000000011 27 1.0399600000000002 1.1783750000000002
decision_type=2 2 2 9 9 9 2 9 9 9 9 2 9 9 9 9 2 2 2 9 2 2 2 9 9 2 9 9 2 9 2 9 2 2 2 9 9 2 2 2 9 2 9 2 2 2 9 2 9 2 2 2 9 2 9 2 9 2 2 9 2 2
left_child=2 11 6 5 46 10 7 34 23 19 -4 12 14 -14 15 50 18 -18 21 20 37 22 -17 24 29 -23 27 28 -13 30 -3 -15 -32 -34 -1 36 -28 38 -8 -12 -41 -42 43 44 45 -11 -5 -48 49 -49 -2 -10 -53 -43 59 -46 57 58 -45 60 -16 -62
right_child=1 8 3 4 -6 -7 9 -9 51 42 39 26 13 31 54 16 17 -19 -20 -21 -22 25 -24 -25 -26 -27 35 -29 -30 -31 32 -33 33 -35 -36 -37 -38 -39 -40 40 41 53 -44 56 55 -47 47 48 -50 -51 -52 52 -54 -55 -56 -57 -58 -59 -60 -61 61 -63
leaf_value=-0.009660171397683574 -0.0035771619084121161 -0.0074454892953023481 4.3325698577606606e-05 -0.0009698222853149396 -0.00023023886776151579 -0.00032383448236566846 0.0066189942780781443 -0.0016199553479913763 -0.00073368006719517456 -0.00209669662823823 0.0066898953086980753 0.002271497952967464 -0.00024368866856443232 0.00020349797038441577 -0.00054473743640660681 -0.0013739270987571219 -0.012318493259109317 -0.0013302008306241729 -0.00049592199794431982 -0.00088364104799018941 0.0058267632992694066 0.0004461030208842893 -0.0069627461364410812 0.00079477241105815096 0.0004600479687852135 -0.0050377822496941215 -0.002256071319652267 0.00050276637668176811 0.0072057001424305463 -0.0003200277123518616 0.001369229881136282 0.0012653861341543856 -0.00016860626395403719 -0.0051848427683580667 -0.0040809998260616948 0.00051684243253736714 0.00011489110812036986 -4.1398457483805517e-05 -0.00032966678629496268 0.00051593446458084267 0.0022822003765454574 0.0096823759507969967 -0.00091078450984028022 -0.0063192348693105905 -0.0059163327256101187 -0.0095654630875547566 -0.00065630199580268443 -0.011685291766338108 -0.0021019999618205379 -0.0037969530975487942 -0.00016254597658123851 0.0015845424001836553 0.00069564132065154187 0.0031095857612054908 -0.0003555629864587842 -0.00087162705463015308 -0.00091874626925032116 -0.0071032380999531608 -0.0013326488439477635 0.00033897313795457621 0.0092459256858414707 0.0018932724752548067
leaf_weight=44 62 35 455 492 1322 1996 36 564 174 47 33 414 3011 1427 42 47 30 34 412 1944 30 86 97 2157 927 44 247 1366 45 368 51 1465 56 87 59 2238 628 862 34 224 116 31 1578 43 31 55 135 40 302 63 829 2497 1459 32 1820 127 690 39 241 810 30 43
leaf_count=44 62 35 455 492 1322 1996 36 564 174 47 33 414 3011 1427 42 47 30 34 412 1944 30 86 97 2157 927 44 247 1366 45 368 51 1465 56 87 59 2238 628 862 34 224 116 31 1578 43 31 55 135 40 302 63 829 2497 1459 32 1820 127 690 39 241 810 30 43
internal_value=-1.1874e-05 0.000361429 -0.000749103 -0.000355893 -0.0009573 0.000137483 -0.0010698 -0.00241174 0.00079862 -0.000913929 0.00116226 0.000137125 -5.17035e-05 0.00024077 -0.000444836 -0.0011681 -0.00206233 -0.00659124 -0.00166085 -0.000462547 0.000388764 -0.00340432 -0.00516067 0.000371231 -0.000229629 -0.00143427 0.000530506 0.00107105 0.00271092 -0.00128948 -0.00276131 0.000744175 -0.00202398 -0.00323526 -0.00596112 0.00020926 -0.000574098 0.00021183 0.00328682 0.00230016 0.00198197 0.00357616 -0.00136728 -0.0019205 -0.0035908 -0.00617774 -0.00187642 -0.00266658 -0.00339908 -0.00633423 -0.000399417 0.00117562 0.00126273 0.00644457 -9.5192e-06 -0.0018924 -0.00150761 -0.00264873 -0.00210718 0.000667522 0.00275003 0.00499902
internal_weight=34703 23038 11665 5241 2354 2887 6424 667 7811 5757 891 15227 10289 5903 4386 1641 750 64 686 2906 962 274 144 3681 1524 130 4938 1825 459 597 229 2892 194 143 103 3113 875 932 70 436 403 179 2851 1273 260 102 1032 540 405 103 891 4130 3956 63 2745 158 1013 323 284 925 115 73
internal_count=34703 23038 11665 5241 2354 2887 6424 667 7811 5757 891 15227 10289 5903 4386 1641 750 64 686 2906 962 274 144 3681 1524 130 4938 1825 459 597 229 2892 194 143 103 3113 875 932 70 436 403 179 2851 1273 260 102 1032 540 405 103 891 4130 3956 63 2745 158 1013 323 284 925 115 73
cat_boundaries=0 2 4 6 8 10 12 14 16 18 20 22 24 26 28 30 32 34 36 38 40 42 44 46 48 50 52 54 56
cat_threshold=3045091596 4184449987 1161969321 271462536 134225027 671789552 339746816 4 1137997232 974403767 1085924274 1206717703 67135752 153649282 500960320 2623419649 655362829 786396980 295589101 2181155586 202640448 469767424 675556903 3909093521 3502810153 2697339073 4456864 274561 714610777 9526070 209750658 2147619457 2148008969 2160197633 3760325384 572639828 109110912 2583763104 1140884512 16810176 6272 532864 97525292 2089390242 175408704 33705984 4194336 2883712 1160289832 550494853 29884416 2149064704 541196301 12352 8704 17301504
is_linear=0
shrinkage=0.05


Tree=80
num_leaves=63
num_cat=31
split_feature=3 0 3 2 1 1 1 2 1 2 0 2 2 2 1 3 6 9 4 6 9 9 6 4 6 6 1 2 2 1 6 1 2 2 4 1 4 9 1 3 9 2 1 1 4 4 2 1 4 4 1 4 6 3 3 4 1 6 1 3 2 9
split_gain=3.79167 1.04036 0.487329 0.471738 0.711253 0.60753 0.466554 0.466971 0.445961 0.647967 0.412244 0.402506 0.39554 0.38201 0.540426 0.45467 0.337045 0.434455 0.385896 0.332023 0.353688 0.467216 0.367429 0.34282 0.401975 0.334646 0.31558 0.37836 0.353031 0.328173 0.429472 0.312002 0.458086 0.291895 0.281752 0.281437 0.295623 0.278011 0.538898 0.898925 0.579672 0.266351 0.313537 0.264495 0.32105 0.57472 0.285214 0.278284 0.370612 0.259837 0.492513 0.434394 0.298896 0.238864 0.236603 0.226227 0.221384 0.364948 0.218412 0.21779 0.213991 0.208801
threshold=678.40000000000009 0 1213.3500000000001 1 2 3 4 5 6 7 8 9 10 11 12 390.35000000000008 1.6429700000000003 112.50000000000001 25499.500000000004 2.1071350000000004 216.50000000000003 240.50000000000003 1.9611150000000002 26209.500000000004 2.2248350000000001 2.1200100000000002 13 14 15 16 2.2383750000000004 17 18 19 20550.500000000004 20 29458.500000000004 109.50000000000001 21 1890.0500000000004 187.50000000000003 22 23 24 28635.500000000004 29164.000000000004 25 26 37841.500000000007 29458.500000000004 27 28093.500000000004 1.714485 814.75000000000011 265.35000000000008 15735.000000000002 28 1.9611150000000002 29 405.65000000000003 30 73.500000000000014
decision_type=2 1 2 9 9 9 9 9 9 9 1 9 9 9 9 2 2 2 2 2 2 2 2 2 2 2 9 9 9 9 2 9 9 9 2 9 2 2 9 2 2 9 9 9 2 2 9 9 2 2 9 2 2 2 2 2 9 2 9 2 9 2
left_child=6 3 26 4 19 34 7 54 9 37 13 35 16 14 15 -8 17 -12 -19 20 56 22 -22 24 -21 -25 27 29 55 30 53 -30 -33 58 -5 36 -10 60 39 40 -39 42 -36 -18 -45 -46 61 48 -48 50 51 52 -14 -3 -1 -28 57 -2 -7 -52 -4 -47
right_child=1 2 8 5 -6 33 10 -9 11 -11 12 -13 49 -15 -16 -17 43 18 -20 23 21 -23 -24 25 -26 -27 28 -29 31 -31 -32 32 -34 -35 41 -37 -38 38 -40 -41 -42 -43 -44 44 45 46 47 -49 -50 -51 59 -53 -54 -55 -56 -57 -58 -59 -60 -61 -62 -63
leaf_value=-0.0027241351013634137 -0.0071428155449065091 -0.0095207629990909492 0.00020820017614929924 -0.0013504117202981748 0.00013354639583328248 0.00064127356588189206 0.0079755952073944231 -0.00063404728651726802 -0.0057224289299920208 0.0008217447070977765 0.0054029511849776925 0.00096620931091633455 -0.0069327470232059974 -0.00033713774834337728 0.0003671050533308804 0.0017718659509738833 -0.0012481683726984897 0.0050717510313628934 -0.00043203474818851486 -0.0077934748276089457 -0.0025511848344346318 0.00023258264754399388 -0.0093423825044333681 -0.0060256614511385318 -0.0017516047006076272 -0.00097025978199578161 -0.0037305729492013717 0.00022470585065859205 0.00056188225287159691 -0.00050314436013830456 0.00075813043983998798 0.00038515974245126745 0.0032398612261194532 0.00044304566785574508 -0.0011934948862823262 1.6376609059162466e-05 -0.00042471137869717115 0.013894210978423872 0.001989703240029228 0.0028697121402904116 0.0050596788221110517 0.00032357762069303573 6.2107826537084428e-05 -0.00097704724438268313 0.0073249954499319319 -0.0020337023434295692 0.0018333812473080289 0.00032754028520529821 0.0083377591894532085 -0.00069520314484059192 -0.0018953727478542015 -0.0081780093850102285 -0.0020773059954480254 -0.0036355461609863873 -0.0014264489561117738 0.00024128401938559881 4.8007850231075184e-05 -0.00064369548745660677 0.0021558265973028031 -0.00037336978453123779 0.002285368154677607 0.00032295687386376342
leaf_weight=455 30 31 212 440 2008 513 50 2080 49 1582 54 1995 35 1242 445 72 638 37 196 58 47 61 35 37 53 241 36 1656 693 254 31 243 369 4111 825 605 56 39 501 134 38 2465 1232 501 30 143 72 194 31 1959 394 39 286 42 1562 1154 573 72 489 582 330 270
leaf_count=455 30 31 212 440 2008 513 50 2080 49 1582 54 1995 35 1242 445 72 638 37 196 58 47 61 35 37 53 241 36 1656 693 254 31 243 369 4111 825 605 56 39 501 134 38 2465 1232 501 30 143 72 194 31 1959 394 39 286 42 1562 1154 573 72 489 582 330 270
internal_value=7.7544e-06 0.000372463 0.000756313 8.21584e-05 -0.000444294 0.000250373 -0.000741074 -0.00116785 0.00107037 0.00150826 -0.000498145 0.000603083 -0.000715499 0.000155286 0.00121713 0.00403084 -0.000186599 0.00140548 0.000459896 -0.00139813 -0.000836072 -0.00308585 -0.0055275 -0.00261072 -0.00495001 -0.00166229 0.000370225 -9.6534e-05 0.000744292 -0.00154489 -0.00379768 0.00131044 0.00213319 0.000632353 -0.000143759 -0.000416424 -0.00267526 0.00235966 0.00302838 0.00513742 0.00965508 -2.63948e-05 -0.000445146 -0.000431386 -7.53833e-07 0.00066064 0.000369141 0.0015188 0.00351443 -0.00105924 -0.00160002 -0.00316142 -0.0026266 -0.00622963 -0.00171191 0.000117112 -0.000355592 -0.00237537 0.0013958 -0.000979075 0.0015207 -0.000484273
internal_weight=34707 23340 10050 13290 3215 10075 11367 4097 5541 2836 7270 2705 5461 1809 567 122 2166 287 233 1207 818 143 82 389 111 278 4509 2014 2495 358 104 1305 612 5113 4962 710 105 1254 712 211 77 4522 2057 1879 1241 740 710 297 103 3295 1336 360 321 73 2017 1190 675 102 1002 976 542 413
internal_count=34707 23340 10050 13290 3215 10075 11367 4097 5541 2836 7270 2705 5461 1809 567 122 2166 287 233 1207 818 143 82 389 111 278 4509 2014 2495 358 104 1305 612 5113 4962 710 105 1254 712 211 77 4522 2057 1879 1241 740 710 297 103 3295 1336 360 321 73 2017 1190 675 102 1002 976 542 413
cat_boundaries=0 1 3 5 7 9 11 13 15 16 18 20 22 24 26 28 30 32 34 36 38 40 42 44 46 48 50 52 54 56 58 60
cat_threshold=1 299319424 67257120 2480600001 22619136 1238651927 2124827257 385369707 647024684 105264803 806181580 4280848963 273017676 604056129 72873460 4 1694641152 1092915216 8626401 160051449 151136516 2625090 16779264 134357506 2510594659 3089690831 335549441 3322413192 1627890041 439014904 8397312 2148008064 1750075648 59180080 8931844 67117568 539002184 1083244554 17544 2097152 352846402 262400 1174447889 1371640966 1082408962 503333409 1611008276 1226967056 8552576 16777433 0 2416510208 16783360 1208483922 29364224 524288 604539200 17376516 8192 5268976
is_linear=0
shrinkage=0.05


Tree=81
num_leaves=63
num_cat=16
split_feature=11 0 11 4 2 5 2 2 2 4 2 2 5 9 2 9 2 6 5 0 5 4 4 11 2 11 5 9 5 2 2 5 5 4 11 6 5 9 6 5 4 2 6 9 11 4 5 0 5 11 9 5 11 2 9 8 9 6 9 11 4 8
split_gain=3.25862 0.825206 0.514139 0.496122 0.570687 0.471994 0.542454 0.489263 0.454779 0.420872 0.608708 0.56267 0.414919 0.364057 0.43463 0.388209 0.319919 0.297097 0.296939 0.29251 0.292428 0.276841 0.403034 0.273306 0.268967 0.394446 0.498731 0.263431 0.360574 0.260953 0.246276 0.239977 0.466686 0.38954 0.228792 0.226366 0.220072 0.21398 0.209491 0.262012 0.208392 0.204871 0.203867 0.20358 0.206621 0.244156 0.617389 0.206508 0.19893 0.197237 0.22826 0.196654 0.193973 0.188529 0.349974 0.254761 0.33241 0.410619 0.311069 0.258606 0.182004 0.398135
threshold=1638.4682955000003 0 987.64687050000009 38152.500000000007 1 1.1028350000000002 2 3 4 32987.500000000007 5 6 1.3972750000000003 27.500000000000004 7 18.500000000000004 8 2.2969050000000002 0.95911000000000002 9 1.0574750000000002 29314.500000000004 29618.500000000004 207.67896000000005 10 643.77397250000013 0.89751000000000014 117.50000000000001 1.2731450000000002 11 12 1.0364250000000002 0.95082000000000011 25398.500000000004 3785.0404965000002 1.5606650000000004 1.2464850000000001 158.50000000000003 2.0009550000000007 1.3576650000000001 28273.500000000004 13 2.2091200000000004 132.50000000000003 629.67235850000009 41029.000000000007 1.2045950000000001 14 1.0976150000000002 2924.3514750000004 175.50000000000003 1.2084450000000002 4172.493399 15 152.50000000000003 1.0000000180025095e-35 224.50000000000003 2.2287150000000007 198.50000000000003 2343.0620255000008 37527.500000000007 3.5000000000000004
decision_type=2 1 2 2 9 2 9 9 9 2 9 9 2 2 9 2 9 2 2 1 2 2 2 2 9 2 2 2 2 9 9 2 2 2 2 2 2 2 2 2 2 9 2 2 2 2 2 1 2 2 2 2 2 9 2 2 2 2 2 2 2 2
left_child=2 3 9 8 37 7 12 48 17 11 20 19 52 14 15 -4 -15 34 24 31 29 30 -23 36 25 -13 -27 28 60 -11 -9 32 -1 -34 -2 -18 -20 -5 39 -10 -41 -24 -8 44 45 -12 -47 -45 -3 50 -44 -21 -7 54 -40 -56 57 58 59 -57 -22 -62
right_child=1 5 13 4 -6 6 42 21 38 10 43 18 -14 16 -16 -17 35 -19 23 51 27 22 41 -25 -26 26 -28 -29 -30 -31 -32 -33 33 -35 -36 -37 -38 -39 53 40 -42 -43 49 47 -46 46 -48 -49 -50 -51 -52 -53 -54 -55 55 56 -58 -59 -60 -61 61 -63
leaf_value=-0.00084312578411543297 -0.00053546274168177871 -6.3277141212164287e-05 -0.0020800812561194309 0.0013886157390481974 0.00032026290992509662 0.0015965654565074654 0.00059787211954069814 -0.0012220504259996038 0.00049493555631694342 -0.0017646214215216918 -0.0017302138675469904 -0.0019449113189931148 0.007423381940335841 -0.0006517528237168441 -0.00076928833044051384 -0.0081874793843044677 0.0042856485437368979 -0.0020392562025207742 -0.0070581385597903046 -0.0013839805727391061 -5.649717915375e-05 0.006171138769908188 0.00050200617175598101 -0.0013533255248948869 -0.0020207452685329385 -0.0035098611250622062 -0.012424543146511442 0.00044649834064771401 0.0071093396636165889 0.00061955279889540794 0.00068178416997069166 -0.00029097871238571737 0.008141961578910081 0.0011281748869078003 0.00049359281230390312 6.4328669017451652e-05 -0.0016182372922469912 0.0033509505531713205 -0.0004094738701497334 0.0062281230658603219 0.0010685568164464914 0.0017344707702089393 0.00048474973789373134 0.00080936840860050411 -0.0009305802746369554 -0.0013352013375631279 -0.0097492677191857603 -0.00094806764632817005 -0.0039744495548251447 0.0023581351363459999 0.0031390497012277288 -0.00014058554439114188 0.0033233720798662675 -0.00025306132287523025 -0.001408583382897846 0.0063032040884946558 -0.00095639889563056484 0.0071608752756322433 -0.00075844286306340613 0.0014647727360242576 2.105895523438413e-05 0.0064669867283753228
leaf_weight=70 2806 2196 71 373 1859 690 2468 213 2437 213 249 45 36 2147 769 41 31 276 38 935 86 41 638 1514 321 32 32 502 35 229 697 324 40 39 668 4210 37 223 347 35 44 781 522 221 474 54 36 677 32 371 95 482 214 2264 50 50 57 52 61 62 50 45
leaf_count=70 2806 2196 71 373 1859 690 2468 213 2437 213 249 45 36 2147 769 41 31 276 38 935 86 41 638 1514 321 32 32 502 35 229 697 324 40 39 668 4210 37 223 347 35 44 781 522 221 474 54 36 677 32 371 95 482 214 2264 50 50 57 52 61 62 50 45
internal_value=7.50625e-06 0.000407036 -0.00057996 0.000129517 0.000760931 0.000766886 0.00113729 0.000412585 -3.88737e-05 -0.000893127 -0.00043324 -0.0012307 0.00220023 -0.000287777 -0.00124001 -0.00401333 -0.000156277 -0.000462033 -0.00180948 -0.000599049 0.00045054 0.000910397 0.00134065 -0.00150129 -0.0029842 -0.00512751 -0.00808977 0.00107672 0.00253261 -0.00055662 0.000229379 0.000473665 0.00212724 0.00473684 -0.000337505 9.59616e-05 -0.00443106 0.00209218 0.000252226 0.000587585 0.00340372 0.00119683 0.000838836 -0.00102895 -0.00160779 -0.00254915 -0.00477098 -0.000515139 -0.000120668 0.00144803 0.000897853 -0.000961431 0.00200857 -3.37205e-05 0.000690495 0.00185867 0.0024409 0.00330198 0.00210759 0.00366145 0.00161341 0.00310995
internal_weight=34707 20658 14049 11664 2455 8994 4396 4598 9209 6780 2871 3909 940 7269 881 112 6388 3750 2019 1890 1160 2370 1460 1589 430 109 64 718 216 442 910 473 149 79 3474 4241 75 596 5459 2516 79 1419 3456 1711 813 339 90 898 2228 988 617 1417 904 2943 679 332 282 225 173 112 181 95
internal_count=34707 20658 14049 11664 2455 8994 4396 4598 9209 6780 2871 3909 940 7269 881 112 6388 3750 2019 1890 1160 2370 1460 1589 430 109 64 718 216 442 910 473 149 79 3474 4241 75 596 5459 2516 79 1419 3456 1711 813 339 90 898 2228 988 617 1417 904 2943 679 332 282 225 173 112 181 95
cat_boundaries=0 1 3 5 7 9 11 13 15 17 18 20 22 24 26 27 29
cat_threshold=1 673710092 147867282 33557184 1091650630 1455437260 1396459215 1775710864 630277810 671348740 671127536 1493811694 1173883971 150994948 67111426 440828488 2491334916 4 536881152 139520 155648 5248 537937920 12320 152748050 142641424 4 32833 1075839241
is_linear=0
shrinkage=0.05


Tree=82
num_leaves=63
num_cat=27
split_feature=3 3 4 2 1 5 2 1 4 1 1 11 2 1 2 2 5 4 1 2 3 8 5 1 2 4 1 2 2 1 6 9 5 1 5 2 9 11 6 6 3 2 4 2 1 2 1 1 9 4 11 4 6 3 4 2 4 5 11 9 11 11
split_gain=3.11855 0.741766 0.450233 0.445243 0.412888 0.3967 0.458519 0.681494 0.562241 0.385253 0.381369 1.38932 0.357383 0.355992 0.424266 0.321535 0.810426 0.319616 0.419161 0.646789 0.442695 0.951435 0.40827 0.327334 0.435183 0.443626 0.400075 0.370187 0.311117 0.35695 0.437335 0.291024 0.424308 0.281916 0.451081 0.277205 0.511388 0.684487 0.267054 0.294424 0.263695 0.260709 0.377841 0.255577 0.410986 0.374923 0.267471 0.255208 0.297172 0.284853 0.508526 0.472769 0.45716 0.254778 0.253867 0.247708 0.474973 0.508603 0.241496 0.229244 0.227364 0.743436
threshold=678.40000000000009 1246.0500000000002 33088.500000000007 0 1 0.95911000000000002 2 3 29387.500000000004 4 5 2896.1732205000003 6 7 8 9 1.3824250000000002 29238.500000000004 10 11 814.75000000000011 1.5000000000000002 1.0202700000000002 12 13 29544.500000000004 14 15 16 17 1.9481900000000001 203.50000000000003 0.94643500000000003 18 1.3216450000000004 19 110.50000000000001 4416.0972050000009 2.2214150000000008 2.2836000000000003 2793.0000000000005 20 39409.500000000007 21 22 23 24 25 127.50000000000001 25601.500000000004 4697.6408130000009 28093.500000000004 1.9960950000000002 531.1500000000002 36474.500000000007 26 33984.000000000007 1.1028350000000002 207.67896000000005 47.500000000000007 897.10326000000009 808.2378235000001
decision_type=2 2 2 9 9 2 9 9 2 9 9 2 9 9 9 9 2 2 9 9 2 2 2 9 9 2 9 9 9 9 2 2 2 9 2 9 2 2 2 2 2 9 2 9 9 9 9 9 2 2 2 2 2 2 2 9 2 2 2 2 2 2
left_child=4 17 13 10 12 6 7 8 -6 35 11 -4 58 15 47 16 33 18 19 20 21 -2 -23 27 25 -25 55 -19 29 30 -20 -13 -33 34 -3 36 37 -5 -22 -40 -11 42 53 46 45 54 -7 48 -15 -50 51 -51 -53 -8 -45 -27 57 -57 -1 -55 61 -47
right_child=1 2 3 9 5 43 41 -9 -10 40 -12 31 -14 14 -16 -17 -18 23 28 -21 38 22 -24 24 -26 26 -28 -29 -30 -31 -32 32 -34 -35 -36 -37 -38 -39 39 -41 -42 -43 -44 44 -46 60 -48 -49 49 50 -52 52 -54 59 -56 56 -58 -59 -60 -61 -62 -63
leaf_value=-0.004406092562586875 -0.011121360456610736 -0.0010411050721160278 0.011243496796685376 -0.00093231946154828042 -0.010957572092801068 -0.0011564379346684795 -0.0013101724498417804 -0.0011241499468736228 -0.003535871641454703 0.00076649318686923063 0.0010926967138120609 0.0014019679877438666 -0.0006247649450666599 0.0009735659043647411 0.0002291983713967506 0.00026658345739246373 -0.0084520073456908849 -0.0007241719771049033 0.0061021042917218443 -0.00020549598433682579 -0.00095712297126728473 -0.0069591081198004459 -0.00014863237096057215 0.0069541386981975791 0.00017294033129733132 0.00065441316702057842 0.00055240020692682472 0.00039207938245453694 -0.0003181330366286468 0.00024209755572179503 0.0012720609527401882 0.00018418188362071913 0.00716070710271918 0.00022992222915318942 -0.0067970380915204787 0.00031646206855984931 0.00020981913126628832 -0.0090786515365147754 -0.0078530184933697459 -0.0010836280054611373 0.0025039196668430346 -0.0010182513527002906 0.0049508088702956837 -0.00060818348092181408 -0.00041799702916518207 0.0016345700321570352 -0.00014174710264644867 0.00077565706049428473 0.0014623153051973163 0.011793647029116984 0.0010370857816958574 0.0090012998865859114 0.0011535100412362702 -0.00048127624977496454 0.0014799012380706808 0.003068108333225514 0.0022035369687814855 0.01179181291608984 -0.0014849298352893141 0.005585155980060659 0.00067510713307632642 0.0087722407381840822
leaf_weight=73 40 333 44 61 41 1238 138 254 69 2690 1053 372 2045 292 2574 2011 33 1413 63 1183 376 30 76 33 2500 136 878 1543 1527 692 178 35 57 481 37 489 139 44 31 33 237 1031 44 520 1937 246 1377 1085 134 31 65 31 45 31 201 37 167 31 1783 30 267 42
leaf_count=73 40 333 44 61 41 1238 138 254 69 2690 1053 372 2045 292 2574 2011 33 1413 63 1183 376 30 76 33 2500 136 878 1543 1527 692 178 35 57 481 37 489 139 44 31 33 237 1031 44 520 1937 246 1377 1085 134 31 65 31 45 31 201 37 167 31 1783 30 267 42
internal_value=7.10894e-06 0.000337865 0.000603223 0.000956205 -0.000672006 -0.00045201 -0.00113986 -0.00268168 -0.005849 0.000648278 0.00166251 0.00279546 -0.00108888 0.000345447 0.000635476 -8.30115e-05 -0.000871802 3.84588e-05 -0.000302211 -0.000886231 -0.00223137 -0.0046473 -0.00212315 0.000252288 0.000559477 0.00130537 0.00116112 -0.000142207 0.00012106 0.000835199 0.00245331 0.00203201 0.00453711 -0.000578515 -0.00159059 -0.000374647 -0.0017136 -0.00439946 -0.0014716 -0.00443292 0.00090489 -0.000671289 0.000781147 -0.000259297 4.02271e-05 0.00073345 -0.000624957 0.00125132 0.00208475 0.00320638 0.00454883 0.00665278 0.00442991 -0.000121875 -2.44857e-05 0.00251392 0.00351268 0.00715835 -0.00159355 0.00254418 0.00169942 0.00270223
internal_weight=34707 23340 12373 5221 11367 7466 1638 364 110 3660 1561 508 3901 7152 4257 2895 884 10967 4229 1769 586 146 106 6738 3782 1282 1249 2956 2460 933 241 464 92 851 370 733 244 105 440 64 2927 1274 243 5828 3213 1276 2615 1683 598 306 172 107 76 199 721 371 235 68 1856 61 555 288
internal_count=34707 23340 12373 5221 11367 7466 1638 364 110 3660 1561 508 3901 7152 4257 2895 884 10967 4229 1769 586 146 106 6738 3782 1282 1249 2956 2460 933 241 464 92 851 370 733 244 105 440 64 2927 1274 243 5828 3213 1276 2615 1683 598 306 172 107 76 199 721 371 235 68 1856 61 555 288
cat_boundaries=0 2 4 6 8 10 12 14 16 18 20 22 24 26 28 30 32 34 36 38 40 42 44 46 48 50 52 54
cat_threshold=673729345 76760626 385369707 613732388 1750206592 139264 16916480 1074266370 3494656130 43124737 67111042 541360901 105260711 269310668 1494656149 758388321 120695648 14778757 697370656 94650628 365961799 2819089612 290477249 3296772864 1317979258 3196112973 1644267397 2703237271 553656837 1074266368 1377609091 2539721977 1880501482 1361054785 570606616 8388610 134513669 18092033 67109888 299268 8458496 151519264 1457280520 3070323242 2164264964 1342907282 536914068 1084752897 1610616960 2450001810 543242 1082220548 1073743360 2105344
is_linear=0
shrinkage=0.05


Tree=83
num_leaves=63
num_cat=15
split_feature=3 0 1 0 1 1 4 1 5 9 1 9 1 1 11 6 11 5 4 6 11 11 4 4 6 4 5 6 9 11 3 9 1 11 4 1 9 5 4 11 9 1 4 4 1 5 4 4 5 5 11 11 4 6 4 1 6 6 1 5 5 10
split_gain=2.81659 0.855546 0.438465 0.407142 0.534197 0.418829 0.396897 0.4373 0.376564 0.340656 0.390912 0.309998 0.709529 0.308003 0.296655 0.279667 0.279042 0.333402 0.258795 0.252258 0.276907 0.243552 0.236085 0.623673 0.391127 0.22775 0.383612 0.225252 0.222728 0.278658 0.226916 0.255781 0.221278 0.371003 0.22064 0.264913 0.291302 0.598811 0.353022 0.226553 0.218227 0.408603 0.403974 0.265921 0.229281 0.303852 0.217296 0.291078 0.23938 0.546639 0.213912 0.211874 0.210899 0.210752 0.209146 0.197864 0.256475 0.197702 0.380479 0.851493 0.291568 0.236387
threshold=678.40000000000009 0 1 2 3 4 35366.500000000007 5 1.0675350000000001 47.500000000000007 6 156.50000000000003 7 8 5779.6707300000007 2.0895750000000004 240.082596 1.3855100000000002 37527.500000000007 1.9710850000000002 2441.2606155000003 715.06315000000018 29314.500000000004 29544.500000000004 2.0657650000000003 44555.500000000007 1.0062850000000003 2.1638050000000004 168.50000000000003 240.082596 592.45000000000016 185.50000000000003 9 331.51854600000007 26584.500000000004 10 114.50000000000001 1.2731450000000002 37527.500000000007 844.05675400000018 124.50000000000001 11 35909.500000000007 34687.500000000007 12 0.91404500000000011 35997.500000000007 38246.500000000007 1.1653450000000003 1.2756350000000003 1355.4607250000001 1513.8560980000004 13020.500000000002 2.2151800000000006 16215.500000000002 13 2.3485300000000007 2.0969250000000001 14 1.3532150000000003 1.3689950000000002 1.0000000180025095e-35
decision_type=2 1 9 1 9 9 2 9 2 2 9 2 9 9 2 2 2 2 2 2 2 2 2 2 2 2 2 2 2 2 2 2 9 2 2 9 2 2 2 2 2 9 2 2 9 2 2 2 2 2 2 2 2 2 2 9 2 2 9 2 2 2
left_child=3 6 9 5 40 16 7 50 21 10 19 13 46 15 22 -8 -1 -18 -17 -3 -21 54 -4 24 -24 55 -27 -20 29 -6 -30 -32 -31 -34 -10 -36 37 38 -37 -40 41 42 -5 44 45 -42 -13 -48 53 -50 -2 -35 -11 -49 -7 -23 -57 -52 59 61 -60 -59
right_child=1 2 14 4 28 8 11 -9 34 52 -12 12 -14 -15 -16 18 17 -19 27 20 -22 25 23 -25 -26 26 -28 -29 30 32 31 -33 33 51 35 36 -38 -39 39 -41 43 -43 -44 -45 -46 -47 47 48 49 -51 57 -53 -54 -55 -56 56 -58 58 60 -61 -62 -63
leaf_value=-0.0046451758385157469 -0.0040826658895750326 -0.0064768673733058869 0.00047001217864800618 -0.0023765017053950874 -0.0030638397775908724 -0.0059551488080614948 -0.00036405899699575196 0.00020813864425640004 -0.0010247021003350529 -0.0027274298099135715 -6.8189129024462508e-05 0.0064358022455255409 0.00032175049646537802 0.00034543806572693973 0.002658198402008735 0.00052691857539860889 -0.0014131490119408776 -0.006393015407291907 -0.0082410200097646959 -0.0046249941086938164 0.00056123820035343483 -0.00017050812269307945 0.0022153461325668854 0.0010865599274886715 0.010124008472156412 -0.00073238317524569477 0.0058608377754629177 -0.0026099697622197237 0.00046223278668284129 -0.00046456119967082778 0.0064858841200034619 0.0014506964412118709 0.0055155690438512374 0.00064355291927137726 -0.00065829351697437391 -0.00022382072292561079 -4.5435324644204966e-05 0.0075505831760939411 0.006308464578171147 0.0010829777118157257 -0.0066918182543539003 -0.0010049459609829856 -0.0087686789970895327 0.00064287738066434827 -0.00015080137460341566 -0.001476409127094745 0.00038644002580225209 0.0011168359370848132 0.0085144871299506347 0.0018403718840420261 -0.00019985456379397102 -0.0035414805978689402 0.00057310360413740898 0.0054225429450323447 -0.0017954275345957262 -0.0011475670239547611 -0.0037971131004305792 -0.00052581385144486988 -0.00054830640829200917 -0.0080707794999538094 0.0027522197841487166 -0.002783663099478792
leaf_weight=81 40 38 1821 78 78 31 275 4667 833 48 784 35 1156 2231 257 30 916 34 30 45 58 513 33 2801 30 66 32 45 823 1054 32 111 37 553 978 197 791 38 40 43 30 973 36 403 423 296 130 139 56 68 2781 31 4135 35 627 1090 99 321 948 51 71 181
leaf_count=81 40 38 1821 78 78 31 275 4667 833 48 784 35 1156 2231 257 30 916 34 30 45 58 513 33 2801 30 66 32 45 823 1054 32 111 37 553 978 197 791 38 40 43 30 973 36 403 423 296 130 139 56 68 2781 31 4135 35 627 1090 99 321 948 51 71 181
internal_value=6.77842e-06 0.000321113 0.000669202 -0.000638621 -0.000298313 -0.000901796 5.78555e-05 -0.00012885 -0.000719984 0.000341916 -0.000525318 0.000457686 0.00100103 0.000120519 0.00100462 -0.00117564 -0.00182391 -0.00159791 -0.00338864 -0.00284365 -0.00172728 -0.00117723 0.000915508 0.0011985 0.00608072 -0.000875467 0.00145796 -0.00494119 0.000173401 -0.00016192 0.000783239 0.00261467 -2.50389e-05 0.000716444 -0.000337276 -6.25396e-05 0.000464705 0.00174437 0.000932319 0.00364641 -0.000867874 -0.00137964 -0.00409748 -0.00039173 -0.000948517 -0.00191674 0.0026291 0.00236481 0.00322368 0.00489849 -0.000486191 0.000415728 0.000534587 0.00200896 -0.00200014 -0.0010106 -0.00135976 -0.00045333 -0.000901336 -0.00194259 -0.000312799 -0.00134381
internal_weight=34707 23340 10050 11367 4958 6409 13290 9060 5378 5108 925 4230 1619 2611 4942 380 1031 950 105 141 103 2458 4685 2864 63 1800 98 75 2719 1753 966 143 1675 621 2920 2087 1109 318 280 83 2239 1087 114 1152 749 326 463 428 298 124 4393 584 4183 174 658 1702 1189 4353 1572 553 1019 502
internal_count=34707 23340 10050 11367 4958 6409 13290 9060 5378 5108 925 4230 1619 2611 4942 380 1031 950 105 141 103 2458 4685 2864 63 1800 98 75 2719 1753 966 143 1675 621 2920 2087 1109 318 280 83 2239 1087 114 1152 749 326 463 428 298 124 4393 584 4183 174 658 1702 1189 4353 1572 553 1019 502
cat_boundaries=0 1 3 4 6 8 10 12 14 16 18 20 22 24 26 28
cat_threshold=1 1691624616 3216643307 1 2543503273 114330018 82055170 2751483916 3722335363 689194857 9216 2827091968 807929888 2952828433 3221241856 2147600897 1214261328 1225262657 168436077 464167104 268435969 32 93357192 130 302547336 310380962 1091174530 1311265
is_linear=0
shrinkage=0.05


Tree=84
num_leaves=63
num_cat=18
split_feature=3 3 0 2 5 2 6 2 2 2 2 6 5 3 6 9 9 6 4 2 4 10 4 2 3 2 9 2 5 10 5 2 3 9 0 2 9 4 4 9 2 4 10 5 2 6 2 4 3 3 4 3 2 6 9 11 6 11 9 9 9 4
split_gain=2.55633 0.681249 0.56216 0.39046 0.352039 0.454162 0.332236 0.405117 0.34026 0.319202 0.310768 0.310075 0.295322 0.275016 0.260166 0.284816 0.372864 0.737083 0.252567 0.323128 0.511424 0.636022 0.24552 0.226539 0.224309 0.234695 0.258807 0.220477 0.478956 0.613268 0.215693 0.215288 0.214457 0.255627 0.205507 0.36821 0.473988 0.296302 0.293104 0.202284 0.199792 0.24899 0.430322 0.361844 0.194389 0.193135 0.193066 0.214669 0.26395 0.283689 0.191921 0.189914 0.187532 0.18418 0.178522 0.170793 0.294068 0.168935 0.496156 0.167447 0.16497 0.164108
threshold=1026.3500000000001 458.55000000000007 0 1 1.0927050000000003 2 2.1528450000000006 3 4 5 6 2.2969050000000002 1.0135950000000002 1018.9500000000002 2.0494850000000002 225.50000000000003 214.50000000000003 1.9611150000000002 27573.500000000004 7 23108.500000000004 1.0000000180025095e-35 25196.500000000004 8 306.75000000000006 9 129.50000000000003 10 1.0219850000000001 1.0000000180025095e-35 1.0809400000000002 11 1813.3000000000004 163.50000000000003 12 13 132.50000000000003 32132.500000000004 23721.500000000004 155.50000000000003 14 40612.000000000007 1.0000000180025095e-35 0.95708500000000007 15 1.5340900000000002 16 17019.500000000004 684.75000000000011 659.05000000000007 24660.000000000004 88.15000000000002 17 1.6889700000000001 14.500000000000002 4024.3211100000003 2.0732300000000006 536.92851750000011 76.500000000000014 156.50000000000003 81.500000000000014 39647.000000000007
decision_type=2 2 1 9 2 9 2 9 9 9 9 2 2 2 2 2 2 2 2 9 2 2 2 9 2 9 2 9 2 2 2 9 2 2 1 9 2 2 2 2 9 2 2 2 9 2 9 2 2 2 2 2 9 2 2 2 2 2 2 2 2 2
left_child=1 9 6 53 5 14 8 11 -2 18 45 50 52 39 15 16 -3 -18 19 20 -1 -22 60 55 25 26 -20 28 29 -9 44 -26 -14 -34 35 36 37 -11 -36 46 41 43 -43 -40 -16 -6 47 -12 49 -49 -8 -27 54 -4 -10 -24 -57 58 -37 -58 -5 -33
right_child=2 4 3 22 10 -7 7 27 12 34 13 -13 32 -15 30 -17 17 -19 24 -21 21 -23 23 -25 31 51 -28 -29 -30 -31 -32 61 33 -35 38 57 -38 -39 40 -41 -42 42 -44 -45 -46 -47 -48 48 -50 -51 -52 -53 -54 -55 -56 56 59 -59 -60 -61 -62 -63
leaf_value=-0.00088844619079262636 3.0353716163484478e-05 -0.0015567451930252219 0.0041637363807240039 -0.00060148341025181428 0.0040601264725689994 -5.8218026691559896e-05 -0.0039286579811860893 0.0084939286133920277 0.0040430083614719139 -0.0021864743858857668 -0.0049884129402926192 -0.0061224595810080952 0.00075827033843218355 -0.0039263914392298231 -0.0017813611228856543 0.00011418136198009398 -0.0016348587595606053 -0.01022002490129895 -0.0061819357355026592 -0.0012819045691322504 -0.0034773130813846365 -0.011320160604963029 0.0016565070055983835 0.001115034041619359 0.00059520877889378092 -0.0042024098183127473 -0.0013593688438413665 -0.00035337917885471648 0.0002458962362395962 -0.00075501747257931138 -0.0033635989860004677 -0.00052063990856722811 0.0011072889291414564 0.0030699247125888195 -0.001782477306204293 0.0073803226314339554 0.00089164539992985935 -0.0088943930436676793 -0.0023175634221152455 0.00030211344164303173 -0.00081336808906698477 0.00040037883167388336 0.0071218998584134333 0.00038358277264983879 -0.00018665214212077095 0.00050884210536119776 -4.229610801699402e-05 -0.0013834305616543096 -0.00020006846509466034 -0.0057401949164645784 -0.0004459129230825921 -0.00090726470430565673 -0.00010048422306169972 0.0003494176487184142 0.0007435268991036071 0.0014391574735108644 0.0070831760781792201 -3.3859933320468196e-06 0.00078592992391922259 0.003197502244954869 0.00089639790952572747 -0.0023736282631656846
leaf_weight=93 3112 703 31 275 38 3381 54 41 52 37 31 42 1305 47 214 202 71 38 58 638 91 36 459 2274 351 46 54 1697 552 31 64 563 449 264 519 31 57 30 157 1682 1505 86 32 575 1324 2168 1461 296 611 42 142 652 1095 2967 184 107 55 507 266 61 550 151
leaf_count=93 3112 703 31 275 38 3381 54 41 52 37 31 42 1305 47 214 202 71 38 58 638 91 36 459 2274 351 46 54 1697 552 31 64 563 449 264 519 31 57 30 157 1682 1505 86 32 575 1324 2168 1461 296 611 42 142 652 1095 2967 184 107 55 507 266 61 550 151
internal_value=6.3938e-06 -0.000385846 0.000475815 0.000819822 -0.000167705 -0.000442674 0.000217214 -0.000264888 0.000408171 -0.000798774 9.0948e-05 -0.00218115 0.000756788 -0.00016313 -0.000935547 -0.00156558 -0.00198307 -0.00469355 -0.00121088 -0.00192576 -0.00355962 -0.00577155 0.0011572 0.00137307 -0.000889352 -0.00151598 -0.00357317 -5.7893e-05 0.000737898 0.00455595 -0.000541872 -0.000411789 0.00114022 0.00183727 -0.000497806 0.000147682 -0.00227479 -0.00527665 -0.000707941 -0.000119685 -0.000470476 0.000144744 0.00226769 -0.000198133 -0.000422344 0.000569248 -0.000410335 -0.000948313 -0.00082121 -0.00194014 -0.00142052 -0.00111418 0.000180703 0.000388937 0.00142442 0.00218229 0.0033497 0.000545145 0.00149669 0.00508464 0.00039698 -0.000902665
internal_weight=34707 18908 15799 6779 12373 5997 9020 2559 6461 6535 6376 238 3349 4170 2616 1014 812 109 2733 858 220 127 3781 2956 1875 810 112 2321 624 72 1602 1065 2018 713 3802 928 124 67 2874 4123 2355 850 118 732 1538 2206 2441 980 949 338 196 698 1331 2998 236 682 223 804 297 116 825 714
internal_count=34707 18908 15799 6779 12373 5997 9020 2559 6461 6535 6376 238 3349 4170 2616 1014 812 109 2733 858 220 127 3781 2956 1875 810 112 2321 624 72 1602 1065 2018 713 3802 928 124 67 2874 4123 2355 850 118 732 1538 2206 2441 980 949 338 196 698 1331 2998 236 682 223 804 297 116 825 714
cat_boundaries=0 1 3 5 7 9 11 13 15 17 19 21 23 24 26 28 30 32 34
cat_threshold=1 1607627917 2586053531 205935335 2253269771 830865408 16785440 1137781435 2718593893 1189883441 3012776588 739065946 42085274 37748736 33690124 536939072 91136 4720640 268500992 2097217 3758293765 4204544 33690124 4 196736 40960 233664 134259056 131073 33818626 5244672 875090016 940048384 1073807368
is_linear=0
shrinkage=0.05


Tree=85
num_leaves=63
num_cat=29
split_feature=3 3 1 0 1 2 1 2 4 2 2 6 2 1 11 11 1 2 2 7 3 4 2 1 6 4 4 1 1 2 6 4 6 6 6 1 7 2 1 6 6 6 2 2 1 11 2 6 3 6 4 4 2 4 4 1 1 7 6 6 6 2
split_gain=2.12524 0.814508 0.467174 0.448488 0.469664 0.756476 0.412298 0.427504 0.411967 0.39673 0.39026 0.394105 0.378335 0.398561 0.534203 0.369901 0.344622 0.482988 0.422854 0.316218 0.778643 0.38365 0.293096 0.291235 0.309335 0.364456 0.32191 0.290091 0.245892 0.237124 0.23749 1.14523 0.256179 0.231968 0.313737 0.229693 0.228535 0.279773 0.376508 0.665235 0.227252 0.491862 0.220196 0.213901 0.204703 0.200292 0.197153 0.262614 0.228944 0.193075 0.185178 0.185073 0.244344 0.376941 0.333309 0.23072 0.20907 0.455541 0.211773 0.18652 0.205969 0.182478
threshold=1246.0500000000002 370.35000000000008 0 1 2 3 4 5 11754.000000000002 6 7 2.5717900000000005 8 9 302.82283600000005 796.8591540000001 10 11 12 4.5000000000000009 665.95000000000016 34687.500000000007 13 14 2.2836000000000003 36197.500000000007 27482.500000000004 15 16 17 1.9399250000000003 31447.500000000004 2.1378000000000004 2.4955500000000002 2.3485300000000007 18 5.5000000000000009 19 20 1.8735950000000001 1.6889700000000001 1.4398500000000003 21 22 23 2271.1843310000008 24 2.2027150000000004 1966.1500000000003 1.9033250000000002 29387.500000000004 29458.500000000004 25 28184.500000000004 28890.000000000004 26 27 2.5000000000000004 1.9686300000000003 2.1611750000000005 1.9258950000000004 28
decision_type=2 2 9 1 9 9 9 9 2 9 9 2 9 9 2 2 9 9 9 2 2 2 9 9 2 2 2 9 9 9 2 2 2 2 2 9 2 9 9 2 2 2 9 9 9 2 9 2 2 2 2 2 9 2 2 9 9 2 2 2 2 9
left_child=1 2 9 4 5 19 7 46 -8 23 11 35 13 14 -4 43 18 27 -5 20 21 -3 51 33 40 26 -26 29 -24 -18 31 -31 -32 34 -1 49 42 -38 39 -39 41 -25 -9 -16 -44 -22 47 -2 -49 -6 -14 52 -10 56 -55 59 57 -54 -59 60 -53 -12
right_child=6 3 12 16 10 -7 8 36 22 -11 61 -13 50 -15 15 -17 17 -19 -20 -21 45 -23 28 24 25 -27 -28 -29 -30 30 32 -33 -34 -35 -36 -37 37 38 -40 -41 -42 -43 44 -45 -46 -47 -48 48 -50 -51 -52 55 53 54 -56 -57 -58 58 -60 -61 -62 -63
leaf_value=-0.0016169538521053003 -0.0001896558073290877 -0.0044502139759892796 0.006638960393805367 -0.0013280446801185886 0.00042754007393822958 0.00024370918111544908 -0.004806172164233697 0.00027991105855621699 0.00013650145754545153 -0.00094398454673110454 -0.0014656894270150425 0.0068704756276789488 -0.0017471924641699532 -0.00060727185241806413 -0.0015355481423361171 0.0040879514289554209 0.00025979838260474904 -0.00044822702429505863 -0.00031381334108258836 -0.00085219252655714315 -0.00013741156294383387 -0.011927287731950563 0.0009238533316540189 0.00045491686634906934 -0.0036000537109526034 -0.0012751178939028511 -0.0097357950236631983 9.5923192683431313e-05 1.7113643268365011e-05 0.011142412388722439 3.1797598652266174e-05 -0.00050164729396055927 0.0032432510646538356 0.00028891587349728253 -0.006353460126861353 0.00078016855310902747 0.00090389222386193062 0.010857275565285818 0.0014715609041073946 0.0030149843000580731 -0.0002835670819249444 -0.0071995709375746982 0.0019932473232090789 0.00091595987557130376 0.00067001666727027436 -0.004071814353897316 0.00042179549083872121 -0.0068354601214166673 -0.00097884521857945629 0.0049475490805086925 -0.00059209537007581976 -0.0041261037775961263 -0.0061687169185675244 -0.0082103095887861056 -0.0013131828057036425 0.00035687624743715427 0.00021023256975294383 0.0018527961606247666 -0.0018396976543929308 -0.0052549767562595669 0.00086855312657726537 0.00052649519137876861
leaf_weight=217 273 43 41 1565 33 1464 40 1221 484 1044 112 38 583 718 120 69 330 4977 3018 250 104 30 1816 35 37 34 56 3050 1277 36 141 49 110 117 41 307 949 31 570 186 70 51 519 267 738 46 2143 30 37 84 859 30 50 35 35 1424 226 52 145 31 61 1981
leaf_count=217 273 43 41 1565 33 1464 40 1221 484 1044 112 38 583 718 120 69 330 4977 3018 250 104 30 1816 35 37 34 56 3050 1277 36 141 49 110 117 41 307 949 31 570 186 70 51 519 267 738 46 2143 30 37 84 859 30 50 35 35 1424 226 52 145 31 61 1981
internal_value=-2.27082e-05 -0.000316386 -0.000928773 -0.000166107 0.000265709 -0.000321246 0.000501198 0.000766927 0.000187566 -0.00157365 0.000709127 0.00201082 -0.000507418 0.00014337 0.00121747 0.000743187 -0.000312223 -0.00012659 -0.000662503 -0.00203566 -0.00344357 -0.00764264 0.000223993 -0.00254074 -0.00379083 -0.0057529 -0.00735896 0.000304243 0.000550877 0.0012412 0.00216629 0.00450217 0.00144649 -0.00151619 -0.00239128 0.00160746 0.00107386 0.00151638 0.0022133 0.00399664 -0.0024085 -0.00411495 0.000767694 0.000137835 0.00122891 -0.00136294 0.000243579 -0.000857724 -0.00366317 0.00339905 -0.00105269 -0.000170494 -0.000691104 -0.00140437 -0.00482881 0.000174466 -0.000918095 -0.00187985 -0.000860594 -0.00182119 -0.000804988 0.000412785
internal_weight=34530 22127 4359 17768 4492 1937 12403 6697 5706 1702 2555 462 2657 1215 497 456 13276 8693 4583 473 223 73 5666 658 283 127 93 3716 3093 666 336 85 251 375 258 424 4214 1736 787 217 156 86 2478 387 1257 150 2483 340 67 117 1442 2573 1027 543 70 1546 473 247 197 122 91 2093
internal_count=34530 22127 4359 17768 4492 1937 12403 6697 5706 1702 2555 462 2657 1215 497 456 13276 8693 4583 473 223 73 5666 658 283 127 93 3716 3093 666 336 85 251 375 258 424 4214 1736 787 217 156 86 2478 387 1257 150 2483 340 67 117 1442 2573 1027 543 70 1546 473 247 197 122 91 2093
cat_boundaries=0 2 3 5 7 9 11 13 15 17 19 21 23 25 27 29 31 33 35 37 39 41 43 45 47 49 51 53 55 57
cat_threshold=401631552 646025396 4 3053474517 3026278830 1681920001 84453384 1042815811 2798770062 316087704 4194846830 1632242752 814321665 1749025284 532482 1228653024 782786849 2684621824 1342860096 3245743715 236654592 1217516956 564306028 1506854434 17186924 1759292938 354727379 46162240 33558660 578846720 4212778 2155888812 1076764689 143671452 96 22022152 512 604553319 23078528 268961792 570426240 1091051526 28480273 16908416 201326848 100663362 68257284 8781824 134217792 1075586056 83918865 8388608 134348801 1056 271319120 1088 65540
is_linear=0
shrinkage=0.05


Tree=86
num_leaves=63
num_cat=33
split_feature=11 11 2 1 1 4 1 2 9 4 2 2 1 2 1 2 2 1 6 2 1 7 2 9 0 0 1 2 1 9 6 2 8 4 9 2 1 4 6 1 2 11 4 8 6 4 9 1 2 6 9 11 2 9 1 0 11 1 6 6 11 1
split_gain=1.90396 0.668738 0.366942 0.608468 0.537593 0.465062 0.343587 0.407833 0.337906 0.329203 0.505241 0.434516 0.395997 0.422786 0.388623 0.415286 0.38113 0.327515 0.289653 0.669497 0.608709 1.36196 0.305885 0.267006 0.538546 0.253773 0.259699 0.244639 0.25659 0.289978 0.550313 0.401471 0.449293 0.270126 0.240886 0.336326 0.316422 0.260122 0.296398 0.239722 0.484551 0.304671 0.628082 0.767399 0.300905 0.263959 0.238941 0.234096 0.271224 0.235728 0.229212 0.257934 0.220868 0.222375 0.217542 0.202189 0.462471 0.402769 0.622209 0.201735 0.19838 0.190181
threshold=2457.6303310000003 1145.6569720000002 0 1 2 46988.000000000007 3 4 47.500000000000007 27648.500000000004 5 6 7 8 9 10 11 12 1.9453550000000002 13 14 3.5000000000000004 15 89.500000000000014 16 17 18 19 20 152.50000000000003 2.5544450000000007 21 3.5000000000000004 31278.500000000004 167.50000000000003 22 23 40041.500000000007 1.9960950000000002 24 25 1466.3438145000002 26957.500000000004 4.5000000000000009 1.9118950000000001 34601.500000000007 27.500000000000004 26 27 2.1452650000000006 64.500000000000014 1664.2182810000002 28 125.50000000000001 29 30 4453.5453165000008 31 2.0969250000000001 2.0352600000000005 1132.6132800000003 32
decision_type=2 2 9 9 9 2 9 9 2 2 9 9 9 9 9 9 9 9 2 9 9 2 9 2 1 1 9 9 9 2 2 9 2 2 2 9 9 2 2 9 9 2 2 2 2 2 2 9 9 2 2 2 9 2 9 1 2 9 2 2 2 9
left_child=1 2 4 5 52 27 7 39 -5 10 -2 14 13 23 15 -11 47 -13 19 20 21 -8 -20 24 -12 26 -6 -4 -29 30 31 -30 59 -34 -19 -36 37 38 -37 40 41 42 -3 45 -43 -44 -21 -14 49 -49 51 -46 53 -1 -27 56 -17 58 -57 -33 -10 -54
right_child=9 6 3 8 25 -7 18 -9 60 11 12 17 16 -15 -16 55 -18 34 22 46 -22 -23 -24 -25 -26 54 -28 28 29 -31 -32 32 33 -35 35 36 -38 -39 -40 -41 -42 44 43 -45 50 -47 -48 48 -50 -51 -52 -53 61 -55 -56 57 -58 -59 -60 -61 -62 -63
leaf_value=-0.0018908840086537971 0.0012305263209161788 0.00031848822383177865 -0.00033263984153981529 -0.0020898601015540913 0.0023783905655000125 0.006552959425654638 0.014709627923073114 3.5166169749866326e-05 -0.00046642368661570688 0.00066884020146021654 -0.0013598506973499843 0.0002976323892293826 0.00039818025709693368 -0.00033322123829404723 0.00048982065161470173 -0.001429262172654513 0.00043757420252165167 0.0009195638066052807 0.00038953923518806038 -0.0019577818643997688 0.0012401775987085303 0.002258965333768897 -0.00039900271390449495 -0.0018382721923830701 -0.0096568558111380879 -0.0013462195279027381 -0.00016985747360087587 -0.00043785904610966217 -0.00074159916293549193 0.00025008041744864891 0.0080529564498283447 0.0031808662284155231 0.0030094656672992968 0.0093657075351959961 0.00075733075168315503 0.0063376257226449078 0.0015983603983470247 0.0073573920347441276 0.0020014124336794068 -0.00038997675004045048 -0.00051211162924963763 -0.0054128396651625136 -0.0060742545949110278 -4.2279445446066317e-05 -0.0069834513083708687 -0.012583779783390864 0.00027070497622920124 -0.0022244331306921178 -0.00084604795062944913 -0.0072940741161457148 -0.00025757733144726242 -0.0010014223329037324 -0.0031805576647589888 -7.3092802689465037e-05 -0.00033165521827057017 -0.00064550689750051662 -0.0087008546757128755 -3.6259208237512526e-05 -0.0080239828254276783 -0.0012939513509121279 -0.0042632213960002571 -0.00154974220375006
leaf_weight=348 773 46 677 414 109 30 30 3296 2087 331 40 1385 238 439 3429 76 2046 2213 2318 137 479 77 2595 145 38 1048 596 230 104 237 39 55 33 36 481 56 406 51 133 1780 776 47 33 30 30 36 936 64 391 36 206 44 366 325 1101 69 30 290 48 45 34 512
leaf_count=348 773 46 677 414 109 30 30 3296 2087 331 40 1385 238 439 3429 76 2046 2213 2318 137 479 77 2595 145 38 1048 596 230 104 237 39 55 33 36 481 56 406 51 133 1780 776 47 33 30 30 36 936 64 391 36 206 44 366 325 1101 69 30 290 48 45 34 512
internal_value=-2.1573e-05 -0.000313785 -0.000660175 -0.00031196 -0.000974972 0.000489362 -8.74266e-05 -0.000350172 -0.000781774 0.00045014 8.51771e-05 0.000620871 -0.000175769 -0.00126405 0.000253191 -0.000702118 8.78165e-05 0.000950707 0.000165699 0.000736965 0.00207686 0.00535761 -2.69768e-05 -0.0029947 -0.00547305 -0.000562703 0.00025822 0.000363372 0.00095986 0.00154252 0.00256963 0.00175977 0.00315255 0.00641219 0.00121965 0.00181839 0.00255485 0.00403195 0.00331281 -0.000768224 -0.00129959 -0.00255311 -0.00451004 -0.00673435 -0.00175209 -0.00960178 -1.52429e-05 -0.000885721 -0.00150315 -0.00373395 -0.00112053 -0.00348735 -0.00172428 -0.00099963 -0.000834627 -0.00158216 -0.00354934 -0.00110116 -0.00342469 0.00117432 -0.000529267 -0.0022605
internal_weight=34530 21322 8426 4021 4405 1486 12896 6324 2535 13208 4210 8998 3437 662 4273 844 2775 4725 6572 1659 586 107 4913 223 78 2854 705 1456 779 549 312 273 169 69 3340 1127 646 240 189 3028 1248 472 145 99 327 69 1073 729 491 100 280 74 1551 673 2149 513 106 407 117 100 2121 878
internal_count=34530 21322 8426 4021 4405 1486 12896 6324 2535 13208 4210 8998 3437 662 4273 844 2775 4725 6572 1659 586 107 4913 223 78 2854 705 1456 779 549 312 273 169 69 3340 1127 646 240 189 3028 1248 472 145 99 327 69 1073 729 491 100 280 74 1551 673 2149 513 106 407 117 100 2121 878
cat_boundaries=0 2 4 6 8 10 12 14 16 18 20 22 24 26 28 30 32 33 34 36 38 40 42 44 46 48 50 52 54 56 58 59 61 63
cat_threshold=1205616233 842657805 645944323 4034947783 78673027 746686518 3041294964 3055136948 801411078 3842820543 151019972 1074070273 1398566284 2015660397 1082506 2619342849 2099234 69369856 3221512228 142610689 35146756 939524096 819003392 268465394 1640648961 321129586 1917850628 1159889153 41943050 1073743874 1304787612 671394394 1 4 17041408 135168 941670420 1140854274 67109888 545269890 384 16777472 545493011 2152276098 2188 1615372289 805573124 2718965936 180621312 788742 2149580804 536985600 813760512 128 110107657 537935873 1665140800 2416072320 2 3221233664 134217729 69226627 2054
is_linear=0
shrinkage=0.05


Tree=87
num_leaves=63
num_cat=20
split_feature=3 3 2 0 2 4 2 2 2 9 8 11 5 2 5 11 9 2 0 2 9 9 9 5 2 2 3 4 2 5 4 5 2 9 9 4 2 5 5 2 2 5 3 0 2 2 11 3 9 4 3 8 4 5 11 7 4 4 9 9 9 5
split_gain=1.74551 0.606276 0.439975 0.419428 0.451388 0.398753 0.451622 0.440509 0.353087 0.328163 0.320679 0.357507 0.319061 0.362507 0.358389 0.287667 0.283691 0.26792 0.258828 0.329659 0.233833 0.225958 0.233844 0.215774 0.213949 0.190955 0.18904 0.186742 0.178136 0.348168 0.175152 0.173403 0.296018 0.489852 0.17037 0.170201 0.175294 0.201487 0.185608 0.169384 0.165733 0.297401 0.164834 0.164411 0.329 0.29336 0.257041 0.226958 0.237436 0.177212 0.224383 0.17149 0.166503 0.216313 0.162918 0.208179 0.1629 0.162848 0.161367 0.160957 0.156681 0.15635
threshold=1026.3500000000001 306.75000000000006 0 1 2 27837.500000000004 3 4 5 132.50000000000003 4.5000000000000009 629.67235850000009 1.2514250000000002 6 1.3554650000000004 240.082596 27.500000000000004 7 8 9 252.50000000000003 174.50000000000003 163.50000000000003 1.3576650000000001 10 11 2645.6500000000001 29882.500000000004 12 1.0290000000000001 32425.500000000004 1.2344600000000001 13 177.50000000000003 248.50000000000003 13020.500000000002 14 1.3689950000000002 1.0594850000000002 15 16 0.95911000000000002 2793.0000000000005 17 18 19 269.05373500000002 209.20000000000002 145.50000000000003 25708.500000000004 229.95000000000002 1.5000000000000002 25398.500000000004 1.0536250000000003 2033.3540990000004 5.5000000000000009 43059.500000000007 31717.500000000004 127.50000000000001 142.50000000000003 152.50000000000003 1.0097750000000001
decision_type=2 2 9 1 9 2 9 9 9 2 2 2 2 9 2 2 2 9 1 9 2 2 2 2 9 9 2 2 9 2 2 2 9 2 2 2 9 2 2 9 9 2 2 1 9 9 2 2 2 2 2 2 2 2 2 2 2 2 2 2 2 2
left_child=1 2 10 4 -3 7 26 9 23 -2 -1 15 17 14 -14 -12 40 54 19 27 -19 22 -11 24 -5 -20 -7 -18 29 -23 -22 34 33 56 42 60 37 -37 -38 -21 41 -8 -27 45 52 46 -4 48 -46 50 51 -47 53 -45 -6 -56 -33 -54 -41 -39 -9 -10
right_child=5 3 43 8 12 6 16 35 61 21 11 -13 13 -15 -16 -17 18 20 25 39 30 28 -24 -25 -26 31 -28 -29 -30 -31 -32 32 -34 -35 -36 36 38 59 -40 58 -42 -43 -44 44 47 49 -48 -49 -50 -51 -52 -53 57 -55 55 -57 -58 -59 -60 -61 -62 -63
leaf_value=-0.001361468527089352 2.1479969651493433e-05 0.00026243421983138891 0.0031834528136338728 -0.0014190269602930702 -0.0011815632988044545 -0.00012168398379724574 -0.00032067095773117486 -0.0036763560034476384 -4.1032157115711455e-05 0.0018651580326276484 -0.0060813568569508128 -0.0072897737223538567 -0.00054319161789510623 0.00026326415692441241 -0.0046152626576131985 -0.0014703905115263632 0.0059090634352978672 -0.00059496511384832577 0.00031095218392503371 9.7247855265650482e-05 7.0553892948784129e-05 0.0056549988059321722 0.0055819992064304342 0.0011150776762898073 -0.00022828730056470654 0.000450466504766497 0.00163455150701517 0.002452986702120703 0.0003159574582613069 0.0001449880381992667 0.0051368626708168568 0.0012669982245002308 0.00086912347609511382 0.0071119075622654675 0.0025177579053957408 -0.0005146757523870109 -0.00045391685362137601 -0.0010381058798371577 0.00044736701803623695 0.00067746288315750458 0.00013280516572464191 -0.006208299628469245 0.0022786604589052303 0.0060044136831337329 -0.0033981243329923231 -0.0071331067912979058 -0.00038466190377655935 -1.5926892793558087e-05 -0.00023205454832696845 -0.0011032008828929308 -0.00089006032880408587 -0.002916450594504173 -0.0010869475791308863 0.00093656999715180551 -0.00035100682507618333 -0.0056641693930546549 0.0052110453791570886 0.0013742126040376121 0.0018749493417999476 -0.0058849447976172089 -7.8953816449608321e-05 0.00068258460286139803
leaf_weight=619 690 1775 59 427 2012 2554 70 68 1125 150 43 49 172 1477 78 151 49 3191 2285 361 38 54 59 256 2829 1891 162 197 339 60 30 177 633 56 118 1318 1002 38 1326 490 735 30 131 34 137 35 317 325 104 620 89 82 106 54 31 45 30 180 665 31 54 2217
leaf_count=619 690 1775 59 427 2012 2554 70 68 1125 150 43 49 172 1477 78 151 49 3191 2285 361 38 54 59 256 2829 1891 162 197 339 60 30 177 633 56 118 1318 1002 38 1326 490 735 30 131 34 137 35 317 325 104 620 89 82 106 54 31 45 30 180 665 31 54 2217
internal_value=-2.05356e-05 -0.000347472 -0.000998152 -0.000222941 -0.000450343 0.000365988 0.00054131 6.65906e-06 7.06748e-05 0.000779058 -0.00194694 -0.00350643 -0.000628687 -3.8681e-05 -0.001757 -0.00251835 0.000731657 -0.000820382 0.000835327 0.00136056 -0.000531234 0.00157921 0.00293599 -0.000279107 -0.000389889 0.000661178 -1.63075e-05 0.00303947 0.000948137 0.00255895 0.00234774 0.000920526 0.00150743 0.00289214 0.000678505 -0.000266969 -0.000207019 -0.000649257 5.91609e-05 0.00105928 -0.000138938 -0.00193896 0.000569978 -0.000603702 -0.00011095 -0.000993654 0.00017748 -0.00086395 -0.00203846 -0.00151022 -0.00279692 -0.0042276 0.00102362 0.00294007 -0.00126264 -0.00352966 0.0018609 0.000461425 0.00135622 -0.00326863 -0.00209765 0.000437748
internal_weight=34530 18707 3004 15703 8849 15823 10634 5189 6854 1352 862 243 7074 1727 250 194 7918 5347 7083 1762 3259 662 209 3512 3256 5321 2716 246 453 114 68 3036 896 263 2140 3837 3715 1387 2328 1516 835 100 2022 2142 940 1202 376 566 241 826 206 117 374 88 2088 76 207 286 1155 69 122 3342
internal_count=34530 18707 3004 15703 8849 15823 10634 5189 6854 1352 862 243 7074 1727 250 194 7918 5347 7083 1762 3259 662 209 3512 3256 5321 2716 246 453 114 68 3036 896 263 2140 3837 3715 1387 2328 1516 835 100 2022 2142 940 1202 376 566 241 826 206 117 374 88 2088 76 207 286 1155 69 122 3342
cat_boundaries=0 2 3 5 7 9 11 13 15 16 18 20 22 24 26 28 30 32 33 35 37
cat_threshold=1196297728 2969803012 1 8388944 27697272 1368665472 1208254824 19161536 3494216449 585375041 3354326121 37749800 18432 202432551 268960646 4 541065792 12288 262208 33857544 575181402 2717939717 16793600 1073742081 16384 11666578 683737130 668914 67190785 343934098 4 16846976 1 144707840 76039745 134340768 2105472
is_linear=0
shrinkage=0.05


Tree=88
num_leaves=63
num_cat=26
split_feature=3 3 4 2 1 6 2 1 1 1 2 1 2 2 1 1 2 6 7 2 1 2 4 9 9 1 11 2 11 9 9 1 4 9 9 4 4 3 6 4 4 4 6 4 0 9 9 9 6 2 11 1 2 4 9 2 1 10 9 11 6 2
split_gain=1.6013 0.641244 0.386365 0.453944 0.508007 0.556396 0.370287 0.424587 0.399402 0.352839 0.414142 0.314276 0.396428 0.380226 0.352546 0.306378 0.398547 0.520172 0.480466 0.28846 0.287412 0.4136 0.299669 0.316044 0.988856 0.28081 0.424412 0.308422 0.755489 0.274607 0.269078 0.253313 0.691315 0.281874 0.234851 0.230483 0.225205 0.276677 0.269044 0.377517 0.252149 0.281236 0.222081 0.208246 0.268742 0.212794 0.199408 0.322165 0.191724 0.188409 0.188563 0.204258 0.185775 0.295733 0.185502 0.257882 0.374325 0.408781 0.208038 0.373244 0.184207 0.180182
threshold=1268.8500000000001 431.85000000000008 24767.500000000004 0 1 1.9505550000000003 2 3 4 5 6 7 8 9 10 11 12 2.0061050000000002 1.5000000000000002 13 14 15 29458.500000000004 174.50000000000003 205.50000000000003 16 302.82283600000005 17 771.74469000000011 39.500000000000007 150.50000000000003 18 29314.500000000004 144.50000000000003 253.50000000000003 25302.500000000004 39647.000000000007 281.55000000000007 2.6849100000000004 22856.500000000004 29799.500000000004 32750.500000000004 1.9890800000000002 38246.500000000007 19 62.500000000000007 252.50000000000003 238.50000000000003 2.3418500000000004 20 2623.1166445000003 21 22 18394.000000000004 106.50000000000001 23 24 1.0000000180025095e-35 154.50000000000003 3991.7598750000006 2.0009550000000007 25
decision_type=2 2 2 9 9 2 9 9 9 9 9 9 9 9 9 9 9 2 2 9 9 9 2 2 2 9 2 9 2 2 2 9 2 2 2 2 2 2 2 2 2 2 2 2 1 2 2 2 2 9 2 9 9 2 2 9 9 2 2 2 2 9
left_child=1 9 3 4 5 -3 7 -4 -8 10 31 12 -2 20 54 16 17 -5 -18 25 21 -13 23 29 -25 26 -11 28 -28 -23 -7 32 -1 36 49 42 37 38 39 -33 -41 -42 -10 -21 -45 -46 47 -12 -38 -14 -51 -52 -22 60 -15 56 -56 58 -58 -60 -54 -9
right_child=11 2 6 15 -6 30 8 61 35 19 46 13 34 14 -16 -17 18 -19 -20 43 52 22 -24 24 -26 -27 27 -29 -30 -31 -32 33 -34 -35 -36 -37 48 -39 -40 40 41 -43 -44 44 45 -47 -48 -49 -50 50 51 -53 53 -55 55 -57 57 -59 59 -61 -62 -63
leaf_value=-0.0097838137537331841 0.00022311475347041093 0.0091145384024017527 0.0002080240949724348 -0.009486568588319989 -0.00019073729968693164 -0.00091412333123364747 -0.00017656223367638812 -0.0015386047677996755 0.0060824274883738592 0.0056188415822006118 -0.00060315675970829181 0.00064357737298488852 0.00073409778273072991 0.00047979749311315829 4.8505451274125535e-05 -0.00062246656886709602 -0.005730223883578571 -0.0021816243559263314 -0.00088224334208788211 -0.0011527307071918051 0.00046676500392249022 -0.0060062880918145137 -0.00086262362891611425 -0.012837102672276689 -0.00091469392035633504 -0.00036853106394757766 0.00036451439700012659 -0.00021633436050216972 0.0083716608418887145 -0.00057218734459878 0.0045642182083898471 -0.0090509207601743667 -0.0018493294463507145 -0.00054938479823928238 0.0043607652508567468 0.00046590831637257957 -0.0080775813086450318 -0.00068323526561749645 0.00035455628676572815 -0.00044178538947952419 -0.0085338969925238244 -0.0020432336469522667 0.0012148444175427604 -0.0010490746469557835 0.0056185606297731285 0.00086537010633353775 0.0029974835797070736 -0.0037830755594075618 -0.0023584344657137991 0.0053682042425862164 0.0020606814090829615 0.00061671262683632379 -0.0010818017086629489 -0.00019413173287796575 0.0006885176601232907 0.00088146417870970393 0.0026594211432633789 0.00063068650121879605 0.0036791441209667632 0.0099795503217119767 -0.006449747624062566 -0.00052902969863557418
leaf_weight=40 2325 30 2085 41 1220 54 3695 552 34 45 1559 229 2034 728 1591 1378 56 60 501 1221 1381 30 257 30 40 1114 105 358 40 94 37 32 85 334 53 4545 30 195 39 55 30 38 73 148 31 91 35 83 30 31 602 459 34 1181 162 642 41 55 47 50 30 2305
leaf_count=40 2325 30 2085 41 1220 54 3695 552 34 45 1559 229 2034 728 1591 1378 56 60 501 1221 1381 30 257 30 40 1114 105 358 40 94 37 32 85 334 53 4545 30 195 39 55 30 38 73 148 31 91 35 83 30 31 602 459 34 1181 162 642 41 55 47 50 30 2305
internal_value=-1.95007e-05 -0.000269995 -0.00011302 -0.000590501 0.000126418 0.00307359 8.35322e-06 -0.000334232 0.00021135 -0.000725831 -0.00115791 0.000443297 0.000722165 0.000210029 0.000587544 -0.00105795 -0.00194473 -0.00474567 -0.00135477 -0.000366505 -0.00016932 -0.00107685 -0.00194494 -0.00346669 -0.00613314 8.72197e-05 0.00100271 0.000599304 0.00244793 -0.00192442 0.00133873 -0.00201864 -0.00411896 -0.00163092 0.00108512 0.000519151 -0.00246868 -0.00201895 -0.00335115 -0.00427985 -0.00297562 -0.00498894 0.00280355 -0.000869202 0.000380428 0.00210901 -0.00068175 -0.0007661 -0.00530355 0.00103168 0.00156377 0.00146238 6.91953e-05 -0.000372029 0.00108125 0.00153034 0.00260023 0.00408123 0.00573562 0.00699547 -0.00365854 -0.000729242
internal_weight=34530 22404 16666 3377 1341 121 13289 4942 8347 5738 2585 12126 5504 6622 3316 2036 658 101 557 3153 3306 680 451 194 70 1662 548 503 145 124 91 908 125 783 3179 4652 449 389 194 155 123 68 107 1491 270 122 1677 1642 60 3126 1092 1061 2626 1245 1725 997 355 193 138 97 64 2857
internal_count=34530 22404 16666 3377 1341 121 13289 4942 8347 5738 2585 12126 5504 6622 3316 2036 658 101 557 3153 3306 680 451 194 70 1662 548 503 145 124 91 908 125 783 3179 4652 449 389 194 155 123 68 107 1491 270 122 1677 1642 60 3126 1092 1061 2626 1245 1725 997 355 193 138 97 64 2857
cat_boundaries=0 2 4 6 8 10 12 14 16 18 20 22 24 26 28 30 32 34 36 38 39 41 43 45 47 49 51
cat_threshold=1946838136 1133447272 578945544 2 893660264 2187140392 135965104 4154968148 214334450 2525990950 1434086341 612487476 593103970 815894533 1042291523 3335636750 1272147098 4211755624 819888942 354727419 2148025512 537403537 374736388 1761616082 134217729 805363712 758901216 614474085 2148025480 8193 524810 335553553 2684621824 1342319168 135266688 288 85983232 32 1 70029348 3186711 67108930 106021380 13008932 2396416 153118720 9585152 2147501088 8208 262240 851976
is_linear=0
shrinkage=0.05


Tree=89
num_leaves=63
num_cat=19
split_feature=3 3 1 0 1 5 1 1 9 11 1 4 9 0 6 1 5 6 0 4 1 5 1 4 4 5 9 5 4 0 5 1 3 0 1 6 6 5 1 9 5 5 5 3 1 4 11 1 4 1 4 3 5 3 3 4 5 4 3 11 9 3
split_gain=1.44707 0.582807 0.491202 0.447002 0.449407 0.33684 0.501915 0.371196 0.332351 0.328097 0.317095 0.407502 0.315406 0.308692 0.417601 0.277408 0.249469 0.24582 0.34643 0.245293 0.269819 0.299423 0.233772 0.243034 0.40655 0.214129 0.213471 0.366073 0.212558 0.206816 0.213393 0.196088 0.219226 0.192812 0.278044 0.19269 0.191732 0.361633 0.342329 0.315313 0.253489 0.473363 0.213578 0.191477 0.185036 0.180352 0.176111 0.180577 0.173926 0.173906 0.172309 0.556596 0.168005 0.166468 0.165114 0.436158 0.20888 0.283976 0.163123 0.160662 0.156581 0.180911
threshold=1246.0500000000002 306.75000000000006 0 1 2 0.97463500000000003 3 4 96.500000000000014 2238.6444120000001 5 13020.500000000002 28.500000000000004 6 2.3653400000000002 7 0.79722500000000018 2.7208800000000006 8 39915.000000000007 9 1.0419250000000002 10 29238.500000000004 28635.500000000004 1.0515481034482761 253.50000000000003 0.96117500000000011 24767.500000000004 11 0.97463500000000003 12 1347.0000000000002 13 14 1.3493750000000002 2.1638050000000004 1.0219850000000001 15 165.50000000000003 1.2013750000000003 1.3188950000000002 1.3619150000000002 256.85000000000008 16 39282.500000000007 5779.6707300000007 17 40612.000000000007 18 25708.500000000004 229.95000000000002 1.3715950000000003 2645.6500000000001 1735.45 23721.500000000004 1.1702350000000001 31875.500000000004 1377.4500000000003 4939.9119950000013 105.50000000000001 1066.7500000000002
decision_type=2 2 9 1 9 2 9 9 2 2 9 2 2 1 2 9 2 2 1 2 9 2 9 2 2 2 2 2 2 1 2 9 2 1 9 2 2 2 9 2 2 2 2 2 9 2 2 9 2 9 2 2 2 2 2 2 2 2 2 2 2 2
left_child=1 2 8 4 28 6 9 19 12 -5 11 -2 -1 -14 -15 17 -13 18 -4 -7 21 -21 23 24 -8 -20 29 -28 60 30 31 45 -33 44 -35 -6 38 -38 39 58 -41 -42 -40 -27 50 -12 47 -31 -23 54 51 -17 -44 -18 55 -39 57 -56 -32 -60 61 -3
right_child=10 3 15 5 35 7 22 -9 -10 -11 26 16 13 14 -16 33 53 -19 25 20 -22 48 -24 -25 -26 43 27 -29 -30 46 36 32 -34 34 -36 -37 37 49 42 40 41 -43 52 -45 -46 -47 -48 -49 -50 -51 -52 -53 -54 -55 56 -57 -58 -59 59 -61 -62 -63
leaf_value=-0.00061206421274359211 -0.0040661485648687918 -0.0016496389486402787 0.0065362566852744559 0.0005362737554857319 0.0046247225840606041 -0.00060529435765808819 -0.0019983536792832508 0.00012646827708233196 -0.0013844014310196049 0.0056861013699209956 -0.00071756774707498522 -0.0041180271889007759 -0.0091982945499598581 -0.007943725027025967 -0.0011442313581816659 -0.0082850844929601222 0.0001034970639291908 -0.0018935951056359306 -0.0014332327770105503 0.0051500309739197954 -0.00026909837374439443 0.0042962552753329697 -0.00059521970007629914 -0.0009237410319389935 -0.0078571562016804819 0.0041044773958165649 0.00040639869703115028 0.0056828525295713923 -2.4062741776170694e-05 0.0013014118619994585 0.0044253325133908989 0.0038905670911145323 1.7617818423253807e-05 -0.0011274795154819302 0.00052440398210484396 0.00065695831798946508 0.0039162274384452441 -0.0075136903753445956 0.00025836231142013164 0.0019246727252889455 0.008494390186250764 0.00069208302084007307 0.0055047910693577836 -0.0005908238235861063 -0.00080406585154202891 -0.003678106773869302 0.0020288158853465836 0.00046197710419748411 0.00022236686025450705 0.00038107566406869747 -0.0015399711831348888 -0.00064771176998461169 0.0012849085504267246 0.0013105522290258152 0.00020115903947347157 -0.00032055435360581175 0.00032890997925413243 -0.0047665258253346112 0.00036856970220405186 0.0038562103199797707 -0.00046796381008939314 -0.0058767052219463366
leaf_weight=48 57 147 32 346 30 4507 428 5486 303 33 307 33 37 36 59 42 4504 55 60 50 584 30 1932 689 31 58 80 55 1801 1009 32 38 579 479 522 2569 56 31 1387 107 52 31 32 34 938 61 305 1843 170 623 247 54 86 304 59 62 269 55 310 36 260 30
leaf_count=48 57 147 32 346 30 4507 428 5486 303 33 307 33 37 36 59 42 4504 55 60 50 584 30 1932 689 31 58 80 55 1801 1009 32 38 579 479 522 2569 56 31 1387 107 52 31 32 34 938 61 305 1843 170 623 247 54 86 304 59 62 269 55 310 36 260 30
internal_value=-1.85156e-05 -0.000260848 -0.000908171 -0.000159119 0.000256289 -0.000299778 -0.000729249 -0.000162516 -0.00235416 0.000972858 0.000413793 9.98418e-05 -0.00409999 -0.00535419 -0.00377679 -0.000618522 0.00014993 0.000974853 0.00189057 -0.000458692 0.00032784 0.0016623 -0.000939054 -0.00150656 -0.00241027 0.000876197 0.000617691 0.00258204 -0.00026315 0.000582202 0.000352788 -0.00029118 0.000257883 -0.000789277 -0.000272413 0.00070182 0.000549319 3.29963e-05 0.00083684 0.00187142 0.00356133 0.00562321 0.000430113 0.00238156 -0.00119879 -0.00118484 0.000888145 0.000765491 0.000851784 -0.000168256 -0.00218586 -0.00404003 0.00246593 0.000180073 -0.000876146 -0.00277269 -0.000432422 -0.00221614 0.00106422 0.000741513 -0.0012522 -0.00239508
internal_weight=34530 22127 3004 19123 4837 14286 3459 10827 483 379 12403 4898 180 132 95 2521 4841 239 184 5341 834 250 3080 1148 459 152 7505 135 2238 7370 4213 985 617 2282 1001 2599 3228 1155 2073 568 190 83 1505 92 1281 368 3157 2852 200 1099 343 96 118 4808 476 93 383 114 378 346 437 177
internal_count=34530 22127 3004 19123 4837 14286 3459 10827 483 379 12403 4898 180 132 95 2521 4841 239 184 5341 834 250 3080 1148 459 152 7505 135 2238 7370 4213 985 617 2282 1001 2599 3228 1155 2073 568 190 83 1505 92 1281 368 3157 2852 200 1099 343 96 118 4808 476 93 383 114 378 346 437 177
cat_boundaries=0 2 3 5 7 9 11 12 14 15 17 19 20 22 23 25 27 29 31 33
cat_threshold=84936704 612401316 4 3057664733 3059833262 805339264 2147485706 4101377763 236600846 3252085796 1494100081 4 2684616704 1207962114 4 131201 134752768 22441472 687952048 1 805830785 73466628 1 1483378944 50464025 526408 2182185984 41968672 2416463872 436738050 1131276 134744074 537952644
is_linear=0
shrinkage=0.05


Tree=90
num_leaves=63
num_cat=27
split_feature=3 3 5 2 1 2 1 9 9 2 5 1 2 1 2 6 9 2 1 11 2 1 1 3 5 9 1 2 1 5 6 6 5 5 1 9 2 9 5 9 1 9 1 2 1 5 3 2 6 6 6 2 5 11 11 11 9 2 9 9 9 1
split_gain=1.43422 0.505524 0.383881 0.459113 0.457846 0.436422 0.482851 0.520659 0.345171 0.603174 0.668977 0.410412 0.384031 0.319601 0.31697 0.297827 0.296577 0.288099 0.258743 0.250397 0.249313 0.333101 0.246888 0.270675 0.240212 0.297454 0.234896 0.22834 0.197989 0.192867 0.204505 0.221044 0.192453 0.346155 0.190365 0.312731 0.278659 0.421907 0.22677 0.254192 0.187522 0.213651 0.181316 0.251889 0.270204 0.336971 0.253427 0.206405 0.178343 0.177285 0.444927 0.171364 0.181389 0.237209 0.167704 0.166674 0.161047 0.159236 0.357788 0.297636 0.260339 0.209261
threshold=514.85000000000002 1845.5000000000002 0.95911000000000002 0 1 2 3 117.50000000000001 27.500000000000004 4 1.0153550000000002 5 6 7 8 1.2845100000000003 187.50000000000003 9 10 5936.5263780000014 11 12 13 1665.6500000000003 1.3824250000000002 147.50000000000003 14 15 16 0.97463500000000003 2.3779400000000006 2.3254550000000003 0.93292500000000012 0.89751000000000014 17 78.500000000000014 18 223.50000000000003 1.1106950000000002 30.500000000000004 19 56.500000000000007 20 21 22 1.0536250000000003 895.95000000000016 23 2.2122250000000006 1.8311250000000003 1.96357 24 1.2369850000000002 869.86961650000012 3582.4007410000004 240.082596 150.50000000000003 25 250.50000000000003 111.50000000000001 230.50000000000003 26
decision_type=2 2 2 9 9 9 9 2 2 9 2 9 9 9 9 2 2 9 9 2 9 9 9 2 2 2 9 9 9 2 2 2 2 2 9 2 9 2 2 2 9 2 9 9 9 2 2 9 2 2 2 9 2 2 2 2 2 9 2 2 2 9
left_child=2 8 3 -1 5 6 7 -4 9 10 -2 14 42 32 22 -8 -9 40 -14 20 21 27 23 -10 57 -26 -5 -3 49 -22 31 -31 33 -11 35 38 -37 -38 39 -19 41 -6 43 44 -13 -46 -47 -44 -21 -29 -51 52 53 -17 -30 -7 -52 59 -59 -20 61 -61
right_child=1 19 4 26 17 55 15 16 11 13 -12 12 18 -15 -16 51 -18 34 24 48 29 -23 -24 -25 25 -27 -28 28 54 30 -32 -33 -34 -35 -36 36 37 -39 -40 -41 -42 -43 47 -45 45 46 -48 -49 -50 50 56 -53 -54 -55 -56 -57 -58 58 -60 60 -62 -63
leaf_value=-0.0029177833813361985 -0.0015163221952719721 0.00031341748739613959 -0.0088928159114099511 0.00029617791065501245 -0.0059647024194418924 -0.0023711989776411032 -0.0051852804428958541 9.9479663871394355e-05 -0.001729520647902973 0.0012771239626882713 -0.007741147546342593 -0.00043402185697269174 0.00031576375023281889 -0.00046189451763160421 4.1743258091977719e-06 -0.0046668831871439975 -0.0058259767630564367 0.0049687457822276179 0.00032826001557270727 0.0024205711844227829 8.7405883749588315e-05 0.00056096521672193561 -0.00056355926409692514 -0.0069786706082419605 0.00042201184398944075 0.0061404953357996426 -0.0012330695455690913 3.5155289188118274e-05 -0.0036833953349789807 0.0010916342742525085 -0.002728040810153984 0.0044384888643738433 -0.00012128018716895087 0.0066501964535721509 -5.5548133008743116e-05 -0.0009167816533798347 0.00070659619689821202 0.0066937454482258272 0.0066842374512024461 0.0003532469292581987 -0.00036880692310904114 -0.0015389846676600652 -0.00045530371093431598 -8.8300433492213688e-05 0.00014762697648383556 -0.0080932462455920607 -0.0028551055110412941 0.000485777704038065 0.00077461188839865209 -0.0065643469869125217 -0.0030094371055451189 -0.00070723626156617646 -0.00034491514597903008 -5.5243592121256275e-05 -0.00025750013045067991 -0.00016850421468377508 0.00093473034712951647 0.00035829608766756583 0.0057216525684452794 0.0013657683897112935 -7.8185345114434315e-05 0.0036520091204001802
leaf_weight=334 439 650 47 338 31 91 45 51 124 162 47 235 3084 1260 6357 104 35 44 391 277 619 2311 1495 30 42 49 970 60 37 1638 33 50 143 36 1984 243 275 32 30 89 545 195 792 1325 45 40 57 2129 407 59 53 818 71 38 600 1295 49 1110 31 244 111 239
leaf_count=334 439 650 47 338 31 91 45 51 124 162 47 235 3084 1260 6357 104 35 44 391 277 619 2311 1495 30 42 49 970 60 37 1638 33 50 143 36 1984 243 275 32 30 89 545 195 792 1325 45 40 57 2129 407 59 53 818 71 38 600 1295 49 1110 31 244 111 239
internal_value=-6.72022e-06 0.000165785 -0.000608024 -0.00128601 -0.000424228 -0.000924705 -0.00161742 -0.00438484 3.89487e-05 -0.000569473 -0.00209005 0.000109795 0.000324449 -9.32406e-05 -0.000156501 -0.00123444 -0.00235129 -4.67772e-05 0.000614611 0.000536742 0.000435796 0.00018473 -0.000771837 -0.00262139 0.00102672 0.00353447 -0.000838723 -0.000391736 -0.000923148 0.000840914 0.00111661 0.00119334 0.00124081 0.00228256 0.0001975 0.00089178 0.000332217 0.00130791 0.00282071 0.00190586 -0.000892031 -0.00207811 -8.9365e-06 -0.000417611 -0.00153968 -0.00320672 -0.00507571 0.000229862 0.00144374 -0.00218745 -0.00314589 -0.0010691 -0.00230809 -0.0034418 -0.000454825 -0.000312478 -0.00112401 0.000922592 0.000504479 0.00138674 0.00210507 0.00260594
internal_weight=34565 26860 7705 1642 6063 2595 1209 133 20017 2087 486 17930 9924 1601 8006 1076 86 3468 5301 6843 6159 3819 1649 154 2217 91 1308 1508 858 2340 1721 1688 341 198 2697 713 550 307 163 133 771 226 4623 1702 377 142 97 2921 684 221 161 1031 213 142 637 1386 102 2126 1141 985 594 483
internal_count=34565 26860 7705 1642 6063 2595 1209 133 20017 2087 486 17930 9924 1601 8006 1076 86 3468 5301 6843 6159 3819 1649 154 2217 91 1308 1508 858 2340 1721 1688 341 198 2697 713 550 307 163 133 771 226 4623 1702 377 142 97 2921 684 221 161 1031 213 142 637 1386 102 2126 1141 985 594 483
cat_boundaries=0 2 4 6 8 10 12 14 16 18 20 22 24 26 28 30 32 34 36 38 40 42 44 46 48 50 52 54
cat_threshold=537929728 134881281 1458572297 2496175284 30812256 832803556 67110912 8390688 16778244 639830730 2229160044 915787943 1995774220 1514535464 1082834948 536879488 109709121 68272144 1548228097 2534475816 1243644290 19017040 1408518881 940888245 1086071817 2262851781 8912896 538181632 335561736 805308666 1378879521 269484209 524297 71319552 134615044 1610694914 588267680 1920 315392 1627406338 1358960131 2168979472 1078005760 268451840 1090519553 524304 805570568 134316544 8519680 2228740 134226531 20054161 16789505 1207960072
is_linear=0
shrinkage=0.05


Tree=91
num_leaves=63
num_cat=27
split_feature=3 0 1 2 2 5 1 1 1 2 2 1 5 9 3 2 1 2 1 2 2 9 5 5 11 1 6 5 5 2 5 0 8 6 5 5 6 6 1 2 1 2 11 5 6 2 3 3 5 6 3 11 2 5 3 11 8 5 5 1 0 6
split_gain=1.29647 0.554577 0.498211 0.695892 0.473067 0.34728 0.442372 0.42224 0.295998 0.500233 0.411419 0.356862 0.375395 0.420914 0.717865 0.281604 0.280517 0.277881 0.271465 0.303887 0.285588 0.31879 0.45586 0.498386 0.429933 0.271011 0.555626 0.267009 0.375822 0.261331 0.370855 0.268135 0.282031 0.25524 0.246474 0.513359 0.246346 0.233255 0.229701 0.222302 0.222231 0.348836 0.466527 0.220621 0.211746 0.416907 0.239658 0.209362 0.304004 0.208172 0.312515 0.279156 0.203852 0.632534 0.199275 0.198215 0.514037 0.193679 0.19174 0.187808 0.25002 0.192174
threshold=514.85000000000002 0 1 2 3 0.95911000000000002 4 5 6 7 8 9 1.3382450000000004 163.50000000000003 1018.9500000000002 10 11 12 13 14 15 155.50000000000003 1.0062850000000003 1.0976150000000002 3431.8373455000005 16 1.9710850000000002 1.2084450000000002 1.2731450000000002 17 1.2731450000000002 18 2.5000000000000004 2.0084400000000007 1.1723750000000002 1.1518700000000004 2.5226750000000004 2.4081300000000003 19 20 21 22 4697.6408130000009 0.81962500000000016 2.1940450000000005 23 2283.2500000000005 867.55000000000007 1.1764850000000002 1.96357 1090.5500000000002 1703.6766855000001 24 1.2624900000000003 564.75000000000011 4532.4828560000014 4.5000000000000009 0.79722500000000018 0.97463500000000003 25 26 2.6612550000000001
decision_type=2 1 9 9 9 2 9 9 9 9 9 9 2 2 2 9 9 9 9 9 9 2 2 2 2 9 2 2 2 9 2 1 2 2 2 2 2 2 9 9 9 9 2 2 2 9 2 2 2 2 2 2 9 2 2 2 2 2 2 9 1 2
left_child=5 8 3 25 40 6 36 29 10 11 -2 12 -10 14 -14 43 52 38 19 -11 21 49 -23 24 -24 26 -3 -25 -29 30 31 -7 -33 -34 35 54 37 -1 58 -18 41 42 -4 -8 57 46 47 -46 -49 50 51 -20 53 -6 -27 -56 -57 -12 -9 61 -61 -19
right_child=1 2 4 -5 16 7 15 17 9 18 44 -13 13 -15 -16 -17 39 59 20 -21 -22 22 23 27 -26 34 -28 28 -30 -31 -32 32 33 -35 -36 -37 -38 -39 -40 -41 -42 -43 -44 -45 45 -47 -48 48 -50 -51 -52 -53 -54 -55 55 56 -58 -59 -60 60 -62 -63
leaf_value=-0.0029078669766178984 0.00018685278857542571 -0.0074381620137694672 -0.00094494161544824904 0.00048288367376801114 0.0017400259915570802 0.0002537464151828317 0.0040873373414010653 0.0045918146736574168 -0.00069814517719575097 0.0010783463390782505 -0.0039220993906313268 7.1376685666739846e-05 -0.0001294188549907535 0.00092778370080113008 -0.0092443339681127484 -0.0012259288145019648 0.00024979371233389017 -0.0012479096620327996 0.0018899396500485237 -0.0001846640690978337 0.00030873845189693624 0.00016328008143992286 0.0035753348977556709 -0.0001652690914025615 0.011688420693099034 -0.0035317988704986099 -0.00077031436506092043 0.0069407945067463776 0.0018334508568555717 -0.00083221057594476356 0.00020450195542071016 -0.0022866787190485576 -0.010302721457082954 -0.0045515404179178442 0.0001754915063461202 -0.0061767238530360084 -0.00028039762810048822 -0.0069588334869517578 -0.00023748767379545423 0.0011621522800856355 0.00051358315327229358 0.00041043690593819092 -0.0062847620109096171 8.6067114830257205e-06 -0.0019042106733839622 -0.00053992305486959095 0.0002279360872329917 -0.002911589416217501 -0.0083120223149890076 2.289938632505558e-05 0.00086905518110143027 0.0081499914607547908 0.0013059828194959926 0.0080300947735725235 -0.00038894171631013915 -0.0074530344295115876 0.0010892668667818524 -0.0003790232699383053 0.00070527871488378037 0.00079082625041028637 -0.00053899916800202654 0.00052986802014795629
leaf_weight=232 2974 46 375 3076 189 31 36 32 973 642 38 2301 37 36 51 940 1300 1055 42 1753 970 134 36 65 31 62 94 55 104 795 74 65 31 57 659 46 73 42 1087 1406 1716 537 45 319 71 539 40 58 49 365 224 31 1160 50 787 34 35 3624 860 482 1317 177
leaf_count=232 2974 46 375 3076 189 31 36 32 973 642 38 2301 37 36 51 940 1300 1055 42 1753 970 134 36 65 31 62 94 55 104 795 74 65 31 57 659 46 73 42 1087 1406 1716 537 45 319 71 539 40 58 49 365 224 31 1160 50 787 34 35 3624 860 482 1317 177
internal_value=-6.44688e-06 0.000157564 0.000417796 2.94381e-05 0.000693942 -0.000578144 -0.001223 -0.00040333 -4.07775e-05 0.000172962 -0.000267594 -0.000283446 -0.00102102 -0.00361036 -0.00545644 -0.000774788 0.00103102 -0.000209897 0.000521156 0.000157279 0.000941734 0.00149785 0.00257899 0.00368701 0.00744584 -0.000759801 -0.00279982 0.00253462 0.00363248 -0.00130818 -0.00268082 -0.00398096 -0.00483505 -0.00667052 -0.000566165 -0.00107869 -0.00278635 -0.00355186 0.000250258 0.000726628 0.000174173 -0.000433345 -0.00149512 0.000420726 -0.000573143 -0.00133522 -0.00312289 -0.00404742 -0.00543875 0.000823508 0.00180404 0.00462253 0.00160954 0.00296056 -0.000816792 -0.000616253 -0.00316632 -0.00041685 0.000840282 -0.00051016 -0.000181454 -0.000984293
internal_weight=34565 26860 11617 4839 6778 7705 1642 6063 15243 7850 7393 3398 1097 124 88 1295 4105 5010 4452 2395 2057 1087 425 291 67 1763 140 224 159 1053 258 184 153 88 1623 964 347 274 1979 2706 2673 957 420 355 4419 757 218 178 107 662 297 73 1399 239 918 856 69 3662 892 3031 1799 1232
internal_count=34565 26860 11617 4839 6778 7705 1642 6063 15243 7850 7393 3398 1097 124 88 1295 4105 5010 4452 2395 2057 1087 425 291 67 1763 140 224 159 1053 258 184 153 88 1623 964 347 274 1979 2706 2673 957 420 355 4419 757 218 178 107 662 297 73 1399 239 918 856 69 3662 892 3031 1799 1232
cat_boundaries=0 1 3 5 7 9 11 13 15 17 19 21 23 25 27 29 31 33 35 36 38 40 42 44 46 48 50 51
cat_threshold=1 819209420 2545423592 1678007433 3257178157 1407058252 431366280 159408128 17432578 82837504 2491453476 190765318 1040673459 1100708482 3255202598 1360724534 2450420492 1350574081 2153283584 1073748360 622895144 2166407696 1212484100 539035814 1487584596 69215952 1101006148 33849349 13697097 606110792 362843280 1032 2147483648 29491264 659460 2 4160772134 1610706178 136324115 2248171091 1226885648 138805250 38010884 151396480 671137800 88115200 134217730 2147517506 1342229512 1611156610 4
is_linear=0
shrinkage=0.05


Tree=92
num_leaves=63
num_cat=17
split_feature=11 0 5 2 2 9 9 4 11 2 4 9 4 4 2 2 9 9 0 2 5 2 5 5 5 2 4 6 2 6 11 2 4 2 6 9 2 5 9 4 4 4 4 9 11 4 4 0 2 9 9 9 5 6 11 11 9 8 4 5 9 2
split_gain=1.14507 0.466794 0.377639 0.493732 0.456466 0.394 0.434101 0.351346 0.313551 0.270094 0.229193 0.224856 0.223006 0.213013 0.31525 0.285278 0.228901 0.186084 0.386575 0.338945 0.263858 0.255103 0.213377 0.711913 0.203535 0.195197 0.184946 0.178121 0.168679 0.166705 0.263255 0.165606 0.176911 0.16488 0.450829 0.161772 0.310916 0.533937 0.505237 0.204701 0.158711 0.158351 0.28988 0.188941 0.145398 0.140109 0.278069 0.139077 0.189525 0.265085 0.276997 0.198107 0.138754 0.184985 0.269208 0.268834 0.137546 0.137437 0.149725 0.135428 0.134658 0.320762
threshold=1303.8253995000002 0 0.95911000000000002 1 2 48.500000000000007 37.500000000000007 15735.000000000002 5936.5263780000014 3 46988.000000000007 89.500000000000014 36098.500000000007 37841.500000000007 4 5 249.50000000000003 135.50000000000003 6 7 1.3554650000000004 8 1.1132850000000001 1.1462100000000002 0.96509500000000015 9 32595.500000000004 1.2845100000000003 10 1.6788350000000003 785.30233600000008 11 13020.500000000002 12 2.1402250000000005 36.500000000000007 13 0.99265500000000018 23.500000000000004 15735.000000000002 36653.500000000007 27573.500000000004 27121.500000000004 54.500000000000007 240.082596 40612.000000000007 42240.000000000007 14 15 67.500000000000014 223.50000000000003 243.50000000000003 1.3928125510204084 2.196895 3752.1038525000004 3517.7179835000002 150.50000000000003 1.0000000180025095e-35 23961.500000000004 0.79722500000000018 210.50000000000003 16
decision_type=2 1 2 9 9 2 2 2 2 9 2 2 2 2 9 9 2 2 1 9 2 9 2 2 2 9 2 2 9 2 2 9 2 9 2 2 9 2 2 2 2 2 2 2 2 2 2 1 9 2 2 2 2 2 2 2 2 2 2 2 2 9
left_child=2 13 3 33 5 6 12 -5 9 35 17 -12 -4 15 16 60 -15 21 25 20 29 22 -6 -24 -23 -19 31 40 -28 -20 -31 32 -11 34 -1 36 37 38 -3 56 -26 42 -7 -43 -27 -35 -47 57 49 -49 -51 -52 53 59 55 -55 -37 -9 -59 -17 -2 -62
right_child=1 8 4 7 10 41 -8 47 -10 26 11 -13 -14 14 -16 52 -18 18 19 -21 -22 24 23 -25 27 44 28 -29 -30 30 -32 -33 -34 45 -36 39 -38 -39 -40 -41 -42 43 -44 -45 -46 46 -48 48 -50 50 51 -53 -54 54 -56 -57 -58 58 -60 -61 61 -63
leaf_value=0.0057936660428476033 -0.0002619234629138056 0.0008358441317574309 -0.0031244676877135911 -0.0060834710684668442 -0.00047378701354228934 -0.0010802388766159494 -0.007531497876029896 0.0012682089644828933 0.0020057697695749547 -0.0032631288997014584 0.0046883315662563166 0.000602168238407659 0.0010268738821954078 0.00095949480134234803 1.0853245658827382e-06 -0.0022941631003329981 0.0052001014027292982 0.00011144289019678917 0.00034009716259788549 0.00039578648128221392 0.006865549233231333 0.0029732171747850655 0.0076394148469084823 0.00050543921930132764 -0.0013140746787358381 -0.0037450459770574842 0.00044937983345502171 -0.00058442357111586081 0.0012009213815497284 0.0062273842446633025 0.0013313509187786335 0.00064838519901168378 5.9047651642485685e-05 -0.00063850674628727205 -0.0009475075624516754 -0.0038600168321024212 0.00034684306004738324 -0.007336566950782851 -0.0047938638341050444 0.00023343319655135683 -0.0057516416144226829 0.0034587613618632241 -0.0053919377481742277 -0.00049387309127995097 -0.00082515446065851571 0.0050350068066858092 -0.00045823545830595935 -0.0017516747191400625 -0.0013461671771692637 -0.0091523623180335325 -0.00030482040620559165 -0.0058526056691230871 0.001712111596008767 -0.0011177661465801363 0.00013102813198887514 -0.0059628474996462769 0.00012498935945921786 -0.0044164850507983034 -0.00061794023750495579 0.000273182447218918 -0.0025032898884300419 -0.00036774252329215652
leaf_weight=41 4275 118 100 43 242 562 42 76 306 40 46 120 47 947 2009 51 32 912 95 1058 30 38 40 239 60 45 1452 2342 1630 43 75 1944 1771 724 60 51 265 41 59 2832 30 30 41 1239 606 33 71 131 714 30 30 34 135 390 681 30 37 30 162 4275 229 704
leaf_count=41 4275 118 100 43 242 562 42 76 306 40 46 120 47 947 2009 51 32 912 95 1058 30 38 40 239 60 45 1452 2342 1630 43 75 1944 1771 724 60 51 265 41 59 2832 30 30 41 1239 606 33 71 131 714 30 30 34 135 390 681 30 37 30 162 4275 229 704
internal_value=-6.12596e-06 0.000180867 -0.000449008 -0.00103305 -0.000291435 -0.000931444 -0.00310598 -0.00167554 0.000431131 0.000383885 -7.05765e-05 0.00175577 -0.0017992 -1.09869e-05 0.000362461 -0.000114619 0.00109213 -0.000122768 0.000165265 0.000801663 0.00244358 -0.000398535 0.000600359 0.00155186 -0.000609354 -0.000364629 0.000564631 -0.000669036 0.000852467 0.00190578 0.00315284 0.000329722 -1.60021e-05 -0.000148068 0.00165657 1.89723e-05 -0.000827631 -0.00216726 -0.00105711 0.00015931 -0.00284021 -0.000715332 -0.00138185 -0.00039778 -0.00101683 -0.000387032 0.00131616 -0.00152747 -0.00181405 -0.00308998 -0.00524225 -0.00329678 0.000134424 9.51175e-05 -0.000483243 -0.00147718 -0.00220192 -0.000520384 -0.00123127 0.000242392 -0.000380094 -0.00092476
internal_weight=34565 24304 10261 2179 8082 2061 189 1250 10546 10240 6021 166 147 13758 2988 10770 979 5855 2864 1301 243 2991 521 279 2470 1563 6837 2432 3082 213 118 3755 1811 929 101 3403 483 218 177 2920 90 1872 603 1269 651 828 104 1207 939 225 94 64 5562 5427 1101 420 88 268 192 4326 5208 933
internal_count=34565 24304 10261 2179 8082 2061 189 1250 10546 10240 6021 166 147 13758 2988 10770 979 5855 2864 1301 243 2991 521 279 2470 1563 6837 2432 3082 213 118 3755 1811 929 101 3403 483 218 177 2920 90 1872 603 1269 651 828 104 1207 939 225 94 64 5562 5427 1101 420 88 268 192 4326 5208 933
cat_boundaries=0 1 3 5 7 9 11 12 14 16 18 20 22 24 26 27 29 31
cat_threshold=1 420189496 1998620206 63833664 637862566 1149501773 438675593 671744276 701574806 1759462274 3897650102 1 2105344 19423248 65921 2147619088 1880148024 1218456905 405994514 2155873108 593166352 1629114660 65536 83886080 8388612 35981449 4 1614809220 134217728 606336 1073744416
is_linear=0
shrinkage=0.05


Tree=93
num_leaves=63
num_cat=29
split_feature=3 0 1 2 2 4 2 2 1 2 9 0 1 1 8 6 5 0 5 1 2 1 4 9 1 2 2 1 5 7 4 1 2 9 9 1 1 5 5 6 5 4 5 5 7 8 3 2 0 1 2 9 6 9 4 6 6 6 6 2 3 1
split_gain=1.07898 0.453148 0.449168 0.563678 0.436255 0.385245 0.44618 0.405507 0.390782 0.35456 0.35769 0.501108 0.353643 0.320322 0.522274 0.349311 0.306322 0.317601 0.386726 0.287842 0.35926 0.270435 0.268837 0.327749 0.266803 0.397543 0.374068 0.304229 0.489607 0.696381 0.256691 0.248135 0.259599 0.269411 0.448219 0.387821 0.324716 0.401008 0.7457 0.341564 0.284549 0.220439 0.230135 0.501531 0.208009 0.204544 0.22247 0.204502 0.197972 0.193847 0.206013 0.216553 0.299415 0.19231 0.298147 0.366767 0.190013 0.187652 0.186239 0.407633 0.231572 0.193744
threshold=514.85000000000002 0 1 2 3 32987.500000000007 4 5 6 7 133.50000000000003 8 9 10 3.5000000000000004 2.0232500000000004 1.2344600000000001 11 1.0834750000000002 12 13 14 40612.000000000007 98.500000000000014 15 16 17 18 1.3532150000000003 5.5000000000000009 28273.500000000004 19 20 174.50000000000003 182.50000000000003 21 22 1.0062850000000003 1.0901500000000002 1.9258950000000004 1.2624900000000003 17019.500000000004 1.1723750000000002 1.1492700000000002 1.5000000000000002 1.0000000180025095e-35 843.20000000000016 23 24 25 26 153.50000000000003 1.9814650000000003 33.500000000000007 23480.500000000004 2.3485300000000007 2.1352200000000003 1.4753200000000002 2.1940450000000005 27 2283.2500000000005 28
decision_type=2 1 9 9 9 2 9 9 9 9 2 1 9 9 2 2 2 1 2 9 9 9 2 2 9 9 9 9 2 2 2 9 9 2 2 9 9 2 2 2 2 2 2 2 2 2 2 9 1 9 9 2 2 2 2 2 2 2 2 9 2 9
left_child=5 24 3 13 -4 6 12 22 9 10 11 -9 16 14 15 -3 17 -1 30 20 44 -6 -7 -24 26 27 49 28 -26 -30 -19 47 -33 35 -35 -34 -36 39 -39 -38 -40 -15 43 45 -8 46 -43 56 -14 -2 51 -51 -53 54 55 -21 -27 -46 61 60 -60 -28
right_child=1 2 4 -5 21 7 19 8 -10 -11 -12 -13 48 41 -16 -17 -18 18 -20 53 -22 -23 23 -25 25 31 58 -29 29 -31 -32 32 33 34 36 -37 37 38 40 -41 -42 42 -44 -45 57 -47 -48 -49 -50 50 -52 52 -54 -55 -56 -57 -58 -59 59 -61 -62 -63
leaf_value=-1.8445445570133389e-05 -0.0002669101100943048 -0.010429229158457488 0.00023742465820344178 0.00030707173046912818 0.0015402959336242438 0.00080546213041531489 0.004810775536558746 -0.0096500473239252149 9.6872804721303825e-05 -0.00050170900022937438 -0.00090846904583458772 -0.002674721970851124 0.0001320286504509962 -0.004693993858315728 9.5975118350576276e-05 -0.0031526085432583037 -0.00050310159916989506 -0.0058574789444618448 -0.0091873893873508135 -0.0016537673376520756 -0.00046762803924391383 0.00064148142868475865 0.0082890387729651505 0.00143243104241611 -0.00069182391968526777 0.0011991087631932347 2.4466242942732205e-05 4.4245102551748256e-05 -0.0087123675486741672 0.00066328182949551518 -0.00043852280849885006 0.00020576664300428141 -0.00027334748611978018 0.0080930069723763164 -0.00015435786000921327 0.0018290335110946424 0.0050279220030300656 0.010486627056611941 -0.00040797446547556957 -0.0010291120835825348 0.0057512417891302904 -0.0063906985841552556 0.00039804354933412707 -0.0071654891828956992 0.0045735872205113996 -0.00034643280905919402 -0.0012044840197687826 -0.00019224991482666423 -0.0016759187196650864 0.00055133644239982471 0.00012359339672555445 0.0052649059910267436 0.0013598115152500974 -0.00076346576960270509 -0.0011909413206763382 -0.0089735974350787732 -0.00043517479204420971 0.00053659221426542367 -0.0040078625247776563 -0.00051102328156041798 0.00021758372710858721 -0.0006809791254602706
leaf_weight=30 1108 30 3645 3337 1469 188 38 35 2108 685 131 95 202 32 54 38 59 53 50 38 1135 2064 30 41 818 637 1740 2136 46 34 37 946 421 31 133 448 33 41 45 73 31 30 389 32 31 433 64 1762 602 345 897 69 168 1607 188 31 246 291 168 617 40 2210
leaf_count=30 1108 30 3645 3337 1469 188 38 35 2108 685 131 95 202 32 54 38 59 53 50 38 1135 2064 30 41 818 637 1740 2136 46 34 37 946 421 31 133 448 33 41 45 73 31 30 389 32 31 433 64 1762 602 345 897 69 168 1607 188 31 246 291 168 617 40 2210
internal_value=-5.88018e-06 0.000143744 0.000378977 -1.70301e-05 0.000622999 -0.000527427 -0.00083444 -0.000120294 -0.0002832 -0.00112151 -0.00266211 -0.00461202 -0.00173952 -0.000991788 -0.00331563 -0.0064675 -0.00346784 -0.00469062 -0.00568457 -0.000548853 -3.0041e-05 0.00101882 0.00173835 0.00440448 -3.55457e-05 0.000166551 -0.000251767 -0.000281733 -0.00104826 -0.00476872 -0.00365899 0.000447159 0.000838506 0.00130915 0.00241561 0.000829242 0.00189994 0.00299362 0.00513315 0.000885935 0.0021464 -0.000668901 -0.000535278 -0.00118431 0.00132253 -0.000808248 -0.00290951 0.000119233 -0.00120709 0.000231972 0.000604924 0.00133071 0.00251408 -0.000962343 -0.00223543 -0.0050236 0.000735507 0.000938203 -0.000513779 -0.00119774 -0.00305209 -0.00037196
internal_weight=34565 26860 11617 4439 7178 7705 4392 3313 3054 946 261 130 1033 1102 122 68 229 170 140 3359 1495 3533 259 71 15243 7881 7362 3034 898 80 90 4847 2202 1256 387 869 356 223 117 106 76 980 948 559 360 527 94 2645 804 2587 1479 582 237 1864 257 69 883 322 4775 825 208 3950
internal_count=34565 26860 11617 4439 7178 7705 4392 3313 3054 946 261 130 1033 1102 122 68 229 170 140 3359 1495 3533 259 71 15243 7881 7362 3034 898 80 90 4847 2202 1256 387 869 356 223 117 106 76 980 948 559 360 527 94 2645 804 2587 1479 582 237 1864 257 69 883 322 4775 825 208 3950
cat_boundaries=0 1 3 5 7 9 11 13 15 16 18 20 21 23 25 27 29 31 33 35 37 39 41 43 45 46 48 50 52 54
cat_threshold=1 819208396 2528646376 604249217 3257176072 1407066444 498480009 47459395 167874612 33556482 134254640 47579136 4102772272 22151200 287834240 4 86003712 343949316 8 2156920832 2 1782714546 1837256272 18940328 10616832 2166933010 675629568 190765314 1057450675 1100691970 3255202598 1360724534 2181964556 1350574081 2149089280 69207756 1084233028 912540084 542179392 2684354608 2151710728 2424307745 1048576 577011717 15794248 4 155453698 67119267 1091043360 393992 671137800 88115200 134252802 50669746
is_linear=0
shrinkage=0.05


end of trees

feature_importances:
distance=993
delivery=791
pickup=691
distance_x_quote=615
weight=609
quote_signal=577
market_index=539
day_of_year=462
equipment=433
day_of_week=63
month=48
is_weekend=7

parameters:
[boosting: gbdt]
[objective: regression]
[metric: l1]
[tree_learner: serial]
[device_type: cpu]
[data_sample_strategy: bagging]
[data: ]
[valid: ]
[num_iterations: 2000]
[learning_rate: 0.05]
[num_leaves: 63]
[num_threads: 0]
[seed: 42]
[deterministic: 0]
[force_col_wise: 0]
[force_row_wise: 0]
[histogram_pool_size: -1]
[max_depth: -1]
[min_data_in_leaf: 30]
[min_sum_hessian_in_leaf: 0.001]
[bagging_fraction: 0.85]
[pos_bagging_fraction: 1]
[neg_bagging_fraction: 1]
[bagging_freq: 5]
[bagging_seed: 400]
[bagging_by_query: 0]
[feature_fraction: 0.85]
[feature_fraction_bynode: 1]
[feature_fraction_seed: 30056]
[extra_trees: 0]
[extra_seed: 12879]
[early_stopping_round: 0]
[early_stopping_min_delta: 0]
[first_metric_only: 0]
[max_delta_step: 0]
[lambda_l1: 0]
[lambda_l2: 1]
[linear_lambda: 0]
[min_gain_to_split: 0]
[drop_rate: 0.1]
[max_drop: 50]
[skip_drop: 0.5]
[xgboost_dart_mode: 0]
[uniform_drop: 0]
[drop_seed: 17869]
[top_rate: 0.2]
[other_rate: 0.1]
[min_data_per_group: 100]
[max_cat_threshold: 32]
[cat_l2: 10]
[cat_smooth: 10]
[max_cat_to_onehot: 4]
[top_k: 20]
[monotone_constraints: ]
[monotone_constraints_method: basic]
[monotone_penalty: 0]
[feature_contri: ]
[forcedsplits_filename: ]
[refit_decay_rate: 0.9]
[cegb_tradeoff: 1]
[cegb_penalty_split: 0]
[cegb_penalty_feature_lazy: ]
[cegb_penalty_feature_coupled: ]
[path_smooth: 0]
[interaction_constraints: ]
[verbosity: -1]
[saved_feature_importance_type: 0]
[use_quantized_grad: 0]
[num_grad_quant_bins: 4]
[quant_train_renew_leaf: 0]
[stochastic_rounding: 1]
[linear_tree: 0]
[max_bin: 255]
[max_bin_by_feature: ]
[min_data_in_bin: 3]
[bin_construct_sample_cnt: 200000]
[data_random_seed: 175]
[is_enable_sparse: 1]
[enable_bundle: 1]
[use_missing: 1]
[zero_as_missing: 0]
[feature_pre_filter: 1]
[pre_partition: 0]
[two_round: 0]
[header: 0]
[label_column: ]
[weight_column: ]
[group_column: ]
[ignore_column: ]
[categorical_feature: 0,1,2]
[forcedbins_filename: ]
[precise_float_parser: 0]
[parser_config_file: ]
[objective_seed: 16083]
[num_class: 1]
[is_unbalance: 0]
[scale_pos_weight: 1]
[sigmoid: 1]
[boost_from_average: 1]
[reg_sqrt: 0]
[alpha: 0.9]
[fair_c: 1]
[poisson_max_delta_step: 0.7]
[tweedie_variance_power: 1.5]
[lambdarank_truncation_level: 30]
[lambdarank_norm: 1]
[label_gain: ]
[lambdarank_position_bias_regularization: 0]
[eval_at: ]
[multi_error_top_k: 1]
[auc_mu_weights: ]
[num_machines: 1]
[local_listen_port: 12400]
[time_out: 120]
[machine_list_filename: ]
[machines: ]
[gpu_platform_id: -1]
[gpu_device_id: -1]
[gpu_device_id_list: ]
[gpu_use_dp: 0]
[num_gpu: 1]

end of parameters

pandas_categorical:[["Dry Van", "Flatbed", "Reefer"], ["Albany", "Albuquerque", "Amarillo", "Atlanta", "Austin", "Bakersfield", "Baltimore", "Baton Rouge", "Birmingham", "Boston", "Buffalo", "Charleston", "Chattanooga", "Cincinnati", "Columbia", "Corpus Christi", "Dallas", "Dayton", "Detroit", "El Paso", "Fort Wayne", "Fresno", "Grand Rapids", "Green Bay", "Greensboro", "Harrisburg", "Hartford", "Houston", "Indianapolis", "Jacksonville", "Kansas City", "Las Vegas", "Lexington", "Little Rock", "Los Angeles", "Louisville", "Lubbock", "Madison", "Memphis", "Milwaukee", "Mobile", "Montgomery", "Nashville", "New Orleans", "New York", "Oklahoma City", "Philadelphia", "Phoenix", "Providence", "Raleigh", "Reno", "Richmond", "Salt Lake City", "San Antonio", "San Francisco", "Savannah", "Shreveport", "St. Louis", "Syracuse", "Tampa", "Toledo", "Tucson", "Tulsa", "Washington"], ["Albany", "Albuquerque", "Amarillo", "Atlanta", "Austin", "Bakersfield", "Baltimore", "Baton Rouge", "Birmingham", "Boston", "Buffalo", "Charleston", "Chattanooga", "Cincinnati", "Columbia", "Corpus Christi", "Dallas", "Dayton", "Detroit", "El Paso", "Fort Wayne", "Fresno", "Grand Rapids", "Green Bay", "Greensboro", "Harrisburg", "Hartford", "Houston", "Indianapolis", "Jacksonville", "Kansas City", "Las Vegas", "Lexington", "Little Rock", "Los Angeles", "Louisville", "Lubbock", "Madison", "Memphis", "Milwaukee", "Mobile", "Montgomery", "Nashville", "New Orleans", "New York", "Oklahoma City", "Philadelphia", "Phoenix", "Providence", "Raleigh", "Reno", "Richmond", "Salt Lake City", "San Antonio", "San Francisco", "Savannah", "Shreveport", "St. Louis", "Syracuse", "Tampa", "Toledo", "Tucson", "Tulsa", "Washington"]]
